Collision Id,	Report Number,	Report Version,	Is Preliminary,	NCIC Code,Crash Date Time,	Crash Time Description,	Beat,City Id,	City Code,	City Name,County Code,	City Is Active,	City Is Incorporated,	Collision Type Code,Collision Type Description,	Collision Type Other Desc,	Day Of Week,	DispatchNotified,	HasPhotographs,	HitRun,	IsAttachmentsMailed,	IsDeleted,	IsHighwayRelated,	IsTowAway,	JudicialDistrict,	MotorVehicleInvolvedWithCode,	MotorVehicleInvolvedWithDesc,MotorVehicleInvolvedWithOtherDesc,	NumberInjured,	NumberKilled,Weather 1, Weather 2, Road Condition 1, Road Condition 2, Special Condition,LightingCode, LightingDescription,Latitude,Longitude,MilepostDirection,MilepostDistance,MilepostMarker,MilepostUnitOfMeasure,	PedestrianActionCode,PedestrianActionDesc,PreparedDate,	Primary Collision Factor Code,Primary Collision Factor Violation,PrimaryCollisionFactorIsCited,	PrimaryCollisionPartyNumber,	PrimaryRoad,	ReportingDistrict,	ReportingDistrictCode,ReviewedDate,	RoadwaySurfaceCode,SecondaryDirection,	SecondaryDistance,	SecondaryRoad,	SecondaryUnitOfMeasure,	SketchDesc,	TrafficControlDeviceCode,CreatedDate,	ModifiedDate,IsCountyRoad,IsFreeway,CHP555Version,	IsAdditonalObjectStruck,NotificationDate,	NotificationTimeDescription,	HasDigitalMediaFiles,	EvidenceNumber,	IsLocationReferToNarrative,	IsAOIOneSameAsLocation
100285,9340-2016-2345,1,False,9340,1/21/2016 8:30:00 AM,830,083,1368,4313,San Jose,43,True,True,C,REAR END,,Thursday,NotApplicable,False,,,False,True,True,Santa Clara Superior,C,OTHER MOTOR VEHICLE,,0,0,CLOUDY,, NO UNUSUAL CONDITIONS,, ,A,DAYLIGHT,37.255867,-121.867088,,,,,A,NO PEDESTRIANS INVOLVED,1/21/2016 12:00:00 AM,A,22350,False,2.0,SR-85 N/B,,,1/21/2016 4:19:19 PM,A,N,200.0,Winfield Dr,F,,D,1/21/2016 4:19:47 PM,1/21/2016 4:19:47 PM,,,2,,,,,,,
100166,9340-2016-2338,1,False,9340,1/20/2016 11:15:00 AM,1115,240,1368,4313,San Jose,43,True,True,B,SIDE SWIPE,,Wednesday,NotApplicable,False,,,False,True,False,Santa Clara Superior,C,OTHER MOTOR VEHICLE,,0,0,CLEAR,, NO UNUSUAL CONDITIONS,, ,A,DAYLIGHT,37.42211,-121.93274,,,,,A,NO PEDESTRIANS INVOLVED,1/20/2016 12:00:00 AM,A,21658(a),False,1.0,SR-237 W/B,,,1/21/2016 3:09:28 PM,A,E,785.0,Zanker Rd,F,REFER TO PG. #3,D,1/21/2016 3:09:50 PM,1/21/2016 3:09:50 PM,,,2,,,,,,,
100160,9340-2016-2245,1,False,9340,1/15/2016 3:25:00 PM,1525,901,1368,4313,San Jose,43,True,True,B,SIDE SWIPE,,Friday,NotApplicable,False,M,,False,False,False,Santa Clara Superior,C,OTHER MOTOR VEHICLE,,0,0,CLEAR,, NO UNUSUAL CONDITIONS,, School Bus Collision,A,DAYLIGHT,37.29315,-121.83295,,,,,A,NO PEDESTRIANS INVOLVED,1/15/2016 12:00:00 AM,A,21755,False,1.0,Senter Road N/B ,,,1/21/2016 3:03:32 PM,A,S,50.0,Capitol Expy,F,,A,1/21/2016 3:05:53 PM,1/21/2016 3:05:53 PM,,,2,,,,,,,
100119,9340-2016-2339,1,False,9340,1/21/2016 10:05:00 AM,1005,088,1368,4313,San Jose,43,True,True,C,REAR END,,Thursday,NotApplicable,False,,,False,True,True,Santa Clara Superior,C,OTHER MOTOR VEHICLE,,1,0,CLEAR,, NO UNUSUAL CONDITIONS,, ,A,DAYLIGHT,37.32639,-121.94097,,,,,A,NO PEDESTRIANS INVOLVED,1/21/2016 12:00:00 AM,A,22350,False,1.0,I-880 S/B,,,1/21/2016 2:39:15 PM,A,N,498.0,Stevens Creek Blvd,F,REFER TO PG. #4,D,1/21/2016 2:39:42 PM,1/21/2016 2:39:42 PM,,,2,,,,,,,
100091,9340-2016-2312,1,False,9340,1/19/2016 10:50:00 PM,2250,901,1368,4313,San Jose,43,True,True,E,HIT OBJECT,,Tuesday,NotApplicable,False,,,False,False,True,Santa Clara Superior,I,FIXED OBJECT,METAL POLE,0,0,CLEAR,, NO UNUSUAL CONDITIONS,, ,C,DARK-STREET LIGHTS,37.36749,-121.90021,,,,,A,NO PEDESTRIANS INVOLVED,1/19/2016 12:00:00 AM,A,22107,False,1.0,Gish Road S/B,,,1/21/2016 2:27:54 PM,A,N,100.0,Old Bayshore Hwy,F,,D,1/21/2016 2:28:23 PM,1/21/2016 2:28:23 PM,,,2,,,,,,,
100071,9340-2016-2263,1,False,9340,1/16/2016 11:50:00 PM,2350,110,1368,4313,San Jose,43,True,True,B,SIDE SWIPE,,Saturday,NotApplicable,False,M,,False,True,False,Santa Clara Superior,C,OTHER MOTOR VEHICLE,,0,0,CLEAR,, NO UNUSUAL CONDITIONS,, ,C,DARK-STREET LIGHTS,37.267888,-121.802166,,,,,A,NO PEDESTRIANS INVOLVED,1/16/2016 12:00:00 AM,A,21658(a),False,1.0,US-101 N/B S/O HELLYER AVENUE,,,1/21/2016 2:18:06 PM,A,S,1000.0,HELLYR AVENUE,F,,D,1/21/2016 2:18:39 PM,1/21/2016 2:18:39 PM,,,2,,,,,,,
100060,9340-2016-2242,1,False,9340,1/15/2016 7:50:00 PM,1950,110,1368,4313,San Jose,43,True,True,C,REAR END,,Friday,NotApplicable,False,F,,False,True,True,Santa Clara Superior,C,OTHER MOTOR VEHICLE,,1,0,CLEAR,, NO UNUSUAL CONDITIONS,, ,D,DARK-NO STREET LIGHTS,37.31157,-121.82464,,,,,A,NO PEDESTRIANS INVOLVED,1/15/2016 12:00:00 AM,A,22350,False,1.0,US101 N/B,,,1/21/2016 2:11:54 PM,A,S,3200.0,Tully Rd,F,,D,1/21/2016 2:12:36 PM,1/21/2016 2:12:36 PM,,,2,,,,,,,
100051,9340-2016-2336,1,False,9340,1/20/2016 10:30:00 AM,1030,240,1368,4313,San Jose,43,True,True,C,REAR END,,Wednesday,NotApplicable,False,,,False,True,True,Santa Clara Superior,C,OTHER MOTOR VEHICLE,,2,0,CLEAR,, NO UNUSUAL CONDITIONS,, ,A,DAYLIGHT,37.421532,-121.934662,,,,,A,NO PEDESTRIANS INVOLVED,1/20/2016 12:00:00 AM,A,22350,False,1.0,SR-237 W/B,,,1/21/2016 2:07:18 PM,A,E,334.0,Zanker Rd,F,REFER TO PG. #4,D,1/21/2016 2:07:45 PM,1/21/2016 2:07:45 PM,,,2,,,,,,,
100029,9340-2016-2326,1,False,9340,1/20/2016 3:55:00 PM,1555,120,1368,4313,San Jose,43,True,True,B,SIDE SWIPE,,Wednesday,NotApplicable,False,,,False,True,False,Santa Clara Superior,C,OTHER MOTOR VEHICLE,,0,0,CLEAR,, NO UNUSUAL CONDITIONS,, ,A,DAYLIGHT,37.22,-121.5424,,,,,A,NO PEDESTRIANS INVOLVED,1/20/2016 12:00:00 AM,A,21658(a),False,2.0,US-101 S/B,,,1/21/2016 1:58:37 PM,A,N,0.25,I-880,M,,D,1/21/2016 1:59:11 PM,1/21/2016 1:59:11 PM,,,2,,,,,,,
100002,9340-2016-2294,1,False,9340,1/19/2016 9:18:00 AM,918,085,1368,4313,San Jose,43,True,True,C,REAR END,,Tuesday,NotApplicable,False,,,False,True,True,Santa Clara Superior,C,OTHER MOTOR VEHICLE,,0,0,CLOUDY,RAINING, OBSTRUCTION ON ROADWAY*,, ,A,DAYLIGHT,37.259053,-121.966566,N,400.0,85 SCL R10.997,F,A,NO PEDESTRIANS INVOLVED,1/19/2016 12:00:00 AM,A,22350,False,2.0,SR-85 S/B,,,1/21/2016 1:46:52 PM,B,N,400.0,Winchester Blvd,F,,D,1/21/2016 1:47:20 PM,1/21/2016 1:47:20 PM,,,2,,,,,,,
99970,9340-2016-2320,1,False,9340,1/20/2016 4:10:00 PM,1610,110,1368,4313,San Jose,43,True,True,C,REAR END,,Wednesday,NotApplicable,False,,,False,True,False,Santa Clara Superior,C,OTHER MOTOR VEHICLE,,0,0,CLEAR,, NO UNUSUAL CONDITIONS,, ,A,DAYLIGHT,37.30343,-121.81763,,,,,A,NO PEDESTRIANS INVOLVED,1/20/2016 12:00:00 AM,A,22350,False,1.0,US-101 S/B from Capitol Expressway W/B,,,1/21/2016 1:26:57 PM,A,N,210.0,Capitol Expressway,F,,D,1/21/2016 1:27:35 PM,1/21/2016 1:27:35 PM,,,2,,,,,,,
99933,9340-2016-2321,1,False,9340,1/20/2016 3:30:00 PM,1530,110,1368,4313,San Jose,43,True,True,D,BROADSIDE,,Wednesday,NotApplicable,False,,,False,True,False,Santa Clara Superior,C,OTHER MOTOR VEHICLE,,0,0,CLOUDY,, NO UNUSUAL CONDITIONS,, ,A,DAYLIGHT,37.26139,-121.79961,,,,,A,NO PEDESTRIANS INVOLVED,1/20/2016 12:00:00 AM,A,22350,False,1.0,US-101 N/B,,,1/21/2016 1:08:27 PM,A,N,1900.0,Blossom Hill Road,F,,D,1/21/2016 1:08:58 PM,1/21/2016 1:08:58 PM,,,2,,,,,,,
99878,9340-2016-2329,1,False,9340,1/20/2016 3:15:00 PM,1515,110,1368,4313,San Jose,43,True,True,C,REAR END,,Wednesday,NotApplicable,False,,,False,True,False,Santa Clara Superior,C,OTHER MOTOR VEHICLE,,0,0,CLEAR,, NO UNUSUAL CONDITIONS,, ,A,DAYLIGHT,37.36442,-121.9029,,,,,A,NO PEDESTRIANS INVOLVED,1/20/2016 12:00:00 AM,A,22350,False,,US-101 S/B,,,1/21/2016 12:35:22 PM,A,N,100.0,I-880,F,,D,1/21/2016 12:35:55 PM,1/21/2016 12:35:55 PM,,,2,,,,,,,
99842,9340-2016-2327,1,False,9340,1/20/2016 5:30:00 PM,1730,089,1368,4313,San Jose,43,True,True,B,SIDE SWIPE,,Wednesday,NotApplicable,False,,,False,True,False,Santa Clara Superior,C,OTHER MOTOR VEHICLE,,0,0,CLEAR,, NO UNUSUAL CONDITIONS,, ,D,DARK-NO STREET LIGHTS,37.37816,-121.90366,,,,,A,NO PEDESTRIANS INVOLVED,1/20/2016 12:00:00 AM,A,22350,False,1.0,I-880 S/B,,,1/21/2016 12:07:51 PM,A,S,1400.0,Brokaw Road,F,,D,1/21/2016 12:08:24 PM,1/21/2016 12:08:24 PM,,,2,,,,,,,
99838,9340-2016-2230,1,False,9340,1/15/2016 3:32:00 AM,332,089,1368,4313,San Jose,43,True,True,C,REAR END,,Friday,NotApplicable,False,M,,False,True,False,Santa Clara Superior,C,OTHER MOTOR VEHICLE,,0,0,CLOUDY,, NO UNUSUAL CONDITIONS,, ,C,DARK-STREET LIGHTS,37.35927,-121.90837,,,,,A,NO PEDESTRIANS INVOLVED,1/15/2016 12:00:00 AM,A,22350,False,1.0,I-880 S/B,,,1/21/2016 12:05:29 PM,B,N,100.0,US-101,F,,D,1/21/2016 12:06:06 PM,1/21/2016 12:06:06 PM,,,2,,,,,,,
99812,9340-2016-2323,1,False,9340,1/20/2016 5:33:00 PM,1733,282,1368,4313,San Jose,43,True,True,C,REAR END,,Wednesday,NotApplicable,False,,,False,True,False,Santa Clara Superior,C,OTHER MOTOR VEHICLE,,1,0,CLEAR,, NO UNUSUAL CONDITIONS,, ,D,DARK-NO STREET LIGHTS,37.31655,-121.95259,,,,,A,NO PEDESTRIANS INVOLVED,1/20/2016 12:00:00 AM,A,22350,False,1.0,I-280 S/B to Winchester Blvd,,,1/21/2016 11:36:22 AM,A,N,400.0,Winchester Blvd,F,,D,1/21/2016 11:37:02 AM,1/21/2016 11:37:02 AM,,,2,,,,,,,
99760,9340-2016-2315,1,False,9340,1/20/2016 2:30:00 AM,230,530,1368,4313,San Jose,43,True,True,D,BROADSIDE,,Wednesday,NotApplicable,False,,,False,False,True,Santa Clara Superior,C,OTHER MOTOR VEHICLE,,0,0,CLEAR,, NO UNUSUAL CONDITIONS,, ,C,DARK-STREET LIGHTS,37.39362,-121.91934,,,,,A,NO PEDESTRIANS INVOLVED,1/20/2016 12:00:00 AM,A,21453(a),False,1.0,Montague Expy W/B,,,1/21/2016 10:55:16 AM,A,,,Trimble Rd,,,A,1/21/2016 10:55:46 AM,1/21/2016 10:55:46 AM,,,2,,,,,,,
99645,9340-2016-2295,1,False,9340,1/19/2016 12:20:00 PM,1220,083,1368,4313,San Jose,43,True,True,C,REAR END,,Tuesday,NotApplicable,False,,,False,True,True,Santa Clara Superior,C,OTHER MOTOR VEHICLE,,1,0,CLOUDY,, NO UNUSUAL CONDITIONS,, ,A,DAYLIGHT,37.251708,-121.839924,,,,,A,NO PEDESTRIANS INVOLVED,1/19/2016 12:00:00 AM,A,22350,False,2.0,SR-85 S/B to Blossom Hill Road,,,1/21/2016 9:45:55 AM,B,N,350.0,Blossom Hill Road,F,,A,1/21/2016 9:47:13 AM,1/21/2016 9:47:13 AM,,,2,,,,,,,
99610,9340-2016-2287,1,False,9340,1/18/2016 4:55:00 PM,1655,120,1368,4313,San Jose,43,True,True,C,REAR END,,Monday,NotApplicable,False,,,False,True,False,Santa Clara Superior,C,OTHER MOTOR VEHICLE,,0,0,CLOUDY,, NO UNUSUAL CONDITIONS,, ,B,DUSK-DAWN,37.225,-121.54,,,,,A,NO PEDESTRIANS INVOLVED,1/18/2016 12:00:00 AM,A,22350,False,2.0,US-101 N/B,,,1/21/2016 9:28:45 AM,A,S,50.0,N. 10th Street,F,,D,1/21/2016 9:29:18 AM,1/21/2016 9:29:18 AM,,,2,,,,,,,
99404,9340-2016-2284,1,False,9340,1/18/2016 6:05:00 PM,1805,087,1368,4313,San Jose,43,True,True,C,REAR END,,Monday,NotApplicable,False,,,False,True,True,Santa Clara Superior,C,OTHER MOTOR VEHICLE,,0,0,CLOUDY,, NO UNUSUAL CONDITIONS,, ,D,DARK-NO STREET LIGHTS,37.89999,-121.8999,,,,,A,NO PEDESTRIANS INVOLVED,1/18/2016 12:00:00 AM,A,22350,False,1.0,SR-87 N/B,,,1/21/2016 7:07:24 AM,A,N,1000.0,Almaden Expy,F,,D,1/21/2016 7:08:02 AM,1/21/2016 7:08:02 AM,,,2,,,,,,,
99131,9340-2016-2238,1,False,9340,1/1/2016 7:15:00 PM,1915,087,1368,4313,San Jose,43,True,True,B,SIDE SWIPE,,Friday,NotApplicable,False,M,,False,True,False,Santa Clara Superior,C,OTHER MOTOR VEHICLE,,0,0,CLEAR,, NO UNUSUAL CONDITIONS,, Late-Reported,D,DARK-NO STREET LIGHTS,37.15189,-121.519,,,,,A,NO PEDESTRIANS INVOLVED,1/1/2016 12:00:00 AM,A,22107,False,,SR-87 S/B TO SR-85 S/B,,,1/20/2016 2:53:45 PM,A,S,0.34,Santa Teresa Blvd,M,,D,1/20/2016 2:54:32 PM,1/20/2016 2:54:32 PM,,,2,,,,,,,
99093,9340-2016-2318,1,False,9340,1/20/2016 12:15:00 PM,1215,110,1368,4313,San Jose,43,True,True,C,REAR END,,Wednesday,NotApplicable,False,,,False,True,False,Santa Clara Superior,C,OTHER MOTOR VEHICLE,,0,0,CLEAR,, NO UNUSUAL CONDITIONS,, ,A,DAYLIGHT,37.3839,-121.9115,,,,,A,NO PEDESTRIANS INVOLVED,1/20/2016 12:00:00 AM,A,22350,False,1.0,US-101 N/B,,,1/20/2016 2:25:11 PM,A,S,20.0,Taylor Street,F,,D,1/20/2016 2:25:40 PM,1/20/2016 2:25:40 PM,,,2,,,,,,,
99062,9340-2016-2304,1,False,9340,1/19/2016 3:30:00 PM,1530,230,1368,4313,San Jose,43,True,True,C,REAR END,,Tuesday,NotApplicable,False,,,False,True,False,Santa Clara Superior,C,OTHER MOTOR VEHICLE,,0,0,CLOUDY,, NO UNUSUAL CONDITIONS,, ,A,DAYLIGHT,37.48762,-121.99463,,,,,A,NO PEDESTRIANS INVOLVED,1/19/2016 12:00:00 AM,A,22350,False,1.0,SR-237 E/B,,,1/20/2016 2:03:54 PM,B,W,1200.0,North First Street,F,,D,1/20/2016 2:05:28 PM,1/20/2016 2:05:28 PM,,,2,,,,,,,
98986,9340-2016-2298,1,False,9340,1/19/2016 5:20:00 AM,520,110,1368,4313,San Jose,43,True,True,C,REAR END,,Tuesday,NotApplicable,False,,,False,True,False,Santa Clara Superior,C,OTHER MOTOR VEHICLE,,0,0,CLOUDY,RAINING, NO UNUSUAL CONDITIONS,, ,B,DUSK-DAWN,37.36535,-121.8774,,,,,A,NO PEDESTRIANS INVOLVED,1/19/2016 12:00:00 AM,A,22350,False,1.0,US-101 N.B. RAMP FROM E. TULLY RD,,,1/20/2016 1:19:25 PM,B,S,200.0,tully road,F,,A,1/20/2016 1:19:56 PM,1/20/2016 1:19:56 PM,,,2,,,,,,,
98925,9340-2016-2286,1,False,9340,1/18/2016 2:50:00 PM,1450,089,1368,4313,San Jose,43,True,True,C,REAR END,,Monday,NotApplicable,False,,,False,True,False,Santa Clara Superior,C,OTHER MOTOR VEHICLE,,1,0,CLOUDY,, NO UNUSUAL CONDITIONS,, ,A,DAYLIGHT,37.2247,-121.5413,,,,,A,NO PEDESTRIANS INVOLVED,1/18/2016 12:00:00 AM,A,22350,False,2.0,I-880 S/B,,,1/20/2016 12:38:03 PM,A,S,50.0,Brokaw Rd,F,,D,1/20/2016 12:38:38 PM,1/20/2016 12:38:38 PM,,,2,,,,,,,
98911,9725-2016-5047,1,False,9725,1/17/2016 4:10:00 PM,1610,013,1368,4313,San Jose,43,True,True,E,HIT OBJECT,,Sunday,NotApplicable,False,,,False,True,True,Santa Clara Superior,I,FIXED OBJECT,CONCRETE MEDIAN,1,0,CLOUDY,, NO UNUSUAL CONDITIONS,, ,A,DAYLIGHT,37.17584,-121.67655,N,0.3,101 SCL 18.704,M,A,NO PEDESTRIANS INVOLVED,1/17/2016 12:00:00 AM,A,22107,False,1.0,US-101 S/B,,,1/20/2016 12:21:28 PM,B,N,0.3,Burnett Ave,M,,D,1/20/2016 12:26:30 PM,1/20/2016 12:26:30 PM,,,2,,,,,,,
98879,9340-2016-2243,1,False,9340,1/15/2016 5:50:00 PM,1750,087,1368,4313,San Jose,43,True,True,C,REAR END,,Friday,NotApplicable,False,,,False,True,True,Santa Clara Superior,C,OTHER MOTOR VEHICLE,,1,0,CLEAR,, NO UNUSUAL CONDITIONS,, ,D,DARK-NO STREET LIGHTS,37.26597,-121.85922,,,,,A,NO PEDESTRIANS INVOLVED,1/15/2016 12:00:00 AM,A,22350,False,1.0,SR-87 S/B,,,1/20/2016 11:51:13 AM,A,S,500.0,Capitol Expy,F,,D,1/20/2016 11:51:51 AM,1/20/2016 11:51:51 AM,,,2,,,,,,,
98811,9340-2016-2285,1,False,9340,1/18/2016 6:50:00 PM,1850,087,1368,4313,San Jose,43,True,True,C,REAR END,,Monday,NotApplicable,False,,,False,True,True,Santa Clara Superior,C,OTHER MOTOR VEHICLE,,0,0,CLOUDY,, NO UNUSUAL CONDITIONS,, ,D,DARK-NO STREET LIGHTS,37.8999,-121.8999,,,,,A,NO PEDESTRIANS INVOLVED,1/18/2016 12:00:00 AM,A,22107,False,1.0,SR-87 N/B,,,1/20/2016 10:53:48 AM,A,S,1000.0,Almaden Expy,F,,D,1/20/2016 10:55:15 AM,1/20/2016 10:55:15 AM,,,2,,,,,,,
98669,9340-2016-2280,1,False,9340,1/18/2016 8:40:00 AM,840,281,1368,4313,San Jose,43,True,True,C,REAR END,,Monday,NotApplicable,False,,,False,True,False,Santa Clara Superior,C,OTHER MOTOR VEHICLE,,0,0,CLOUDY,RAINING, NO UNUSUAL CONDITIONS,, ,A,DAYLIGHT,37.326377,-121.902764,,,,,A,NO PEDESTRIANS INVOLVED,1/18/2016 12:00:00 AM,A,22350 vc,False,1.0,I-280 s/b to 7th Street,,,1/20/2016 9:23:26 AM,B,N,1700.0,7th street,F,,D,1/20/2016 9:24:14 AM,1/20/2016 9:24:14 AM,,,2,,,,,,,
98655,9340-2016-2279,1,False,9340,1/18/2016 1:00:00 PM,1300,110,1368,4313,San Jose,43,True,True,B,SIDE SWIPE,,Monday,NotApplicable,False,,,False,True,True,Santa Clara Superior,C,OTHER MOTOR VEHICLE,,0,0,CLOUDY,, NO UNUSUAL CONDITIONS,, ,A,DAYLIGHT,37.27188,-121.80327,S,0.2,101 SCL 30.097,M,A,NO PEDESTRIANS INVOLVED,1/18/2016 12:00:00 AM,A,22107,False,1.0,US-101 N.B.,,,1/20/2016 9:08:26 AM,A,S,0.2,Hellyer Ave,M,,D,1/20/2016 9:17:34 AM,1/20/2016 9:17:34 AM,,,2,,,,,,,
98630,9340-2016-2277,1,False,9340,1/18/2016 6:30:00 AM,630,087,1368,4313,San Jose,43,True,True,B,SIDE SWIPE,,Monday,NotApplicable,False,,,False,True,False,Santa Clara Superior,C,OTHER MOTOR VEHICLE,,0,0,CLOUDY,RAINING, NO UNUSUAL CONDITIONS,, ,B,DUSK-DAWN,37.345466,-121.902675,,,,,A,NO PEDESTRIANS INVOLVED,1/18/2016 12:00:00 AM,A,21658(a) vc,False,1.0,SR-87 N/B,,,1/20/2016 9:00:10 AM,B,S,200.0,taylor street,F,,D,1/20/2016 9:00:40 AM,1/20/2016 9:00:40 AM,,,2,,,,,,,
98613,9340-2016-2276,1,False,9340,1/18/2016 5:40:00 AM,540,281,1368,4313,San Jose,43,True,True,D,BROADSIDE,,Monday,NotApplicable,False,,,False,True,True,Santa Clara Superior,D,MOTOR VEHICLE ON OTHER ROADWAY,,0,0,CLOUDY,RAINING, NO UNUSUAL CONDITIONS,, ,C,DARK-STREET LIGHTS,37.317663,-121.935479,,,,,A,NO PEDESTRIANS INVOLVED,1/18/2016 12:00:00 AM,A,21658(A) VC,False,1.0,I-280 N/B TO i-880,,,1/20/2016 8:51:35 AM,B,S,1200.0,I-880,F,,D,1/20/2016 8:52:11 AM,1/20/2016 8:52:11 AM,,,2,,,,,,,
98591,9340-2016-2278,1,False,9340,1/17/2016 12:00:00 AM,2500,131,1368,4313,San Jose,43,True,True,B,SIDE SWIPE,,Sunday,NotApplicable,False,M,,False,False,False,Santa Clara Superior,E,PARKED MOTOR VEHICLE,,0,0,CLOUDY,RAINING, NO UNUSUAL CONDITIONS,, ,D,DARK-NO STREET LIGHTS,37.36606,-121.82817,,,,,A,NO PEDESTRIANS INVOLVED,1/17/2016 12:00:00 AM,A,22107,False,1.0,ALUM ROCK AVE W.B.,,,1/20/2016 8:38:21 AM,B,W,200.0,Sunnyslope Ave,F,,D,1/20/2016 8:38:51 AM,1/20/2016 8:38:51 AM,,,2,,,,,,,
98573,9340-2016-2244,1,False,9340,1/15/2016 4:15:00 PM,1615,281,1368,4313,San Jose,43,True,True,E,HIT OBJECT,,Friday,NotApplicable,False,,,False,True,False,Santa Clara Superior,J,OTHER OBJECT,Unknown Debris,0,0,CLEAR,, NO UNUSUAL CONDITIONS,, ,A,DAYLIGHT,37.31508,-121.90962,,,,,A,NO PEDESTRIANS INVOLVED,1/15/2016 12:00:00 AM,C,,,,I-280 N/B,,,1/20/2016 8:27:26 AM,A,S,500.0,Race St,F,,D,1/20/2016 8:28:00 AM,1/20/2016 8:28:00 AM,,,2,,,,,,,
98524,9340-2016-2240,1,False,9340,1/15/2016 5:50:00 PM,1750,281,1368,4313,San Jose,43,True,True,B,SIDE SWIPE,,Friday,NotApplicable,False,M,,False,True,False,Santa Clara Superior,C,OTHER MOTOR VEHICLE,,0,0,CLEAR,, NO UNUSUAL CONDITIONS,, ,D,DARK-NO STREET LIGHTS,37.3888,-121.9999,,,,,A,NO PEDESTRIANS INVOLVED,1/15/2016 12:00:00 AM,A,22107,False,1.0,1-280 NB FROM 4TH STREET,,,1/20/2016 7:53:42 AM,A,S,500.0,3rd St,F,,D,1/20/2016 7:54:24 AM,1/20/2016 7:54:24 AM,,,2,,,,,,,
98492,9340-2016-2201,1,False,9340,1/13/2016 9:40:00 AM,940,087,1368,4313,San Jose,43,True,True,C,REAR END,,Wednesday,NotApplicable,False,M,,False,True,False,Santa Clara Superior,C,OTHER MOTOR VEHICLE,,0,0,CLOUDY,, NO UNUSUAL CONDITIONS,, ,A,DAYLIGHT,37.27953,-121.8645,N,0.3, 087 SCL 1.34,M,A,NO PEDESTRIANS INVOLVED,1/13/2016 12:00:00 AM,A,22350,False,4.0,SR-87 N/B ,,,1/20/2016 7:33:07 AM,A,N,0.3,CAPITOL EXPWY,M,,D,1/20/2016 7:33:58 AM,1/20/2016 7:33:58 AM,,,2,,,,,,,
98477,9340-2016-0121,1,False,9340,1/8/2016 8:30:00 AM,830,901,1368,4313,San Jose,43,True,True,B,SIDE SWIPE,,Friday,NotApplicable,False,,,False,False,False,Santa Clara Superior,E,PARKED MOTOR VEHICLE,,0,0,CLOUDY,, NO UNUSUAL CONDITIONS,, School Bus Collision,A,DAYLIGHT,37.212082,-121.838066,,,,,A,NO PEDESTRIANS INVOLVED,1/8/2016 12:00:00 AM,A,22107,False,1.0,Shearwater Drive,,,1/20/2016 7:24:17 AM,A,S,7.0,Foxswallow Ct,F,,D,1/20/2016 7:25:23 AM,1/20/2016 7:25:23 AM,,,2,,,,,,,
98447,9340-2016-2212,1,False,9340,1/14/2016 6:55:00 AM,655,901,1368,4313,San Jose,43,True,True,C,REAR END,,Thursday,NotApplicable,False,,,False,False,False,Santa Clara Superior,C,OTHER MOTOR VEHICLE,,0,0,CLOUDY,, NO UNUSUAL CONDITIONS,, School Bus Collision,B,DUSK-DAWN,37.279578,-121.836519,,,,,A,NO PEDESTRIANS INVOLVED,1/14/2016 12:00:00 AM,A,22106,False,1.0,Monterey St n/b from Capitol Expwy e/b,,,1/20/2016 6:40:36 AM,A,S,160.0,Capitol Expy,F,,D,1/20/2016 6:41:24 AM,1/20/2016 6:41:24 AM,,,2,,,,,,,
98434,9340-2016-2200,1,False,9340,1/13/2016 5:35:00 AM,535,085,1368,4313,San Jose,43,True,True,C,REAR END,,Wednesday,NotApplicable,False,M,,False,True,False,Santa Clara Superior,C,OTHER MOTOR VEHICLE,,0,0,RAINING,, NO UNUSUAL CONDITIONS,, ,D,DARK-NO STREET LIGHTS,37.259042,-121.964408,,,,,A,NO PEDESTRIANS INVOLVED,1/13/2016 12:00:00 AM,A,22350,False,1.0,SR-85 N/B,,,1/20/2016 6:20:17 AM,B,N,500.0,Winchester Blvd,F,,D,1/20/2016 6:20:49 AM,1/20/2016 6:20:49 AM,,,2,,,,,,,
97309,9340-2016-0156,1,False,9340,1/10/2016 2:45:00 PM,1445,281,1368,4313,San Jose,43,True,True,C,REAR END,,Sunday,NotApplicable,False,,,False,True,True,Santa Clara Superior,C,OTHER MOTOR VEHICLE,,0,0,CLOUDY,, NO UNUSUAL CONDITIONS,, ,A,DAYLIGHT,37.18524,-121.544173,,,,,A,NO PEDESTRIANS INVOLVED,1/10/2016 12:00:00 AM,A,22350,False,1.0,I-280 N/B,,,1/19/2016 5:28:06 AM,A,N,100.0,Race Street,F,,D,1/19/2016 5:28:39 AM,1/19/2016 5:28:39 AM,,,2,,,,,,,