Collision Id,	Report Number,	Report Version,	Is Preliminary,	NCIC Code,Crash Date Time,	Crash Time Description,	Beat,City Id,	City Code,	City Name,County Code,	City Is Active,	City Is Incorporated,	Collision Type Code,Collision Type Description,	Collision Type Other Desc,	Day Of Week,	DispatchNotified,	HasPhotographs,	HitRun,	IsAttachmentsMailed,	IsDeleted,	IsHighwayRelated,	IsTowAway,	JudicialDistrict,	MotorVehicleInvolvedWithCode,	MotorVehicleInvolvedWithDesc,MotorVehicleInvolvedWithOtherDesc,	NumberInjured,	NumberKilled,Weather 1, Weather 2, Road Condition 1, Road Condition 2, Special Condition,LightingCode, LightingDescription,Latitude,Longitude,MilepostDirection,MilepostDistance,MilepostMarker,MilepostUnitOfMeasure,	PedestrianActionCode,PedestrianActionDesc,PreparedDate,	Primary Collision Factor Code,Primary Collision Factor Violation,PrimaryCollisionFactorIsCited,	PrimaryCollisionPartyNumber,	PrimaryRoad,	ReportingDistrict,	ReportingDistrictCode,ReviewedDate,	RoadwaySurfaceCode,SecondaryDirection,	SecondaryDistance,	SecondaryRoad,	SecondaryUnitOfMeasure,	SketchDesc,	TrafficControlDeviceCode,CreatedDate,	ModifiedDate,IsCountyRoad,IsFreeway,CHP555Version,	IsAdditonalObjectStruck,NotificationDate,	NotificationTimeDescription,	HasDigitalMediaFiles,	EvidenceNumber,	IsLocationReferToNarrative,	IsAOIOneSameAsLocation
126612,9340-2016-5729,1,False,9340,2/25/2016 8:50:00 PM,2050,088,1368,4313,San Jose,43,True,True,F,OVERTURNED,,Thursday,Yes,False,,,False,True,True,Santa Clara Superior,I,FIXED OBJECT,GROUND,1,0,CLEAR,, NO UNUSUAL CONDITIONS,, ,D,DARK-NO STREET LIGHTS,37.31832,-121.93972,,,,,A,NO PEDESTRIANS INVOLVED,2/25/2016 12:00:00 AM,A,22350,False,1.0,I-880 N/B TO I-280 N/B,,,3/1/2016 11:25:38 AM,A,N,300.0,I-280,F,,D,3/1/2016 11:26:17 AM,3/1/2016 11:26:17 AM,,,2,,,,,,,
126471,9340-2016-5679,1,False,9340,2/3/2016 8:20:00 AM,820,088,1368,4313,San Jose,43,True,True,B,SIDE SWIPE,,Wednesday,NotApplicable,False,,,False,True,False,Santa Clara Superior,C,OTHER MOTOR VEHICLE,,0,0,CLEAR,, NO UNUSUAL CONDITIONS,, School Bus Collision,A,DAYLIGHT,37.359703,-121.905738,,,,,A,NO PEDESTRIANS INVOLVED,2/3/2016 12:00:00 AM,A,22350,False,1.0,I-880 S/B,,,3/1/2016 10:10:38 AM,A,N,300.0,FIRST ST.,F,,D,3/1/2016 10:11:35 AM,3/1/2016 10:11:35 AM,,,2,,,,,,,
126406,9340-2016-5644,1,False,9340,2/22/2016 5:10:00 PM,1710,087,1368,4313,San Jose,43,True,True,E,HIT OBJECT,,Monday,NotApplicable,False,,,False,True,True,Santa Clara Superior,I,FIXED OBJECT,CENTER MEDIAN,1,0,CLEAR,, NO UNUSUAL CONDITIONS,, ,A,DAYLIGHT,37.33194,-121.89657,,,,,A,NO PEDESTRIANS INVOLVED,2/22/2016 12:00:00 AM,A,22107,False,1.0,SR-87 N/B,,,3/1/2016 9:36:22 AM,A,N,500.0,Park Ave,F,,D,3/1/2016 9:36:57 AM,3/1/2016 9:36:57 AM,,,2,,,,,,,
126363,9340-2016-5214,1,False,9340,1/31/2016 7:10:00 PM,1910,281,1368,4313,San Jose,43,True,True,B,SIDE SWIPE,,Sunday,NotApplicable,False,M,,False,True,False,Santa Clara Superior,C,OTHER MOTOR VEHICLE,,0,0,CLEAR,, NO UNUSUAL CONDITIONS,, ,C,DARK-STREET LIGHTS,,,,,,,A,NO PEDESTRIANS INVOLVED,1/31/2016 12:00:00 AM,A,21658(a) VC,False,1.0,I-280 N/B,,,3/1/2016 9:12:00 AM,A,N,300.0,7TH STREET,F,,D,3/1/2016 9:12:36 AM,3/1/2016 9:12:36 AM,,,2,,,,,,,
126282,9340-2016-5593,1,False,9340,2/19/2016 8:53:00 AM,853,681,1368,4313,San Jose,43,True,True,C,REAR END,,Friday,NotApplicable,False,,,False,True,False,Santa Clara Superior,C,OTHER MOTOR VEHICLE,,1,0,CLOUDY,, NO UNUSUAL CONDITIONS,, ,A,DAYLIGHT,37.385978,-121.863949,,,,,A,NO PEDESTRIANS INVOLVED,2/19/2016 12:00:00 AM,A,22350,False,1.0,I-680 N/B from Berryessa Road,,,3/1/2016 8:28:40 AM,A,N,700.0,Berryessa Rd,F,,A,3/1/2016 8:29:16 AM,3/1/2016 8:29:16 AM,,,2,,,,,,,
126131,9340-2016-5220,1,False,9340,1/31/2016 10:14:00 PM,2214,681,1368,4313,San Jose,43,True,True,B,SIDE SWIPE,,Sunday,Yes,False,,,False,True,True,Santa Clara Superior,C,OTHER MOTOR VEHICLE,,3,0,CLEAR,, NO UNUSUAL CONDITIONS,, ,D,DARK-NO STREET LIGHTS,37.401971,-121.876477,,,,,A,NO PEDESTRIANS INVOLVED,1/31/2016 12:00:00 AM,A,22107,False,1.0,I-680 N/B,,,3/1/2016 6:10:06 AM,A,N,500.0,Capitol Ave,F,,D,3/1/2016 6:10:33 AM,3/1/2016 6:10:33 AM,,,2,,,,,,,
126034,9340-2016-5748,1,False,9340,2/26/2016 6:50:00 PM,1850,281,1368,4313,San Jose,43,True,True,C,REAR END,,Friday,NotApplicable,False,,,False,True,False,Santa Clara Superior,C,OTHER MOTOR VEHICLE,,0,0,CLEAR,, NO UNUSUAL CONDITIONS,, ,D,DARK-NO STREET LIGHTS,37.327686,-121.876319,,,,,A,NO PEDESTRIANS INVOLVED,2/26/2016 12:00:00 AM,A,22350,False,1.0,I-280 S/B,,,2/29/2016 4:29:10 PM,A,N,200.0,7th St,F,,D,2/29/2016 4:29:38 PM,2/29/2016 4:29:38 PM,,,2,,,,,,,
126018,9340-2016-5747,1,False,9340,2/26/2016 3:30:00 PM,1530,083,1368,4313,San Jose,43,True,True,C,REAR END,,Friday,NotApplicable,False,,,False,True,True,Santa Clara Superior,C,OTHER MOTOR VEHICLE,,0,0,CLEAR,, NO UNUSUAL CONDITIONS,, ,A,DAYLIGHT,37.24541,-121.82634,,,,,A,NO PEDESTRIANS INVOLVED,2/26/2016 12:00:00 AM,A,22350,False,1.0,SR-85 SB,,,2/29/2016 4:18:42 PM,A,S,1215.0,Snell Ave,F,,D,2/29/2016 4:19:13 PM,2/29/2016 4:19:13 PM,,,2,,,,,,,
126009,9340-2016-5753,1,False,9340,2/26/2016 9:30:00 PM,2130,901,1368,4313,San Jose,43,True,True,B,SIDE SWIPE,,Friday,NotApplicable,False,,,False,False,True,Santa Clara Superior,C,OTHER MOTOR VEHICLE,,0,0,CLEAR,, NO UNUSUAL CONDITIONS,, ,C,DARK-STREET LIGHTS,37.79483,-121.79382,,,,,A,NO PEDESTRIANS INVOLVED,2/26/2016 12:00:00 AM,A,21658(a),False,1.0,CAPITOL AVENUE N/B,,,2/29/2016 4:12:46 PM,A,S,100.0,I-680,F,,D,2/29/2016 4:13:52 PM,2/29/2016 4:13:52 PM,,,2,,,,,,,
125954,9340-2016-5727,1,False,9340,2/25/2016 7:20:00 PM,1920,281,1368,4313,San Jose,43,True,True,C,REAR END,,Thursday,Yes,False,,,False,True,True,Santa Clara Superior,C,OTHER MOTOR VEHICLE,,1,0,CLEAR,, NO UNUSUAL CONDITIONS,, ,D,DARK-NO STREET LIGHTS,37.31768,-121.93565,,,,,A,NO PEDESTRIANS INVOLVED,2/25/2016 12:00:00 AM,A,21658(a),False,1.0,I-280 N/B TO SR-17 S/B,,,2/29/2016 3:25:51 PM,A,S,1085.0,SR-17,F,,D,2/29/2016 3:26:31 PM,2/29/2016 3:26:31 PM,,,2,,,,,,,
125895,9340-2016-5720,1,False,9340,2/25/2016 6:42:00 PM,1842,089,1368,4313,San Jose,43,True,True,C,REAR END,,Thursday,NotApplicable,False,,,False,True,False,Santa Clara Superior,C,OTHER MOTOR VEHICLE,,0,0,CLEAR,, NO UNUSUAL CONDITIONS,, ,A,DAYLIGHT,37.36572,-121.90151,,,,,A,NO PEDESTRIANS INVOLVED,2/25/2016 12:00:00 AM,A,22350,False,1.0,I-880 S/B,,,2/29/2016 2:52:46 PM,A,N,1000.0,US-101,F,,D,2/29/2016 2:53:38 PM,2/29/2016 2:53:38 PM,,,2,,,,,,,
125888,9340-2016-5723,1,False,9340,2/25/2016 1:50:00 PM,1350,120,1368,4313,San Jose,43,True,True,C,REAR END,,Thursday,NotApplicable,False,,,False,True,True,Santa Clara Superior,C,OTHER MOTOR VEHICLE,,0,0,CLEAR,, NO UNUSUAL CONDITIONS,, ,A,DAYLIGHT,37.3601,-121.841286,,,,,A,NO PEDESTRIANS INVOLVED,2/25/2016 12:00:00 AM,A,22350,False,1.0,US101 S/B,,,2/29/2016 2:49:15 PM,A,N,230.0,SR-87,F,,D,2/29/2016 2:49:48 PM,2/29/2016 2:49:48 PM,,,2,,,,,,,
125867,9340-2016-5684,1,False,9340,2/24/2016 8:30:00 AM,830,083,1368,4313,San Jose,43,True,True,C,REAR END,,Wednesday,No,False,,,False,True,False,Santa Clara Superior,C,OTHER MOTOR VEHICLE,,0,0,CLEAR,, NO UNUSUAL CONDITIONS,, ,A,DAYLIGHT,37.25685,-121.87449,,,,,A,NO PEDESTRIANS INVOLVED,2/24/2016 12:00:00 AM,A,22350,False,1.0,SR-85 N/B,,,2/29/2016 2:31:49 PM,A,S,0.3,ALMADEN EXP. ,F,,D,2/29/2016 2:32:17 PM,2/29/2016 2:32:17 PM,,,2,,,,,,,
125826,9340-2016-5680,1,False,9340,2/24/2016 7:45:00 AM,745,083,1368,4313,San Jose,43,True,True,C,REAR END,,Wednesday,NotApplicable,False,,,False,True,False,Santa Clara Superior,C,OTHER MOTOR VEHICLE,,0,0,CLEAR,, NO UNUSUAL CONDITIONS,, ,A,DAYLIGHT,37.25195,-121.88906,,,,,A,NO PEDESTRIANS INVOLVED,2/24/2016 12:00:00 AM,A,22350,False,1.0,SR-85 N/B,,,2/29/2016 2:16:34 PM,A,N,0.6,Almaden Expy,M,,D,2/29/2016 2:17:05 PM,2/29/2016 2:17:05 PM,,,2,,,,,,,
125823,9340-2016-5742,1,False,9340,2/23/2016 3:40:00 PM,1540,901,1368,4313,San Jose,43,True,True,B,SIDE SWIPE,,Tuesday,No,False,M,,False,False,False,Santa Clara Superior,E,PARKED MOTOR VEHICLE,,0,0,CLEAR,, NO UNUSUAL CONDITIONS,, ,A,DAYLIGHT,37.35364,-121.90473,,,,,A,NO PEDESTRIANS INVOLVED,2/26/2016 12:00:00 AM,A,22106,False,1.0,70 W. HEDDING ST.,,,2/29/2016 2:15:06 PM,A,E,80.0,N. SAN PEDRO ST.,F,,D,2/29/2016 2:15:46 PM,2/29/2016 2:15:46 PM,,,2,,,,,,,
125821,9340-2016-5674,1,False,9340,2/23/2016 6:15:00 PM,1815,110,1368,4313,San Jose,43,True,True,C,REAR END,,Tuesday,Yes,False,,,False,True,True,Santa Clara Superior,C,OTHER MOTOR VEHICLE,,1,0,CLEAR,, NO UNUSUAL CONDITIONS,, ,C,DARK-STREET LIGHTS,37.35544,-121.86777,,,,,A,NO PEDESTRIANS INVOLVED,2/23/2016 12:00:00 AM,A,22350,False,4.0,US101 S/B,,,2/29/2016 2:12:45 PM,A,N,1100.0,McKee Rd,F,,D,2/29/2016 2:13:33 PM,2/29/2016 2:13:33 PM,,,2,,,,,,,
125782,9340-2016-5405,1,False,9340,2/9/2016 8:46:00 AM,846,088,1368,4313,San Jose,43,True,True,B,SIDE SWIPE,,Tuesday,NotApplicable,False,,,False,True,False,Santa Clara Superior,C,OTHER MOTOR VEHICLE,,0,0,CLEAR,, NO UNUSUAL CONDITIONS,, ,A,DAYLIGHT,37.357878,-121.907958,,,,,A,NO PEDESTRIANS INVOLVED,2/9/2016 12:00:00 AM,A,22107 VC,False,1.0,I-880 Southbound,,,2/29/2016 1:50:57 PM,A,S,700.0,First Street,F,SEE PAGE # 3.,D,2/29/2016 1:51:24 PM,2/29/2016 1:51:24 PM,,,2,,,,,,,
125771,9340-2016-5673,1,False,9340,2/23/2016 2:20:00 PM,1420,901,1368,4313,San Jose,43,True,True,B,SIDE SWIPE,,Tuesday,NotApplicable,False,,,False,False,False,Santa Clara Superior,C,OTHER MOTOR VEHICLE,,0,0,CLEAR,, NO UNUSUAL CONDITIONS,, School Bus Collision,A,DAYLIGHT,37.35673,-121.86673,,,,,A,NO PEDESTRIANS INVOLVED,2/23/2016 12:00:00 AM,A,22106,False,2.0,1550 Marburg Way (Parking Lot),,,2/29/2016 1:45:10 PM,A,W,475.0,33rd St,F,,D,2/29/2016 1:47:08 PM,2/29/2016 1:47:08 PM,,,2,,,,,,,
125736,9340-2016-5743,2,False,9340,2/26/2016 6:30:00 PM,1830,282,1368,4313,San Jose,43,True,True,B,SIDE SWIPE,,Friday,NotApplicable,False,,,False,True,False,Santa Clara Superior,C,OTHER MOTOR VEHICLE,,0,0,CLEAR,, NO UNUSUAL CONDITIONS,, ,D,DARK-NO STREET LIGHTS,37.3168,-121.97253,,,,,A,NO PEDESTRIANS INVOLVED,2/26/2016 12:00:00 AM,A,21658(a),False,,I-280 S/B,,,3/10/2016 1:55:57 PM,A,S,400.0,SARATOGA AVE.,F,,D,2/29/2016 1:23:11 PM,3/10/2016 1:56:08 PM,,,2,,,,,,,
125674,9340-2016-5667,1,False,9340,2/23/2016 4:57:00 PM,1657,120,1368,4313,San Jose,43,True,True,B,SIDE SWIPE,,Tuesday,NotApplicable,False,,,False,True,False,Santa Clara Superior,C,OTHER MOTOR VEHICLE,,0,0,CLEAR,, NO UNUSUAL CONDITIONS,, ,A,DAYLIGHT,37.37152,-121.91666,,,,,A,NO PEDESTRIANS INVOLVED,2/23/2016 12:00:00 AM,A,21658(a),False,1.0,US-101 S/B,,,2/29/2016 12:41:14 PM,A,S,60.0,First Street,F,,D,2/29/2016 12:41:44 PM,2/29/2016 12:41:44 PM,,,2,,,,,,,
125652,9340-2016-5669,1,False,9340,2/23/2016 7:15:00 PM,1915,120,1368,4313,San Jose,43,True,True,C,REAR END,,Tuesday,NotApplicable,False,,,False,True,False,Santa Clara Superior,C,OTHER MOTOR VEHICLE,,0,0,CLEAR,, NO UNUSUAL CONDITIONS,, ,D,DARK-NO STREET LIGHTS,37.3728,-121.92426,,,,,A,NO PEDESTRIANS INVOLVED,2/23/2016 12:00:00 AM,A,22350,False,1.0,US-101 S/B,,,2/29/2016 12:25:28 PM,A,N,2250.0,First Street,F,,D,2/29/2016 12:27:03 PM,2/29/2016 12:27:03 PM,,,2,,,,,,,
125504,9340-2016-5645,1,False,9340,2/22/2016 4:30:00 PM,1630,087,1368,4313,San Jose,43,True,True,C,REAR END,,Monday,NotApplicable,False,,,False,True,False,Santa Clara Superior,C,OTHER MOTOR VEHICLE,,0,0,CLEAR,, NO UNUSUAL CONDITIONS,, ,A,DAYLIGHT,37.322703,-121.891633,,,,,A,NO PEDESTRIANS INVOLVED,2/22/2016 12:00:00 AM,A,UNKNOWN,False,,SR-87 S/B,,,2/29/2016 11:04:43 AM,A,S,400.0,I-280,F,,D,2/29/2016 11:05:29 AM,2/29/2016 11:05:29 AM,,,2,,,,,,,
125474,9340-2016-5649,1,False,9340,2/22/2016 3:12:00 PM,1512,281,1368,4313,San Jose,43,True,True,C,REAR END,,Monday,NotApplicable,False,,,False,True,True,Santa Clara Superior,C,OTHER MOTOR VEHICLE,,1,0,CLEAR,, NO UNUSUAL CONDITIONS,, ,A,DAYLIGHT,37.31497,-121.91464,,,,,A,NO PEDESTRIANS INVOLVED,2/22/2016 12:00:00 AM,A,22350,False,1.0,I-280 Southbound (from Meridian Ave.),,,2/29/2016 10:52:37 AM,A,S,50.0,Meridian Avenue,F,,D,2/29/2016 10:54:08 AM,2/29/2016 10:54:08 AM,,,2,,,,,,,
125410,9340-2016-5594,1,False,9340,2/19/2016 11:20:00 AM,1120,281,1368,4313,San Jose,43,True,True,C,REAR END,,Friday,NotApplicable,False,,,False,True,True,Santa Clara Superior,C,OTHER MOTOR VEHICLE,,0,0,CLEAR,, NO UNUSUAL CONDITIONS,, ,A,DAYLIGHT,37.64541,-121.0789,,,,,A,NO PEDESTRIANS INVOLVED,2/19/2016 12:00:00 AM,A,22350,False,1.0,I-280 N/B,,,2/29/2016 10:22:50 AM,A,S,1000.0,Race St,F,,D,2/29/2016 10:23:26 AM,2/29/2016 10:23:26 AM,,,2,,,,,,,
125203,9340-2016-5760,1,False,9340,2/27/2016 2:49:00 PM,1449,240,1368,4313,San Jose,43,True,True,E,HIT OBJECT,,Saturday,Yes,False,,,False,True,True,Santa Clara Superior,I,FIXED OBJECT,ROAD SIGN,1,0,CLEAR,, NO UNUSUAL CONDITIONS,, ,A,DAYLIGHT,37.25533,-121.57255,,,,,A,NO PEDESTRIANS INVOLVED,2/27/2016 12:00:00 AM,A,23152(a),True,1.0,SR-237 E/B TO N. FIRST STREET,,,2/29/2016 8:20:12 AM,A,E,255.0,N. 1ST STREET,F,,D,2/29/2016 8:20:56 AM,2/29/2016 8:20:56 AM,,,2,,,,,,,
125097,9340-2016-5630,1,False,9340,2/21/2016 9:05:00 PM,2105,681,1368,4313,San Jose,43,True,True,C,REAR END,,Sunday,NotApplicable,False,,,False,True,False,Santa Clara Superior,C,OTHER MOTOR VEHICLE,,1,0,CLEAR,, NO UNUSUAL CONDITIONS,, ,D,DARK-NO STREET LIGHTS,37.49746,-121.78453,,,,,A,NO PEDESTRIANS INVOLVED,2/21/2016 12:00:00 AM,A,21658(a),False,1.0,I-680 S/B,,,2/29/2016 6:46:09 AM,A,N,700.0,King Rd,F,,D,2/29/2016 6:46:59 AM,2/29/2016 6:46:59 AM,,,2,,,,,,,
124702,9340-2016-5713,1,False,9340,2/25/2016 6:00:00 PM,1800,120,1368,4313,San Jose,43,True,True,C,REAR END,,Thursday,NotApplicable,False,,,False,True,False,Santa Clara Superior,C,OTHER MOTOR VEHICLE,,0,0,CLEAR,, NO UNUSUAL CONDITIONS,, ,D,DARK-NO STREET LIGHTS,37.3855,-121.97627,,,,,A,NO PEDESTRIANS INVOLVED,2/25/2016 12:00:00 AM,A,22350,False,1.0,US101 S/B,,,2/26/2016 2:43:02 PM,A,S,50.0,Great America Pky,F,,D,2/26/2016 2:43:32 PM,2/26/2016 2:43:32 PM,,,2,,,,,,,
124701,9340-2016-5711,2,False,9340,2/25/2016 2:00:00 PM,1400,120,1368,4313,San Jose,43,True,True,C,REAR END,,Thursday,NotApplicable,False,,,False,True,True,Santa Clara Superior,C,OTHER MOTOR VEHICLE,,0,0,CLEAR,, NO UNUSUAL CONDITIONS,, ,A,DAYLIGHT,37.37799,-121.94921,,,,,A,NO PEDESTRIANS INVOLVED,2/25/2016 12:00:00 AM,A,22350,False,1.0,US101 S/B,,,9/29/2016 12:56:18 PM,A,N,500.0,De la Cruz Blvd,F,,D,2/26/2016 2:40:12 PM,9/29/2016 12:56:30 PM,,,2,,,,,,,
124696,9340-2016-5712,1,False,9340,2/25/2016 3:30:00 PM,1530,120,1368,4313,San Jose,43,True,True,C,REAR END,,Thursday,Yes,False,,,False,True,True,Santa Clara Superior,C,OTHER MOTOR VEHICLE,,1,0,CLEAR,, NO UNUSUAL CONDITIONS,, ,A,DAYLIGHT,37.38556,-121.97647,,,,,A,NO PEDESTRIANS INVOLVED,2/25/2016 12:00:00 AM,A,22350,False,1.0,US101 S/B,,,2/26/2016 2:36:50 PM,A,S,50.0,Great America Pky,F,,D,2/26/2016 2:37:30 PM,2/26/2016 2:37:30 PM,,,2,,,,,,,
124689,9340-2016-5718,1,False,9340,2/25/2016 3:30:00 PM,1530,089,1368,4313,San Jose,43,True,True,B,SIDE SWIPE,,Thursday,NotApplicable,False,,,False,True,True,Santa Clara Superior,C,OTHER MOTOR VEHICLE,,0,0,CLEAR,, NO UNUSUAL CONDITIONS,, ,A,DAYLIGHT,37.39454,-121.90731,,,,,A,NO PEDESTRIANS INVOLVED,2/25/2016 12:00:00 AM,A,22350,False,1.0,I-880 S/B,,,2/26/2016 2:31:19 PM,A,N,1500.0,BROKAW ROAD,F,,D,2/26/2016 2:31:55 PM,2/26/2016 2:31:55 PM,,,2,,,,,,,
124660,9340-2016-5609,1,False,9340,2/20/2016 5:45:00 PM,1745,282,1368,4313,San Jose,43,True,True,C,REAR END,,Saturday,NotApplicable,False,,,False,True,True,Santa Clara Superior,C,OTHER MOTOR VEHICLE,,0,0,CLEAR,, NO UNUSUAL CONDITIONS,, ,A,DAYLIGHT,37.31734,-121.97446,,,,,A,NO PEDESTRIANS INVOLVED,2/20/2016 12:00:00 AM,A,22350 VC,False,1.0,I-280 N/B TO SARATOGA AVE S/B,,,2/26/2016 1:51:51 PM,A,S,20.0,Saratoga Ave,F,,D,2/26/2016 1:52:22 PM,2/26/2016 1:52:22 PM,,,2,,,,,,,
124656,9340-2016-5333,1,False,9340,2/5/2016 2:45:00 PM,1445,089,1368,4313,San Jose,43,True,True,C,REAR END,,Friday,NotApplicable,False,M,,False,False,False,Santa Clara Superior,C,OTHER MOTOR VEHICLE,,0,0,CLEAR,, NO UNUSUAL CONDITIONS,, ,A,DAYLIGHT,37.364221,-121.901694,,,,,A,NO PEDESTRIANS INVOLVED,2/5/2016 12:00:00 AM,A,22350,False,2.0,I-880 S/B,,,2/26/2016 1:44:02 PM,A,S,50.0,US-101,F,,D,2/26/2016 1:45:21 PM,2/26/2016 1:45:21 PM,,,2,,,,,,,
124606,9340-2016-5716,1,False,9340,2/25/2016 7:20:00 PM,1920,282,1368,4313,San Jose,43,True,True,C,REAR END,,Thursday,NotApplicable,False,,,False,True,False,Santa Clara Superior,C,OTHER MOTOR VEHICLE,,1,0,CLEAR,, NO UNUSUAL CONDITIONS,, ,D,DARK-NO STREET LIGHTS,37.31649,-121.94411,,,,,A,NO PEDESTRIANS INVOLVED,2/25/2016 12:00:00 AM,A,22350,False,1.0,I-280 S/B TO SR-17 S/B,,,2/26/2016 12:42:06 PM,A,N,300.0,SR-17,F,,D,2/26/2016 12:42:39 PM,2/26/2016 12:42:39 PM,,,2,,,,,,,
124552,9725-2016-5217,1,False,9725,2/25/2016 4:55:00 PM,1655,013,1368,4313,San Jose,43,True,True,C,REAR END,,Thursday,NotApplicable,False,,,False,True,True,Santa Clara Superior,C,OTHER MOTOR VEHICLE,,0,0,CLEAR,, NO UNUSUAL CONDITIONS,, ,A,DAYLIGHT,37.18744,-121.69042,,,,,A,NO PEDESTRIANS INVOLVED,2/25/2016 12:00:00 AM,A,22350,False,3.0,US-101 S/B,,,2/26/2016 11:29:07 AM,A,S,1000.0,Coyote Creek Golf Dr.,F,,D,2/26/2016 11:29:48 AM,2/26/2016 11:29:48 AM,,,2,,,,,,,
124542,9340-2016-5682,1,False,9340,2/24/2016 11:00:00 AM,1100,110,1368,4313,San Jose,43,True,True,C,REAR END,,Wednesday,NotApplicable,False,,,False,True,True,Santa Clara Superior,C,OTHER MOTOR VEHICLE,,1,0,CLEAR,, NO UNUSUAL CONDITIONS,, ,A,DAYLIGHT,37.36269,-121.88683,S,0.1,101 SCL 37.612,M,A,NO PEDESTRIANS INVOLVED,2/24/2016 12:00:00 AM,A,22350,False,1.0,US-101 N.B.,,,2/26/2016 11:23:11 AM,A,S,0.1,13TH STREET,M,,D,2/26/2016 11:24:00 AM,2/26/2016 11:24:00 AM,,,2,,,,,,,
124486,9340-2016-2371,1,False,9340,1/22/2016 4:39:00 PM,1639,110,1368,4313,San Jose,43,True,True,C,REAR END,,Friday,NotApplicable,False,F,,False,True,True,Santa Clara Superior,C,OTHER MOTOR VEHICLE,,1,0,RAINING,, NO UNUSUAL CONDITIONS,, ,A,DAYLIGHT,37.162336,-121.481476,,,,,A,NO PEDESTRIANS INVOLVED,1/22/2016 12:00:00 AM,A,21658(a),False,1.0,US101 S/B,,,2/26/2016 10:40:36 AM,B,N,2000.0,Hellyer Ave,F,,D,2/26/2016 10:41:20 AM,2/26/2016 10:41:20 AM,,,2,,,,,,,
124478,9340-2016-5654,1,False,9340,2/22/2016 11:29:00 PM,2329,087,1368,4313,San Jose,43,True,True,B,SIDE SWIPE,,Monday,Yes,False,,,False,True,False,Santa Clara Superior,C,OTHER MOTOR VEHICLE,,0,0,CLOUDY,, NO UNUSUAL CONDITIONS,, ,D,DARK-NO STREET LIGHTS,37.3048,-121.8795,,,,,A,NO PEDESTRIANS INVOLVED,2/22/2016 12:00:00 AM,A,23152(a),True,1.0,SR-87 S/B,,,2/26/2016 10:35:18 AM,A,N,800.0,Almaden Expy,F,,D,2/26/2016 10:36:00 AM,2/26/2016 10:36:00 AM,,,2,,,,,,,
124463,9340-2016-5301,1,False,9340,2/2/2016 4:50:00 PM,1650,110,1368,4313,San Jose,43,True,True,B,SIDE SWIPE,,Tuesday,NotApplicable,False,M,,False,True,False,Santa Clara Superior,C,OTHER MOTOR VEHICLE,,0,0,CLEAR,, NO UNUSUAL CONDITIONS,, ,A,DAYLIGHT,37.364289,-121.90258,,,,,A,NO PEDESTRIANS INVOLVED,2/2/2016 12:00:00 AM,A,21658(a),False,1.0,US-101 S/B,,,2/26/2016 10:25:33 AM,A,N,100.0,I-880,F,,D,2/26/2016 10:26:14 AM,2/26/2016 10:26:14 AM,,,2,,,,,,,
124440,9340-2016-5294,1,False,9340,2/2/2016 7:52:00 PM,1952,087,1368,4313,San Jose,43,True,True,B,SIDE SWIPE,,Tuesday,NotApplicable,False,M,,False,True,False,Santa Clara Superior,C,OTHER MOTOR VEHICLE,,0,0,CLEAR,, NO UNUSUAL CONDITIONS,, ,D,DARK-NO STREET LIGHTS,37.275399,-121.863807,,,,,A,NO PEDESTRIANS INVOLVED,2/2/2016 12:00:00 AM,A,21658(a),False,1.0,SR-87 S/B to Capitol Expressway,,,2/26/2016 10:03:29 AM,A,N,50.0,Capitol Expressway,F,,D,2/26/2016 10:04:10 AM,2/26/2016 10:04:10 AM,,,2,,,,,,,
124428,9340-2016-5670,1,False,9340,2/23/2016 1:15:00 PM,1315,083,1368,4313,San Jose,43,True,True,C,REAR END,,Tuesday,Yes,False,,,False,True,True,Santa Clara Superior,C,OTHER MOTOR VEHICLE,,3,0,CLEAR,, NO UNUSUAL CONDITIONS,, ,A,DAYLIGHT,37.25158,-121.83985,,,,,A,NO PEDESTRIANS INVOLVED,2/23/2016 12:00:00 AM,A,22350,False,1.0,SR-85 S/B to BLOSSOM HILL ROAD,,,2/26/2016 9:51:36 AM,A,N,200.0,BLOSSOM HILL ROAD,F,,D,2/26/2016 9:53:12 AM,2/26/2016 9:53:12 AM,,,2,,,,,,,