Collision Id,	Report Number,	Report Version,	Is Preliminary,	NCIC Code,Crash Date Time,	Crash Time Description,	Beat,City Id,	City Code,	City Name,County Code,	City Is Active,	City Is Incorporated,	Collision Type Code,Collision Type Description,	Collision Type Other Desc,	Day Of Week,	DispatchNotified,	HasPhotographs,	HitRun,	IsAttachmentsMailed,	IsDeleted,	IsHighwayRelated,	IsTowAway,	JudicialDistrict,	MotorVehicleInvolvedWithCode,	MotorVehicleInvolvedWithDesc,MotorVehicleInvolvedWithOtherDesc,	NumberInjured,	NumberKilled,Weather 1, Weather 2, Road Condition 1, Road Condition 2, Special Condition,LightingCode, LightingDescription,Latitude,Longitude,MilepostDirection,MilepostDistance,MilepostMarker,MilepostUnitOfMeasure,	PedestrianActionCode,PedestrianActionDesc,PreparedDate,	Primary Collision Factor Code,Primary Collision Factor Violation,PrimaryCollisionFactorIsCited,	PrimaryCollisionPartyNumber,	PrimaryRoad,	ReportingDistrict,	ReportingDistrictCode,ReviewedDate,	RoadwaySurfaceCode,SecondaryDirection,	SecondaryDistance,	SecondaryRoad,	SecondaryUnitOfMeasure,	SketchDesc,	TrafficControlDeviceCode,CreatedDate,	ModifiedDate,IsCountyRoad,IsFreeway,CHP555Version,	IsAdditonalObjectStruck,NotificationDate,	NotificationTimeDescription,	HasDigitalMediaFiles,	EvidenceNumber,	IsLocationReferToNarrative,	IsAOIOneSameAsLocation
134720,9340-2016-5971,1,False,9340,3/7/2016 5:25:00 PM,1725,281,1368,4313,San Jose,43,True,True,C,REAR END,,Monday,Yes,False,M,,False,True,True,Santa Clara Superior,C,OTHER MOTOR VEHICLE,,0,0,RAINING,, NO UNUSUAL CONDITIONS,, ,A,DAYLIGHT,37.8999,-121.8999,,,,,A,NO PEDESTRIANS INVOLVED,3/7/2016 12:00:00 AM,A,22350,False,1.0,I-280 N/B,,,3/11/2016 1:31:44 PM,A,N,500.0,Leland Ave,F,,D,3/11/2016 1:32:19 PM,3/11/2016 1:32:19 PM,,,2,,,,,,,
134683,9340-2016-5946,1,False,9340,3/6/2016 7:30:00 PM,1930,083,1368,4313,San Jose,43,True,True,D,BROADSIDE,,Sunday,NotApplicable,False,,,False,True,False,Santa Clara Superior,C,OTHER MOTOR VEHICLE,,0,0,RAINING,, NO UNUSUAL CONDITIONS,, ,D,DARK-NO STREET LIGHTS,37.336153,-121.897851,,,,,A,NO PEDESTRIANS INVOLVED,3/6/2016 12:00:00 AM,A,22350,False,1.0,SR-87 S/B FROM JULIAN ST,,,3/11/2016 12:54:55 PM,B,S,200.0,Julian St,F,,D,3/11/2016 12:55:23 PM,3/11/2016 12:55:23 PM,,,2,,,,,,,
134663,9340-2016-5950,1,False,9340,3/6/2016 10:10:00 PM,2210,281,1368,4313,San Jose,43,True,True,E,HIT OBJECT,,Sunday,NotApplicable,False,,,False,True,True,Santa Clara Superior,I,FIXED OBJECT,MEDIAN DIVIDER,1,0,RAINING,, NO UNUSUAL CONDITIONS,, ,C,DARK-STREET LIGHTS,37.31748,-121.9384,,,,,A,NO PEDESTRIANS INVOLVED,3/6/2016 12:00:00 AM,A,22350,False,1.0,I280 NB,,,3/11/2016 12:38:44 PM,B,S,800.0,I880,F,,D,3/11/2016 12:39:17 PM,3/11/2016 12:39:17 PM,,,2,,,,,,,
134658,9340-2016-5661,1,False,9340,2/23/2016 7:56:00 AM,756,088,1368,4313,San Jose,43,True,True,B,SIDE SWIPE,,Tuesday,NotApplicable,False,,,False,True,True,Santa Clara Superior,C,OTHER MOTOR VEHICLE,,0,0,CLEAR,, NO UNUSUAL CONDITIONS,, ,A,DAYLIGHT,37.333357,-121.937658,,,,,A,NO PEDESTRIANS INVOLVED,2/23/2016 12:00:00 AM,A,21658(a),False,1.0,Interstate 880 (northbound),,,3/11/2016 12:32:33 PM,A,S,500.0,Bascom Avenue,F,,D,3/11/2016 12:33:09 PM,3/11/2016 12:33:09 PM,,,2,,,,,,,
134640,9340-2016-5616,1,False,9340,2/20/2016 2:43:00 PM,1443,281,1368,4313,San Jose,43,True,True,B,SIDE SWIPE,,Saturday,NotApplicable,False,M,,False,True,False,Santa Clara Superior,C,OTHER MOTOR VEHICLE,,0,0,CLEAR,, NO UNUSUAL CONDITIONS,, ,A,DAYLIGHT,37.19171,-121.55509,,,,,A,NO PEDESTRIANS INVOLVED,2/20/2016 12:00:00 AM,A,21658(a),False,2.0,I-280 N/B,,,3/11/2016 12:19:00 PM,A,S,250.0,Bascom Ave,F,,D,3/11/2016 12:19:42 PM,3/11/2016 12:19:42 PM,,,2,,,,,,,
134632,9340-2016-5613,1,False,9340,2/20/2016 3:35:00 PM,1535,110,1368,4313,San Jose,43,True,True,B,SIDE SWIPE,,Saturday,NotApplicable,False,M,,False,True,False,Santa Clara Superior,C,OTHER MOTOR VEHICLE,,0,0,CLEAR,, NO UNUSUAL CONDITIONS,, ,A,DAYLIGHT,37.319781,-121.832274,,,,,A,NO PEDESTRIANS INVOLVED,2/20/2016 12:00:00 AM,A,21658(a),False,1.0,us-101 n/b from tully road,,,3/11/2016 12:13:19 PM,A,N,500.0,Tully Rd,F,,D,3/11/2016 12:13:49 PM,3/11/2016 12:13:49 PM,,,2,,,,,,,
134506,9340-2016-5937,1,False,9340,3/5/2016 3:30:00 PM,1530,087,1368,4313,San Jose,43,True,True,B,SIDE SWIPE,,Saturday,NotApplicable,False,M,,False,True,True,Santa Clara Superior,C,OTHER MOTOR VEHICLE,,0,0,RAINING,, NO UNUSUAL CONDITIONS,, ,A,DAYLIGHT,37.221561,-121.55368,,,,,A,NO PEDESTRIANS INVOLVED,3/5/2016 12:00:00 AM,A,21658(a),False,1.0,SR-87 N/B,,,3/11/2016 10:36:21 AM,B,S,950.0,US-101,F,,D,3/11/2016 10:36:52 AM,3/11/2016 10:36:52 AM,,,2,,,,,,,
134500,9340-2016-5922,2,False,9340,3/5/2016 9:50:00 AM,950,281,1368,4313,San Jose,43,True,True,C,REAR END,,Saturday,Yes,False,,,False,True,True,Santa Clara Superior,C,OTHER MOTOR VEHICLE,,2,0,RAINING,, NO UNUSUAL CONDITIONS,, ,A,DAYLIGHT,37.325891,-121.884265,,,,,A,NO PEDESTRIANS INVOLVED,3/5/2016 12:00:00 AM,A,22350,False,1.0,I-280 N/B,,,5/26/2016 9:39:27 AM,B,N,320.0,1st St,F,,D,3/11/2016 10:30:45 AM,5/26/2016 9:39:40 AM,,,2,,,,,,,
134491,9340-2016-5921,1,False,9340,3/5/2016 9:20:00 AM,920,281,1368,4313,San Jose,43,True,True,B,SIDE SWIPE,,Saturday,NotApplicable,False,M,,False,True,True,Santa Clara Superior,C,OTHER MOTOR VEHICLE,,0,0,RAINING,, NO UNUSUAL CONDITIONS,, ,A,DAYLIGHT,37.329817,-121.867714,,,,,A,NO PEDESTRIANS INVOLVED,3/5/2016 12:00:00 AM,A,21658(a),False,1.0,I-280 S/B,,,3/11/2016 10:23:01 AM,B,S,1100.0,11th St,F,,D,3/11/2016 10:23:36 AM,3/11/2016 10:23:36 AM,,,2,,,,,,,
134474,9340-2016-5911,1,False,9340,3/5/2016 4:50:00 AM,450,087,1368,4313,San Jose,43,True,True,E,HIT OBJECT,,Saturday,NotApplicable,False,,,False,True,True,Santa Clara Superior,I,FIXED OBJECT,Concrete wall,0,0,RAINING,, NO UNUSUAL CONDITIONS,, ,C,DARK-STREET LIGHTS,37.3703,-121.92653,,,,,A,NO PEDESTRIANS INVOLVED,3/5/2016 12:00:00 AM,A,22107,False,1.0,SR-87 N/B,,,3/11/2016 10:10:11 AM,B,S,1200.0,US 101,F,,D,3/11/2016 10:10:43 AM,3/11/2016 10:10:43 AM,,,2,,,,,,,
134424,9340-2016-5888,1,False,9340,3/4/2016 9:15:00 AM,915,083,1368,4313,San Jose,43,True,True,C,REAR END,,Friday,NotApplicable,False,,,False,True,False,Santa Clara Superior,C,OTHER MOTOR VEHICLE,,0,0,CLEAR,, NO UNUSUAL CONDITIONS,, ,A,DAYLIGHT,37.2501,-121.92651,,,,,A,NO PEDESTRIANS INVOLVED,3/4/2016 12:00:00 AM,A,22350,False,1.0,SR-85 N/B,,,3/11/2016 9:28:22 AM,A,S,0.3,Union Ave,M,,D,3/11/2016 9:29:39 AM,3/11/2016 9:29:39 AM,,,2,,,,,,,
134410,9725-2016-5881,1,False,9725,3/5/2016 8:10:00 PM,2010,013,1368,4313,San Jose,43,True,True,E,HIT OBJECT,,Saturday,NotApplicable,False,,,False,True,False,Santa Clara Superior,I,FIXED OBJECT,CONCRETE BARRIER,1,0,RAINING,, NO UNUSUAL CONDITIONS,, ,C,DARK-STREET LIGHTS,37.1923,-121.69534,N,0.1,101 SCL 19.218,M,A,NO PEDESTRIANS INVOLVED,3/5/2016 12:00:00 AM,A,22350,False,1.0,US-101 N/B,,,3/11/2016 9:17:45 AM,B,N,0.1,COYOTE CREEK GOLF DR,M,,D,3/11/2016 9:18:39 AM,3/11/2016 9:18:39 AM,,,2,,,,,,,
134401,9340-2016-5887,1,False,9340,3/4/2016 8:40:00 AM,840,083,1368,4313,San Jose,43,True,True,C,REAR END,,Friday,NotApplicable,False,,,False,True,True,Santa Clara Superior,C,OTHER MOTOR VEHICLE,,0,0,CLEAR,, NO UNUSUAL CONDITIONS,, ,A,DAYLIGHT,37.25065,-121.91119,,,,,A,NO PEDESTRIANS INVOLVED,3/4/2016 12:00:00 AM,A,22350,False,1.0,SR-85 N/B,,,3/11/2016 9:12:31 AM,A,N,25.0,Camden Ave. O/C,F,,D,3/11/2016 9:13:03 AM,3/11/2016 9:13:03 AM,,,2,,,,,,,
134323,9340-2016-5902,1,False,9340,3/3/2016 3:40:00 PM,1540,110,1368,4313,San Jose,43,True,True,B,SIDE SWIPE,,Thursday,NotApplicable,False,M,,False,True,False,Santa Clara Superior,C,OTHER MOTOR VEHICLE,,0,0,CLEAR,, NO UNUSUAL CONDITIONS,, ,A,DAYLIGHT,37.341769,-121.854396,,,,,A,NO PEDESTRIANS INVOLVED,3/3/2016 12:00:00 AM,A,22107,False,1.0,US101 S/B,,,3/11/2016 8:04:56 AM,A,N,600.0,I-280,F,,D,3/11/2016 8:05:37 AM,3/11/2016 8:05:37 AM,,,2,,,,,,,
134307,9340-2016-5792,1,False,9340,2/29/2016 2:05:00 PM,1405,681,1368,4313,San Jose,43,True,True,E,HIT OBJECT,,Monday,NotApplicable,False,,,False,True,True,Santa Clara Superior,I,FIXED OBJECT,TREE,0,0,CLEAR,, NO UNUSUAL CONDITIONS,, ,A,DAYLIGHT,37.346204,-121.843557,,,,,A,NO PEDESTRIANS INVOLVED,2/29/2016 12:00:00 AM,A,22107,False,1.0,I-680 S/B,,,3/11/2016 7:49:09 AM,A,S,1265.0,King Rd,F,,D,3/11/2016 7:49:39 AM,3/11/2016 7:49:39 AM,,,2,,,,,,,
134304,9340-2016-5798,1,False,9340,2/29/2016 4:25:00 PM,1625,281,1368,4313,San Jose,43,True,True,C,REAR END,,Monday,Yes,False,,,False,True,True,Santa Clara Superior,C,OTHER MOTOR VEHICLE,,1,0,CLEAR,, NO UNUSUAL CONDITIONS,, ,A,DAYLIGHT,37.329525,-121.868404,,,,,A,NO PEDESTRIANS INVOLVED,2/29/2016 12:00:00 AM,A,22350,False,1.0,I-280 S/B,,,3/11/2016 7:46:12 AM,A,S,860.0,11th St,F,,D,3/11/2016 7:47:08 AM,3/11/2016 7:47:08 AM,,,2,,,,,,,
134099,9340-2016-5770,1,False,9340,2/28/2016 10:50:00 AM,1050,087,1368,4313,San Jose,43,True,True,C,REAR END,,Sunday,NotApplicable,False,,,False,True,True,Santa Clara Superior,C,OTHER MOTOR VEHICLE,,1,0,CLEAR,, NO UNUSUAL CONDITIONS,, ,A,DAYLIGHT,37.29194,-121.87215,,,,,A,NO PEDESTRIANS INVOLVED,2/28/2016 12:00:00 AM,A,22350,False,1.0,SR-87 S/B,,,3/10/2016 3:31:21 PM,A,S,500.0,Curtner Ave,F,,D,3/10/2016 3:32:01 PM,3/10/2016 3:32:01 PM,,,2,,,,,,,
134092,9340-2016-5923,1,False,9340,3/5/2016 11:50:00 AM,1150,087,1368,4313,San Jose,43,True,True,B,SIDE SWIPE,,Saturday,NotApplicable,False,,,False,True,False,Santa Clara Superior,C,OTHER MOTOR VEHICLE,,0,0,RAINING,, NO UNUSUAL CONDITIONS,, ,A,DAYLIGHT,37.300329,-121.875447,,,,,A,NO PEDESTRIANS INVOLVED,3/5/2016 12:00:00 AM,A,22350,False,1.0,SR-87 N/B,,,3/10/2016 3:26:05 PM,B,S,610.0,Almaden Expy,F,,D,3/10/2016 3:26:37 PM,3/10/2016 3:26:37 PM,,,2,,,,,,,
134076,9340-2016-5736,1,False,9340,2/26/2016 10:00:00 AM,1000,110,1368,4313,San Jose,43,True,True,C,REAR END,,Friday,NotApplicable,False,,,False,True,False,Santa Clara Superior,C,OTHER MOTOR VEHICLE,,0,0,CLEAR,, NO UNUSUAL CONDITIONS,, ,A,DAYLIGHT,37.30356,-121.81709,,,,,A,NO PEDESTRIANS INVOLVED,2/26/2016 12:00:00 AM,A,22350,False,1.0,US-101 N/B,,,3/10/2016 3:19:30 PM,A,N,100.0,Capitol Expy,F,,D,3/10/2016 3:20:01 PM,3/10/2016 3:20:01 PM,,,2,,,,,,,
134050,9340-2016-5601,1,False,9340,2/19/2016 5:05:00 PM,1705,088,1368,4313,San Jose,43,True,True,C,REAR END,,Friday,NotApplicable,False,,,False,True,True,Santa Clara Superior,C,OTHER MOTOR VEHICLE,,0,0,CLOUDY,, NO UNUSUAL CONDITIONS,, ,A,DAYLIGHT,37.35885,-121.90643,,,,,A,NO PEDESTRIANS INVOLVED,2/19/2016 12:00:00 AM,A,22350,False,1.0,I-880 N/B,,,3/10/2016 3:06:47 PM,A,N,300.0,1st St,F,,D,3/10/2016 3:07:23 PM,3/10/2016 3:07:23 PM,,,2,,,,,,,
134044,9340-2016-5869,1,False,9340,2/12/2016 6:50:00 PM,1850,083,1368,4313,San Jose,43,True,True,C,REAR END,,Friday,NotApplicable,False,,,False,True,True,Santa Clara Superior,C,OTHER MOTOR VEHICLE,,0,0,CLEAR,, NO UNUSUAL CONDITIONS,, ,D,DARK-NO STREET LIGHTS,37.25474,-121.95329,,,,,A,NO PEDESTRIANS INVOLVED,2/12/2016 12:00:00 AM,A,22350,False,2.0,SR-85 S/B,,,3/10/2016 3:03:45 PM,A,S,150.0,SR-17,F,,A,3/10/2016 3:04:36 PM,3/10/2016 3:04:36 PM,,,2,,,,,,,
133947,9340-2016-6006,1,False,9340,3/9/2016 9:45:00 AM,945,088,1368,4313,San Jose,43,True,True,C,REAR END,,Wednesday,NotApplicable,False,,,False,True,False,Santa Clara Superior,C,OTHER MOTOR VEHICLE,,0,0,CLEAR,, NO UNUSUAL CONDITIONS,, ,A,DAYLIGHT,37.35048,-121.92075,,,,,A,NO PEDESTRIANS INVOLVED,3/9/2016 12:00:00 AM,A,22350,False,1.0,I-880 N/B,,,3/10/2016 2:17:04 PM,A,S,82.0,Coleman Ave,F,REFER TO PG. #3,D,3/10/2016 2:17:29 PM,3/10/2016 2:17:29 PM,,,2,,,,,,,
133934,9340-2016-6018,1,False,9340,3/9/2016 3:55:00 PM,1555,240,1368,4313,San Jose,43,True,True,C,REAR END,,Wednesday,NotApplicable,False,,,False,True,False,Santa Clara Superior,C,OTHER MOTOR VEHICLE,,0,0,CLOUDY,, NO UNUSUAL CONDITIONS,, ,A,DAYLIGHT,37.419115,-121.950405,E,0.5,237 SCL 6.905,M,A,NO PEDESTRIANS INVOLVED,3/9/2016 12:00:00 AM,A,22350,False,1.0,SR-237 E/B,,,3/10/2016 2:10:56 PM,A,E,0.5,NORTH FIRST ST.,M,,D,3/10/2016 2:11:28 PM,3/10/2016 2:11:28 PM,,,2,,,,,,,
133908,9340-2016-6000,1,False,9340,3/8/2016 8:00:00 PM,2000,281,1368,4313,San Jose,43,True,True,B,SIDE SWIPE,,Tuesday,NotApplicable,False,,,False,True,False,Santa Clara Superior,C,OTHER MOTOR VEHICLE,,0,0,CLOUDY,RAINING, NO UNUSUAL CONDITIONS,, ,C,DARK-STREET LIGHTS,37.31763,-121.93516,,,,,A,NO PEDESTRIANS INVOLVED,3/8/2016 12:00:00 AM,A,22107 VC,False,1.0,I-280 N/B TO SR-17 S/B,,,3/10/2016 1:58:25 PM,B,N,800.0,Bascom Ave,F,,D,3/10/2016 1:58:54 PM,3/10/2016 1:58:54 PM,,,2,,,,,,,
133813,9340-2016-5996,1,False,9340,3/8/2016 2:50:00 PM,1450,681,1368,4313,San Jose,43,True,True,C,REAR END,,Tuesday,NotApplicable,False,,,False,True,True,Santa Clara Superior,C,OTHER MOTOR VEHICLE,,0,0,CLOUDY,, NO UNUSUAL CONDITIONS,, ,A,DAYLIGHT,37.34467,-121.84511,,,,,A,NO PEDESTRIANS INVOLVED,3/8/2016 12:00:00 AM,A,22350,False,1.0,I-680 S/B,,,3/10/2016 1:01:25 PM,A,N,300.0,KING ROAD,F,,D,3/10/2016 1:02:01 PM,3/10/2016 1:02:01 PM,,,2,,,,,,,
133770,9340-2016-5997,1,False,9340,3/8/2016 5:45:00 PM,1745,089,1368,4313,San Jose,43,True,True,C,REAR END,,Tuesday,NotApplicable,False,,,False,True,False,Santa Clara Superior,C,OTHER MOTOR VEHICLE,,0,0,CLOUDY,, NO UNUSUAL CONDITIONS,, ,A,DAYLIGHT,37.99742,-121.90813,,,,,A,NO PEDESTRIANS INVOLVED,3/8/2016 12:00:00 AM,A,22350,False,1.0,I-880 S/B,,,3/10/2016 12:28:49 PM,B,S,800.0,MONTAGUE EXPRESSWAY,F,,D,3/10/2016 12:29:24 PM,3/10/2016 12:29:24 PM,,,2,,,,,,,
133762,9340-2016-5995,1,False,9340,3/8/2016 4:35:00 PM,1635,681,1368,4313,San Jose,43,True,True,E,HIT OBJECT,,Tuesday,NotApplicable,False,,,False,True,True,Santa Clara Superior,I,FIXED OBJECT,METAL GUARDRAIL,0,0,CLOUDY,, NO UNUSUAL CONDITIONS,, ,A,DAYLIGHT,37.40609,-121.87788,,,,,A,NO PEDESTRIANS INVOLVED,3/8/2016 12:00:00 AM,A,22107,False,1.0,I-680 S/B,,,3/10/2016 12:24:46 PM,B,N,250.0,CROPLEY AVENUE,F,,D,3/10/2016 12:25:15 PM,3/10/2016 12:25:15 PM,,,2,,,,,,,
133657,9725-2016-5904,1,False,9725,3/9/2016 4:20:00 PM,1620,013,1368,4313,San Jose,43,True,True,C,REAR END,,Wednesday,NotApplicable,False,,,False,True,False,Santa Clara Superior,C,OTHER MOTOR VEHICLE,,0,0,CLOUDY,, NO UNUSUAL CONDITIONS,, ,A,DAYLIGHT,37.17129,-121.67165,N,0.1,101 SCL 19.218,M,A,NO PEDESTRIANS INVOLVED,3/9/2016 12:00:00 AM,A,21658(a),False,2.0,US-101 SOUTHBOUND,,,3/10/2016 11:02:10 AM,A,N,0.1,COYOTE CREEK BRIDGE 37.349,M,,D,3/10/2016 11:02:47 AM,3/10/2016 11:02:47 AM,,,2,,,,,,,
133531,9340-2016-5993,1,False,9340,3/8/2016 5:00:00 PM,1700,110,1368,4313,San Jose,43,True,True,C,REAR END,,Tuesday,NotApplicable,False,,,False,True,False,Santa Clara Superior,C,OTHER MOTOR VEHICLE,,0,0,CLOUDY,RAINING, NO UNUSUAL CONDITIONS,, ,A,DAYLIGHT,37.35184,-121.86333,,,,,A,NO PEDESTRIANS INVOLVED,3/8/2016 12:00:00 AM,A,22350,False,2.0,US-101 S/B,,,3/10/2016 9:36:25 AM,B,N,1000.0,McKee Rd,F,,D,3/10/2016 9:36:54 AM,3/10/2016 9:36:54 AM,,,2,,,,,,,
133517,9340-2016-5611,1,False,9340,2/20/2016 2:54:00 PM,1454,110,1368,4313,San Jose,43,True,True,F,OVERTURNED,,Saturday,Yes,False,,,False,True,True,Santa Clara Superior,A,NON-COLLISION,,1,0,CLEAR,, NO UNUSUAL CONDITIONS,, ,A,DAYLIGHT,37.30401,-121.81584,,,,,A,NO PEDESTRIANS INVOLVED,2/20/2016 12:00:00 AM,A,22107,False,1.0,us-101 n/b from capitol expy w/b,,,3/10/2016 9:28:10 AM,A,S,3.0,Capitol Expy,F,,D,3/10/2016 9:28:51 AM,3/10/2016 9:28:51 AM,,,2,,,,,,,
133491,9340-2016-5981,1,False,9340,3/2/2016 8:15:00 AM,815,281,1368,4313,San Jose,43,True,True,E,HIT OBJECT,,Wednesday,Yes,True,,,False,True,False,Santa Clara Superior,I,FIXED OBJECT,BUSHES,0,0,CLEAR,, NO UNUSUAL CONDITIONS,, School Bus Collision,A,DAYLIGHT,37.185284,-121.544977,,,,,A,NO PEDESTRIANS INVOLVED,3/2/2016 12:00:00 AM,A,22107,False,1.0,I-280 S/B (from Moorpark Ave.),,,3/10/2016 9:17:10 AM,A,S,260.0,Meridian Ave,F,,D,3/10/2016 9:18:04 AM,3/10/2016 9:18:04 AM,,,2,,,,,,,
132900,9340-2016-5990,1,False,9340,3/8/2016 8:35:00 AM,835,120,1368,4313,San Jose,43,True,True,C,REAR END,,Tuesday,NotApplicable,False,,,False,True,False,Santa Clara Superior,C,OTHER MOTOR VEHICLE,,0,0,CLEAR,, NO UNUSUAL CONDITIONS,, ,A,DAYLIGHT,37.3726,-121.9202,,,,,A,NO PEDESTRIANS INVOLVED,3/8/2016 12:00:00 AM,A,22350,False,1.0,US-101 N/B FROM BROKAW RD,,,3/9/2016 1:55:52 PM,A,N,550.0,Brokaw Rd,F,,D,3/9/2016 1:56:30 PM,3/9/2016 1:56:30 PM,,,2,,,,,,,
132869,9340-2016-5986,1,False,9340,3/8/2016 9:30:00 AM,930,172,1368,4313,San Jose,43,True,True,C,REAR END,,Tuesday,NotApplicable,False,,,False,True,True,Santa Clara Superior,C,OTHER MOTOR VEHICLE,,0,0,CLEAR,, NO UNUSUAL CONDITIONS,, ,A,DAYLIGHT,37.310319,-121.940612,,,,,A,NO PEDESTRIANS INVOLVED,3/8/2016 12:00:00 AM,A,22350 VC,False,1.0,SR-17 N/B,,,3/9/2016 1:33:28 PM,A,S,1000.0,I-280,F,,D,3/9/2016 1:34:00 PM,3/9/2016 1:34:00 PM,,,2,,,,,,,
132863,9340-2016-5985,1,False,9340,3/8/2016 8:30:00 AM,830,281,1368,4313,San Jose,43,True,True,C,REAR END,,Tuesday,NotApplicable,False,,,False,True,False,Santa Clara Superior,C,OTHER MOTOR VEHICLE,,0,0,CLEAR,, NO UNUSUAL CONDITIONS,, ,A,DAYLIGHT,37.326618,-121.882915,,,,,A,NO PEDESTRIANS INVOLVED,3/8/2016 12:00:00 AM,A,22350 VC,False,1.0,I-280 N/B,,,3/9/2016 1:25:42 PM,A,S,100.0,FIRST ST.,F,,D,3/9/2016 1:26:14 PM,3/9/2016 1:26:14 PM,,,2,,,,,,,
132861,9340-2016-5991,1,False,9340,3/8/2016 6:20:00 AM,620,087,1368,4313,San Jose,43,True,True,C,REAR END,,Tuesday,NotApplicable,False,,,False,True,False,Santa Clara Superior,C,OTHER MOTOR VEHICLE,,0,0,CLEAR,, NO UNUSUAL CONDITIONS,, ,A,DAYLIGHT,37.1725,-121.5215,,,,,A,NO PEDESTRIANS INVOLVED,3/8/2016 12:00:00 AM,A,22350 vc,False,1.0,SR-87 N/B,,,3/9/2016 1:24:24 PM,A,S,1000.0,Curtner Ave,F,,D,3/9/2016 1:25:19 PM,3/9/2016 1:25:19 PM,,,2,,,,,,,
132850,9340-2016-5983,1,False,9340,3/8/2016 11:00:00 AM,1100,110,1368,4313,San Jose,43,True,True,C,REAR END,,Tuesday,NotApplicable,False,,,False,True,False,Santa Clara Superior,C,OTHER MOTOR VEHICLE,,0,0,CLEAR,, NO UNUSUAL CONDITIONS,, ,A,DAYLIGHT,37.5191,-121.81156,N,100.0,101 SCL 34.546,F,A,NO PEDESTRIANS INVOLVED,3/8/2016 12:00:00 AM,A,22350,False,1.0,US-101 N.B.,,,3/9/2016 1:10:00 PM,A,N,100.0,STORY ROAD,F,,D,3/9/2016 1:10:33 PM,3/9/2016 1:10:33 PM,,,2,,,,,,,
132840,9340-2016-6001,1,False,9340,3/8/2016 10:25:00 PM,2225,172,1368,4313,San Jose,43,True,True,F,OVERTURNED,,Tuesday,NotApplicable,False,,,False,True,False,Santa Clara Superior,A,NON-COLLISION,,0,0,CLOUDY,, NO UNUSUAL CONDITIONS,, ,C,DARK-STREET LIGHTS,37.31858,-121.93913,,,,,A,NO PEDESTRIANS INVOLVED,3/8/2016 12:00:00 AM,A,22350,False,1.0,SR-17 N/B TO I-280 N/B,,,3/9/2016 1:03:29 PM,A,N,300.0,Moorpark Ave,F,,D,3/9/2016 1:04:00 PM,3/9/2016 1:04:00 PM,,,2,,,,,,,
132837,9340-2016-5982,1,False,9340,3/8/2016 8:30:00 AM,830,120,1368,4313,San Jose,43,True,True,E,HIT OBJECT,,Tuesday,NotApplicable,False,,,False,True,False,Santa Clara Superior,J,OTHER OBJECT,LADDER,0,0,CLEAR,, NO UNUSUAL CONDITIONS,, ,A,DAYLIGHT,37.379,-121.93972,S,100.0,101 SCL 39.281,F,A,NO PEDESTRIANS INVOLVED,3/8/2016 12:00:00 AM,A,23114(a),False,1.0,US-101 N.B.,,,3/9/2016 1:00:56 PM,A,S,100.0,FIRST STREET,F,,D,3/9/2016 1:01:25 PM,3/9/2016 1:01:25 PM,,,2,,,,,,,
132818,9340-2016-5968,1,False,9340,3/7/2016 1:35:00 PM,1335,087,1368,4313,San Jose,43,True,True,B,SIDE SWIPE,,Monday,NotApplicable,False,,,False,True,False,Santa Clara Superior,C,OTHER MOTOR VEHICLE,,2,0,CLOUDY,RAINING, NO UNUSUAL CONDITIONS,, ,A,DAYLIGHT,37.33223,-121.889689,,,,,A,NO PEDESTRIANS INVOLVED,3/7/2016 12:00:00 AM,A,22350,False,2.0,SR-87 S/B,,,3/9/2016 12:48:09 PM,B,S,340.0,W Santa Clara St,F,,D,3/9/2016 12:48:43 PM,3/9/2016 12:48:43 PM,,,2,,,,,,,
132814,9340-2016-5979,1,False,9340,3/7/2016 6:55:00 PM,1855,281,1368,4313,San Jose,43,True,True,B,SIDE SWIPE,,Monday,NotApplicable,False,M,,False,True,False,Santa Clara Superior,C,OTHER MOTOR VEHICLE,,0,0,CLOUDY,RAINING, NO UNUSUAL CONDITIONS,, ,C,DARK-STREET LIGHTS,37.32629,-121.88268,,,,,A,NO PEDESTRIANS INVOLVED,3/7/2016 12:00:00 AM,A,21658(a) VC,False,1.0,I-280 S/B,,,3/9/2016 12:46:10 PM,B,S,300.0,1st St,F,,D,3/9/2016 12:46:47 PM,3/9/2016 12:46:47 PM,,,2,,,,,,,
132803,9340-2016-5978,1,False,9340,3/7/2016 5:45:00 PM,1745,681,1368,4313,San Jose,43,True,True,C,REAR END,,Monday,NotApplicable,False,,,False,True,True,SANTA CLARA,C,OTHER MOTOR VEHICLE,,0,0,CLOUDY,RAINING, NO UNUSUAL CONDITIONS,, ,A,DAYLIGHT,37.21436,-121.50338,,,,,A,NO PEDESTRIANS INVOLVED,3/7/2016 12:00:00 AM,A,22350(a) VC,False,1.0,I-680 S/B,,,3/9/2016 12:41:48 PM,B,N,400.0,Capitol Expwy.,F,,D,3/9/2016 12:42:26 PM,3/9/2016 12:42:26 PM,,,2,,,,,,,