Collision Id,	Report Number,	Report Version,	Is Preliminary,	NCIC Code,Crash Date Time,	Crash Time Description,	Beat,City Id,	City Code,	City Name,County Code,	City Is Active,	City Is Incorporated,	Collision Type Code,Collision Type Description,	Collision Type Other Desc,	Day Of Week,	DispatchNotified,	HasPhotographs,	HitRun,	IsAttachmentsMailed,	IsDeleted,	IsHighwayRelated,	IsTowAway,	JudicialDistrict,	MotorVehicleInvolvedWithCode,	MotorVehicleInvolvedWithDesc,MotorVehicleInvolvedWithOtherDesc,	NumberInjured,	NumberKilled,Weather 1, Weather 2, Road Condition 1, Road Condition 2, Special Condition,LightingCode, LightingDescription,Latitude,Longitude,MilepostDirection,MilepostDistance,MilepostMarker,MilepostUnitOfMeasure,	PedestrianActionCode,PedestrianActionDesc,PreparedDate,	Primary Collision Factor Code,Primary Collision Factor Violation,PrimaryCollisionFactorIsCited,	PrimaryCollisionPartyNumber,	PrimaryRoad,	ReportingDistrict,	ReportingDistrictCode,ReviewedDate,	RoadwaySurfaceCode,SecondaryDirection,	SecondaryDistance,	SecondaryRoad,	SecondaryUnitOfMeasure,	SketchDesc,	TrafficControlDeviceCode,CreatedDate,	ModifiedDate,IsCountyRoad,IsFreeway,CHP555Version,	IsAdditonalObjectStruck,NotificationDate,	NotificationTimeDescription,	HasDigitalMediaFiles,	EvidenceNumber,	IsLocationReferToNarrative,	IsAOIOneSameAsLocation
139636,9340-2016-6120,1,False,9340,3/14/2016 4:00:00 PM,1600,085,1368,4313,San Jose,43,True,True,D,BROADSIDE,,Monday,NotApplicable,False,,,False,True,True,Santa Clara Superior,C,OTHER MOTOR VEHICLE,,0,0,CLEAR,, NO UNUSUAL CONDITIONS,, ,A,DAYLIGHT,37.8999,-121.8999,,,,,A,NO PEDESTRIANS INVOLVED,3/14/2016 12:00:00 AM,A,22107,False,1.0,SR-85 S/B,,,3/18/2016 3:27:11 PM,A,S,1000.0,Camden Ave,F,,D,3/18/2016 3:27:46 PM,3/18/2016 3:27:46 PM,,,2,,,,,,,
139622,9340-2016-6123,1,False,9340,3/14/2016 5:15:00 PM,1715,088,1368,4313,San Jose,43,True,True,C,REAR END,,Monday,NotApplicable,False,M,,False,True,False,Santa Clara Superior,C,OTHER MOTOR VEHICLE,,0,0,CLEAR,, NO UNUSUAL CONDITIONS,, ,A,DAYLIGHT,37.33799,-121.93187,,,,,A,NO PEDESTRIANS INVOLVED,3/14/2016 12:00:00 AM,A,22350,False,2.0,I-880 N/B,,,3/18/2016 3:10:42 PM,A,S,200.0,Park Avenue,F,,D,3/18/2016 3:11:25 PM,3/18/2016 3:11:25 PM,,,2,,,,,,,
139592,9340-2016-6089,1,False,9340,3/13/2016 11:20:00 AM,1120,087,1368,4313,San Jose,43,True,True,B,SIDE SWIPE,,Sunday,NotApplicable,False,,,False,True,True,Santa Clara Superior,C,OTHER MOTOR VEHICLE,,0,0,RAINING,, NO UNUSUAL CONDITIONS,, ,A,DAYLIGHT,37.18483,-121.52346,,,,,A,NO PEDESTRIANS INVOLVED,3/13/2016 12:00:00 AM,A,22350,False,1.0,SR-87 N/B,,,3/18/2016 2:33:35 PM,B,S,160.0,ALMADEN EXPRESSWAY,F,,D,3/18/2016 2:34:03 PM,3/18/2016 2:34:03 PM,,,2,,,,,,,
139590,9340-2016-6117,1,False,9340,3/14/2016 3:30:00 PM,1530,087,1368,4313,San Jose,43,True,True,C,REAR END,,Monday,NotApplicable,False,,,False,True,False,Santa Clara Superior,C,OTHER MOTOR VEHICLE,,1,0,CLOUDY,, NO UNUSUAL CONDITIONS,, ,A,DAYLIGHT,37.8999,-121.8999,,,,,A,NO PEDESTRIANS INVOLVED,3/14/2016 12:00:00 AM,A,22350,False,1.0,SR-87 S/B,,,3/18/2016 2:30:43 PM,A,S,500.0,Alma Ave,F,,D,3/18/2016 2:31:22 PM,3/18/2016 2:31:22 PM,,,2,,,,,,,
139589,9340-2016-5719,1,False,9340,2/25/2016 7:10:00 PM,1910,083,1368,4313,San Jose,43,True,True,G,VEHICLE/PEDESTRAIN,,Thursday,Yes,True,,,False,True,False,Santa Clara Superior,B,PEDESTRIAN,,0,1,CLEAR,, NO UNUSUAL CONDITIONS,, Fatal,C,DARK-STREET LIGHTS,37.25579,-121.86246,,,,,D,CROSSING - NOT IN CROSSWALK,2/25/2016 12:00:00 AM,A,21954(a),False,1.0,SR-85 N/B from SR-87 S/B,,,3/18/2016 2:30:10 PM,A,N,995.0,Santa Teresa Boulevard,F,,D,3/18/2016 2:30:54 PM,3/18/2016 2:30:54 PM,,,2,,,,,,,
139486,9340-2016-5975,1,False,9340,3/7/2016 6:30:00 PM,1830,281,1368,4313,San Jose,43,True,True,E,HIT OBJECT,,Monday,NotApplicable,False,,,False,True,True,Santa Clara Superior,I,FIXED OBJECT,CONCRETE MEDIAN,0,0,RAINING,, NO UNUSUAL CONDITIONS,, ,C,DARK-STREET LIGHTS,37.31819,-121.93876,,,,,A,NO PEDESTRIANS INVOLVED,3/7/2016 12:00:00 AM,A,22350,False,1.0,i-280 n/b to i-880 n/b,,,3/18/2016 1:03:37 PM,B,S,300.0,I-880,F,,D,3/18/2016 1:04:05 PM,3/18/2016 1:04:05 PM,,,2,,,,,,,
139448,9340-2016-6122,1,False,9340,3/14/2016 5:00:00 PM,1700,120,1368,4313,San Jose,43,True,True,C,REAR END,,Monday,Yes,False,,,False,True,False,Santa Clara Superior,C,OTHER MOTOR VEHICLE,,0,0,CLEAR,, NO UNUSUAL CONDITIONS,, ,A,DAYLIGHT,37.37663,-121.94359,,,,,A,NO PEDESTRIANS INVOLVED,3/14/2016 12:00:00 AM,A,22350,False,1.0,US-101 S/B,,,3/18/2016 12:17:04 PM,A,N,950.0,Trimble Rd.,F,,D,3/18/2016 12:17:49 PM,3/18/2016 12:17:49 PM,,,2,,,,,,,
139446,9340-2016-6126,1,False,9340,3/14/2016 4:30:00 PM,1630,089,1368,4313,San Jose,43,True,True,C,REAR END,,Monday,NotApplicable,False,,,False,True,False,Santa Clara Superior,C,OTHER MOTOR VEHICLE,,0,0,CLOUDY,, NO UNUSUAL CONDITIONS,, ,A,DAYLIGHT,37.365676,-121.901384,N,125.0,101 SCL 38.257,F,A,NO PEDESTRIANS INVOLVED,3/14/2016 12:00:00 AM,A,22350,False,1.0,I-880 S/B,,,3/18/2016 12:14:40 PM,A,N,125.0,US101,F,,D,3/18/2016 12:15:10 PM,3/18/2016 12:15:10 PM,,,2,,,,,,,
139373,9340-2016-6090,1,False,9340,3/13/2016 12:40:00 PM,1240,281,1368,4313,San Jose,43,True,True,C,REAR END,,Sunday,NotApplicable,False,,,False,True,True,Santa Clara Superior,C,OTHER MOTOR VEHICLE,,0,0,RAINING,, NO UNUSUAL CONDITIONS,, ,A,DAYLIGHT,37.32651,-121.88199,,,,,A,NO PEDESTRIANS INVOLVED,3/13/2016 12:00:00 AM,A,22107,False,2.0,I-280 S/B,,,3/18/2016 10:41:56 AM,B,N,2000.0,7th St,F,,D,3/18/2016 10:42:40 AM,3/18/2016 10:42:40 AM,,,2,,,,,,,
139371,9340-2016-6087,1,False,9340,3/13/2016 9:00:00 AM,900,281,1368,4313,San Jose,43,True,True,E,HIT OBJECT,,Sunday,NotApplicable,False,,,False,True,False,Santa Clara Superior,I,FIXED OBJECT,CENTER DIVIDE,1,0,RAINING,, NO UNUSUAL CONDITIONS,, ,A,DAYLIGHT,37.19188,-121.55565,,,,,A,NO PEDESTRIANS INVOLVED,3/13/2016 12:00:00 AM,A,22107,False,1.0,I-280 N/B,,,3/18/2016 10:39:57 AM,B,N,1200.0,Bascom Ave,F,,D,3/18/2016 10:40:29 AM,3/18/2016 10:40:29 AM,,,2,,,,,,,
139216,9340-2016-6074,1,False,9340,3/12/2016 7:45:00 AM,745,089,1368,4313,San Jose,43,True,True,B,SIDE SWIPE,,Saturday,NotApplicable,False,,,False,True,True,Santa Clara Superior,C,OTHER MOTOR VEHICLE,,0,0,CLOUDY,, NO UNUSUAL CONDITIONS,, ,A,DAYLIGHT,37.36467,-121.90166,,,,,A,NO PEDESTRIANS INVOLVED,3/12/2016 12:00:00 AM,A,21658(a),False,2.0,I-880 S/B,,,3/18/2016 7:54:07 AM,A,S,500.0,Old Bayshore Hwy,F,,D,3/18/2016 7:54:35 AM,3/18/2016 7:54:35 AM,,,2,,,,,,,
139211,9340-2016-6096,1,False,9340,3/12/2016 11:52:00 PM,2352,282,1368,4313,San Jose,43,True,True,C,REAR END,,Saturday,NotApplicable,False,,,False,True,True,Santa Clara Superior,C,OTHER MOTOR VEHICLE,,0,0,RAINING,, NO UNUSUAL CONDITIONS,, ,D,DARK-NO STREET LIGHTS,37.31717,-121.94059,,,,,A,NO PEDESTRIANS INVOLVED,3/11/2016 12:00:00 AM,A,22350,False,1.0,I280 SB,,,3/18/2016 7:49:35 AM,B,N,50.0,I880,F,,D,3/18/2016 7:50:10 AM,3/18/2016 7:50:10 AM,,,2,,,,,,,
139209,9340-2016-6049,1,False,9340,3/11/2016 12:53:00 PM,1253,010,1368,4313,San Jose,43,True,True,E,HIT OBJECT,,Friday,NotApplicable,False,,,False,False,True,Santa Clara Superior,J,OTHER OBJECT,LIGHT POLE,1,0,CLEAR,, NO UNUSUAL CONDITIONS,, ,A,DAYLIGHT,37.316,-121.9323,,,,,A,NO PEDESTRIANS INVOLVED,3/11/2016 12:00:00 AM,A,22107,False,1.0,Bascom Ave,,,3/18/2016 7:46:40 AM,A,S,175.0,Moorpark Ave,F,,D,3/18/2016 7:47:14 AM,3/18/2016 7:47:14 AM,,,2,,,,,,,
139202,9340-2016-5941,1,False,9340,3/6/2016 12:25:00 PM,1225,281,1368,4313,San Jose,43,True,True,C,REAR END,,Sunday,NotApplicable,False,M,,False,True,True,Santa Clara Superior,C,OTHER MOTOR VEHICLE,,0,0,CLOUDY,, NO UNUSUAL CONDITIONS,, ,A,DAYLIGHT,37.328951,-121.871078,,,,,A,NO PEDESTRIANS INVOLVED,3/6/2016 12:00:00 AM,A,22350,False,1.0,I-280 N/B,,,3/18/2016 7:40:23 AM,A,S,25.0,11th St,F,,A,3/18/2016 7:41:09 AM,3/18/2016 7:41:09 AM,,,2,,,,,,,
138989,9340-2016-6059,1,False,9340,3/11/2016 9:50:00 AM,950,520,1368,4313,San Jose,43,True,True,B,SIDE SWIPE,,Friday,NotApplicable,False,M,,False,True,False,Santa Clara Superior,C,OTHER MOTOR VEHICLE,,0,0,CLOUDY,, NO UNUSUAL CONDITIONS,, ,A,DAYLIGHT,37.35406,-121.6874,,,,,A,NO PEDESTRIANS INVOLVED,3/11/2016 12:00:00 AM,A,21658(a),False,2.0,San Tomas Expy,,,3/17/2016 2:28:55 PM,B,S,60.0,Moorpark Ave,F,,D,3/17/2016 2:29:32 PM,3/17/2016 2:29:32 PM,,,2,,,,,,,
138915,9340-2016-6048,1,False,9340,3/11/2016 8:20:00 AM,820,901,1368,4313,San Jose,43,True,True,D,BROADSIDE,,Friday,NotApplicable,True,,,False,False,False,Santa Clara Superior,C,OTHER MOTOR VEHICLE,,0,0,CLOUDY,RAINING, NO UNUSUAL CONDITIONS,, School Bus Collision,A,DAYLIGHT,37.260803,-121.865239,,,,,A,NO PEDESTRIANS INVOLVED,3/11/2016 12:00:00 AM,B,22515a,,2.0,4849 Pearl Avenue- San Jose,,,3/17/2016 1:26:58 PM,B,E,33.0,Zincon ct,F,,D,3/17/2016 1:27:52 PM,3/17/2016 1:27:52 PM,,,2,,,,,,,
138890,9340-2016-6051,1,False,9340,3/11/2016 8:40:00 AM,840,901,1368,4313,San Jose,43,True,True,H,OTHER,non collision,Friday,NotApplicable,False,,,False,False,False,Santa Clara Superior,A,NON-COLLISION,,1,0,CLOUDY,RAINING, NO UNUSUAL CONDITIONS,, School Bus Collision,A,DAYLIGHT,37.3395,-121.792991,,,,,A,NO PEDESTRIANS INVOLVED,3/11/2016 12:00:00 AM,C,,,,2368 Portal Way- San Jose,,,3/17/2016 1:09:36 PM,B,S,33.0,Dias Drive,F,,D,3/17/2016 1:10:24 PM,3/17/2016 1:10:24 PM,,,2,,,,,,,
138024,9340-2016-6095,1,False,9340,3/13/2016 1:50:00 PM,1350,087,1368,4313,San Jose,43,True,True,E,HIT OBJECT,,Sunday,Yes,False,,,False,True,True,Santa Clara Superior,I,FIXED OBJECT,CONCRETE BARRIER,2,0,CLOUDY,RAINING, NO UNUSUAL CONDITIONS,, ,A,DAYLIGHT,37.26955,-121.86034,,,,,A,NO PEDESTRIANS INVOLVED,3/13/2016 12:00:00 AM,A,22107 VC,False,1.0,SR-87 N/B,,,3/16/2016 12:54:45 PM,B,S,0.4,CAPITOL EXPRESSWAY,M,,D,3/16/2016 12:55:24 PM,3/16/2016 12:55:24 PM,,,2,,,,,,,
138003,9340-2016-6086,1,False,9340,3/13/2016 8:45:00 AM,845,281,1368,4313,San Jose,43,True,True,B,SIDE SWIPE,,Sunday,NotApplicable,False,,,False,True,True,Santa Clara Superior,C,OTHER MOTOR VEHICLE,,2,0,RAINING,, NO UNUSUAL CONDITIONS,, ,A,DAYLIGHT,37.33832,-121.8545,,,,,A,NO PEDESTRIANS INVOLVED,3/13/2016 12:00:00 AM,A,22107,False,1.0,I-280 N/B,,,3/16/2016 12:38:38 PM,B,N,1000.0,US101,F,,D,3/16/2016 12:39:11 PM,3/16/2016 12:39:11 PM,,,2,,,,,,,
137961,9340-2016-6101,1,False,9340,3/13/2016 6:45:00 PM,1845,110,1368,4313,San Jose,43,True,True,D,BROADSIDE,,Sunday,NotApplicable,False,,,False,True,False,Santa Clara Superior,C,OTHER MOTOR VEHICLE,,0,0,CLOUDY,RAINING, NO UNUSUAL CONDITIONS,, ,C,DARK-STREET LIGHTS,37.33021,-121.84234,,,,,A,NO PEDESTRIANS INVOLVED,3/13/2016 12:00:00 AM,A,21658(a) VC,False,1.0,US-101 N/B TO I-280 N/B,,,3/16/2016 12:09:29 PM,B,S,0.5,Story Road,M,,D,3/16/2016 12:09:58 PM,3/16/2016 12:09:58 PM,,,2,,,,,,,
137957,9725-2016-5883,1,False,9725,3/5/2016 10:20:00 PM,2220,013,1368,4313,San Jose,43,True,True,F,OVERTURNED,,Saturday,NotApplicable,False,,,False,True,True,San Jose Superior,A,NON-COLLISION,,0,0,RAINING,, NO UNUSUAL CONDITIONS,, ,D,DARK-NO STREET LIGHTS,37.211975,-121.724972,,,,,A,NO PEDESTRIANS INVOLVED,3/5/2016 12:00:00 AM,A,22350,False,1.0,US-101 N/B,,,3/16/2016 12:04:32 PM,B,N,0.6,Bailey Ave,M,,D,3/16/2016 12:05:13 PM,3/16/2016 12:05:13 PM,,,2,,,,,,,
137951,9340-2016-6102,1,False,9340,3/12/2016 7:40:00 PM,1940,681,1368,4313,San Jose,43,True,True,C,REAR END,,Saturday,NotApplicable,False,,,False,True,True,Santa Clara Superior,C,OTHER MOTOR VEHICLE,,0,0,CLOUDY,RAINING, NO UNUSUAL CONDITIONS,, ,C,DARK-STREET LIGHTS,37.360082,-121.841168,,,,,A,NO PEDESTRIANS INVOLVED,3/12/2016 12:00:00 AM,A,22350,False,1.0,I-680 N/B,,,3/16/2016 12:02:46 PM,B,N,90.0,Alum Rock Ave,F,,D,3/16/2016 12:03:15 PM,3/16/2016 12:03:15 PM,,,2,,,,,,,
137945,9340-2016-6079,1,False,9340,3/12/2016 8:10:00 PM,2010,087,1368,4313,San Jose,43,True,True,D,BROADSIDE,,Saturday,NotApplicable,False,,,False,True,True,Santa Clara Superior,C,OTHER MOTOR VEHICLE,,0,0,RAINING,, NO UNUSUAL CONDITIONS,, ,D,DARK-NO STREET LIGHTS,37.8999,-121.8999,,,,,A,NO PEDESTRIANS INVOLVED,3/12/2016 12:00:00 AM,A,22350,False,1.0,SR-87 S/B,,,3/16/2016 11:56:27 AM,B,S,10.0,Julian St,F,,D,3/16/2016 11:57:01 AM,3/16/2016 11:57:01 AM,,,2,,,,,,,
137944,9725-2016-5183,1,False,9725,2/16/2016 12:15:00 AM,15,013,1368,4313,San Jose,43,True,True,D,BROADSIDE,,Tuesday,Yes,False,,,False,True,True,Santa Clara Superior,C,OTHER MOTOR VEHICLE,,3,0,CLEAR,, NO UNUSUAL CONDITIONS,, ,D,DARK-NO STREET LIGHTS,37.222605,-121.737583,,,,,A,NO PEDESTRIANS INVOLVED,2/16/2016 12:00:00 AM,A,21658(a),False,1.0,US-101 S/B,,,3/16/2016 11:55:43 AM,A,S,0.5,Metcalf Rd,M,,D,3/16/2016 11:56:52 AM,3/16/2016 11:56:52 AM,,,2,,,,,,,
137940,9340-2016-6078,1,False,9340,3/12/2016 7:10:00 PM,1910,087,1368,4313,San Jose,43,True,True,C,REAR END,,Saturday,NotApplicable,False,,,False,True,True,Santa Clara Superior,C,OTHER MOTOR VEHICLE,,0,0,RAINING,, NO UNUSUAL CONDITIONS,, ,D,DARK-NO STREET LIGHTS,37.8999,-121.8999,,,,,A,NO PEDESTRIANS INVOLVED,3/12/2016 12:00:00 AM,A,22350,False,1.0,SR-87 N/B TO SANTA CLARA STREET,,,3/16/2016 11:54:27 AM,B,S,500.0,SANTA CLARA STREET,F,,D,3/16/2016 11:55:02 AM,3/16/2016 11:55:02 AM,,,2,,,,,,,
137905,9340-2016-6064,1,False,9340,3/11/2016 3:55:00 PM,1555,088,1368,4313,San Jose,43,True,True,C,REAR END,,Friday,NotApplicable,False,,,False,True,False,Santa Clara Superior,C,OTHER MOTOR VEHICLE,,0,0,RAINING,, NO UNUSUAL CONDITIONS,, ,A,DAYLIGHT,37.214151,-121.541371,,,,,A,NO PEDESTRIANS INVOLVED,3/11/2016 12:00:00 AM,A,22350,False,1.0,I-880 N/B,,,3/16/2016 11:17:23 AM,B,S,1000.0,US-101,F,,D,3/16/2016 11:17:52 AM,3/16/2016 11:17:52 AM,,,2,,,,,,,
137859,9340-2016-6069,1,False,9340,3/11/2016 8:30:00 PM,2030,110,1368,4313,San Jose,43,True,True,B,SIDE SWIPE,,Friday,NotApplicable,False,M,,False,True,False,Santa Clara Superior,C,OTHER MOTOR VEHICLE,,0,0,CLOUDY,, NO UNUSUAL CONDITIONS,, ,D,DARK-NO STREET LIGHTS,37.3422,-121.8558,,,,,A,NO PEDESTRIANS INVOLVED,3/11/2016 12:00:00 AM,A,21658(a),False,1.0,US101 S/B,,,3/16/2016 10:48:47 AM,B,N,1000.0,Story Rd,F,,D,3/16/2016 10:49:22 AM,3/16/2016 10:49:22 AM,,,2,,,,,,,
137854,9340-2016-6050,1,False,9340,3/11/2016 12:00:00 PM,1200,087,1368,4313,San Jose,43,True,True,C,REAR END,,Friday,NotApplicable,False,,,False,True,False,Santa Clara Superior,C,OTHER MOTOR VEHICLE,,0,0,RAINING,, NO UNUSUAL CONDITIONS,, ,A,DAYLIGHT,37.29593,-121.87337,,,,,A,NO PEDESTRIANS INVOLVED,3/11/2016 12:00:00 AM,A,22350,False,1.0,SR-87 N/B,,,3/16/2016 10:45:40 AM,B,N,100.0,Almaden Expy,F,,D,3/16/2016 10:46:08 AM,3/16/2016 10:46:08 AM,,,2,,,,,,,
137837,9340-2016-6071,1,False,9340,3/11/2016 5:55:00 PM,1755,120,1368,4313,San Jose,43,True,True,B,SIDE SWIPE,,Friday,NotApplicable,False,,,False,True,False,Santa Clara Superior,C,OTHER MOTOR VEHICLE,,1,0,CLOUDY,, NO UNUSUAL CONDITIONS,, ,B,DUSK-DAWN,37.22139,-121.54464,,,,,A,NO PEDESTRIANS INVOLVED,3/11/2016 12:00:00 AM,A,21658(a),False,1.0,US-101 S/B,,,3/16/2016 10:33:17 AM,B,S,0.23,BROKAW ROAD,M,,D,3/16/2016 10:35:06 AM,3/16/2016 10:35:06 AM,,,2,,,,,,,
137822,9340-2016-6057,1,False,9340,3/11/2016 8:45:00 AM,845,530,1368,4313,San Jose,43,True,True,E,HIT OBJECT,,Friday,NotApplicable,False,,,False,True,True,Santa Clara Superior,I,FIXED OBJECT,LIGHT POST,0,0,RAINING,, NO UNUSUAL CONDITIONS,, ,A,DAYLIGHT,37.078234,-121.02847,,,,,A,NO PEDESTRIANS INVOLVED,3/11/2016 12:00:00 AM,A,22350,False,1.0,Montague Expy,,,3/16/2016 10:21:43 AM,B,W,35.0,Trimble Rd,F,,D,3/16/2016 10:22:16 AM,3/16/2016 10:22:16 AM,,,2,,,,,,,
137814,9340-2016-6052,1,False,9340,3/11/2016 12:00:00 PM,1200,087,1368,4313,San Jose,43,True,True,C,REAR END,,Friday,NotApplicable,False,,,False,True,True,Santa Clara Superior,C,OTHER MOTOR VEHICLE,,2,0,CLOUDY,RAINING, NO UNUSUAL CONDITIONS,, ,A,DAYLIGHT,37.29116,-121.87148,S,1000.0,87 SCL 2.826,F,A,NO PEDESTRIANS INVOLVED,3/11/2016 12:00:00 AM,A,22350,False,2.0,SR-87 N/B,,,3/16/2016 10:17:52 AM,B,S,1000.0,Curtner Ave,F,,D,3/16/2016 10:18:26 AM,3/16/2016 10:18:26 AM,,,2,,,,,,,
137803,9340-2016-6062,1,False,9340,3/11/2016 4:00:00 PM,1600,281,1368,4313,San Jose,43,True,True,C,REAR END,,Friday,NotApplicable,False,,,False,True,True,Santa Clara Superior,C,OTHER MOTOR VEHICLE,,1,0,RAINING,, NO UNUSUAL CONDITIONS,, ,A,DAYLIGHT,37.8999,-121.8999,,,,,A,NO PEDESTRIANS INVOLVED,3/11/2016 12:00:00 AM,A,22350,False,1.0,I-280 S/B,,,3/16/2016 10:11:02 AM,B,S,500.0,Lincoln Ave,F,,D,3/16/2016 10:11:39 AM,3/16/2016 10:11:39 AM,,,2,,,,,,,
137797,9340-2016-6054,1,False,9340,3/11/2016 11:40:00 AM,1140,087,1368,4313,San Jose,43,True,True,C,REAR END,,Friday,NotApplicable,False,,,False,True,True,Santa Clara Superior,C,OTHER MOTOR VEHICLE,,2,0,CLOUDY,RAINING, NO UNUSUAL CONDITIONS,, ,A,DAYLIGHT,37.305369,-121.879355,N,500.0,87 SCL 3.563,F,A,NO PEDESTRIANS INVOLVED,3/11/2016 12:00:00 AM,A,22350,False,2.0,SR-87 N/B,,,3/16/2016 10:07:26 AM,B,N,500.0,Almaden Road,F,,D,3/16/2016 10:07:59 AM,3/16/2016 10:07:59 AM,,,2,,,,,,,
137789,9340-2016-6065,1,False,9340,3/11/2016 6:45:00 PM,1845,087,1368,4313,San Jose,43,True,True,E,HIT OBJECT,,Friday,NotApplicable,False,,,False,True,False,Santa Clara Superior,I,FIXED OBJECT,LIGHT POLE,0,0,RAINING,, NO UNUSUAL CONDITIONS,, ,A,DAYLIGHT,37.372408,-121.927106,S,500.0,87 SCL 9.250,F,A,NO PEDESTRIANS INVOLVED,3/11/2016 12:00:00 AM,A,22107,False,1.0,SR-87 N/B,,,3/16/2016 10:02:29 AM,B,S,500.0,US-101,F,SEE PAGE 3.,D,3/16/2016 10:02:55 AM,3/16/2016 10:02:55 AM,,,2,,,,,,,
137745,9340-2016-6027,1,False,9340,3/10/2016 12:40:00 PM,1240,087,1368,4313,San Jose,43,True,True,C,REAR END,,Thursday,NotApplicable,False,M,,False,True,False,Santa Clara Superior,C,OTHER MOTOR VEHICLE,,0,0,CLOUDY,, NO UNUSUAL CONDITIONS,, ,A,DAYLIGHT,37.31321,-121.88599,,,,,A,NO PEDESTRIANS INVOLVED,3/10/2016 12:00:00 AM,A,22350,False,1.0,SR-87 S/B,,,3/16/2016 9:35:50 AM,A,S,600.0,Alma Ave,F,,D,3/16/2016 9:36:18 AM,3/16/2016 9:36:18 AM,,,2,,,,,,,
137738,9340-2016-6080,1,False,9340,3/12/2016 6:51:00 PM,1851,120,1368,4313,San Jose,43,True,True,C,REAR END,,Saturday,NotApplicable,False,,,False,True,False,Santa Clara Superior,C,OTHER MOTOR VEHICLE,,0,0,CLOUDY,, NO UNUSUAL CONDITIONS,, ,D,DARK-NO STREET LIGHTS,37.222809,-121.555385,,,,,A,NO PEDESTRIANS INVOLVED,3/12/2016 12:00:00 AM,A,22350,False,1.0,US101 S/B,,,3/16/2016 9:31:21 AM,B,N,1000.0,SR-87,F,,D,3/16/2016 9:31:49 AM,3/16/2016 9:31:49 AM,,,2,,,,,,,
137731,9340-2016-6040,1,False,9340,3/10/2016 5:15:00 PM,1715,083,1368,4313,San Jose,43,True,True,C,REAR END,,Thursday,NotApplicable,False,,,False,True,True,Santa Clara Superior,C,OTHER MOTOR VEHICLE,,0,0,CLOUDY,, NO UNUSUAL CONDITIONS,, ,A,DAYLIGHT,37.25531,-121.862272,,,,,A,NO PEDESTRIANS INVOLVED,3/10/2016 12:00:00 AM,A,22350,False,1.0,SR-85 S/B,,,3/16/2016 9:28:59 AM,A,N,600.0,SR-87,F,,D,3/16/2016 9:29:29 AM,3/16/2016 9:29:29 AM,,,2,,,,,,,
137723,9340-2016-6034,1,False,9340,3/10/2016 2:35:00 PM,1435,087,1368,4313,San Jose,43,True,True,C,REAR END,,Thursday,NotApplicable,False,M,,False,True,True,Santa Clara Superior,C,OTHER MOTOR VEHICLE,,0,0,CLOUDY,, NO UNUSUAL CONDITIONS,, ,A,DAYLIGHT,37.272693,-121.862369,,,,,A,NO PEDESTRIANS INVOLVED,3/10/2016 12:00:00 AM,A,22350,False,1.0,SR-87 N/B,,,3/16/2016 9:25:26 AM,A,S,1050.0,Capitol Expy,F,,D,3/16/2016 9:25:56 AM,3/16/2016 9:25:56 AM,,,2,,,,,,,
137628,9340-2016-6022,1,False,9340,3/9/2016 11:25:00 PM,2325,681,1368,4313,San Jose,43,True,True,E,HIT OBJECT,,Wednesday,Yes,False,,,False,True,True,Santa Clara Superior,I,FIXED OBJECT,Concrete Wall,0,0,CLEAR,, NO UNUSUAL CONDITIONS,, ,C,DARK-STREET LIGHTS,37.3555,-121.8398,,,,,A,NO PEDESTRIANS INVOLVED,3/9/2016 12:00:00 AM,A,22106,True,1.0,I-680 S/B to Capitol Expressway,,,3/16/2016 8:35:47 AM,A,N,300.0,Capitol Expy,F,,D,3/16/2016 8:36:26 AM,3/16/2016 8:36:26 AM,,,2,,,,,,,
137589,9340-2016-6118,1,False,9340,3/14/2016 2:00:00 AM,200,087,1368,4313,San Jose,43,True,True,E,HIT OBJECT,,Monday,Yes,False,,,False,True,False,Santa Clara Superior,I,FIXED OBJECT,LIGHT POLE,0,0,CLOUDY,, NO UNUSUAL CONDITIONS,, ,C,DARK-STREET LIGHTS,37.37121,-121.92684,N,0.3,87 SCL 7.00,M,A,NO PEDESTRIANS INVOLVED,3/14/2016 12:00:00 AM,A,23152(a),True,1.0,SR-87 N/B,,,3/16/2016 8:07:20 AM,B,N,0.3,Skyport Dr,M,,D,3/16/2016 8:07:57 AM,3/16/2016 8:07:57 AM,,,2,,,,,,,