Collision Id,	Report Number,	Report Version,	Is Preliminary,	NCIC Code,Crash Date Time,	Crash Time Description,	Beat,City Id,	City Code,	City Name,County Code,	City Is Active,	City Is Incorporated,	Collision Type Code,Collision Type Description,	Collision Type Other Desc,	Day Of Week,	DispatchNotified,	HasPhotographs,	HitRun,	IsAttachmentsMailed,	IsDeleted,	IsHighwayRelated,	IsTowAway,	JudicialDistrict,	MotorVehicleInvolvedWithCode,	MotorVehicleInvolvedWithDesc,MotorVehicleInvolvedWithOtherDesc,	NumberInjured,	NumberKilled,Weather 1, Weather 2, Road Condition 1, Road Condition 2, Special Condition,LightingCode, LightingDescription,Latitude,Longitude,MilepostDirection,MilepostDistance,MilepostMarker,MilepostUnitOfMeasure,	PedestrianActionCode,PedestrianActionDesc,PreparedDate,	Primary Collision Factor Code,Primary Collision Factor Violation,PrimaryCollisionFactorIsCited,	PrimaryCollisionPartyNumber,	PrimaryRoad,	ReportingDistrict,	ReportingDistrictCode,ReviewedDate,	RoadwaySurfaceCode,SecondaryDirection,	SecondaryDistance,	SecondaryRoad,	SecondaryUnitOfMeasure,	SketchDesc,	TrafficControlDeviceCode,CreatedDate,	ModifiedDate,IsCountyRoad,IsFreeway,CHP555Version,	IsAdditonalObjectStruck,NotificationDate,	NotificationTimeDescription,	HasDigitalMediaFiles,	EvidenceNumber,	IsLocationReferToNarrative,	IsAOIOneSameAsLocation
137572,9340-2016-5958,1,False,9340,3/7/2016 12:08:00 PM,1208,120,1368,4313,San Jose,43,True,True,C,REAR END,,Monday,NotApplicable,False,M,,False,True,False,Santa Clara Superior,C,OTHER MOTOR VEHICLE,,0,0,CLOUDY,RAINING, NO UNUSUAL CONDITIONS,, ,A,DAYLIGHT,37.3925,-122.0006,,,,,A,NO PEDESTRIANS INVOLVED,3/7/2016 12:00:00 AM,D,,,,US-101 SOUTHBOUND,,,3/16/2016 7:54:42 AM,B,N,500.0,LAWRENCE EXPRESSWAY O/C,F,,D,3/16/2016 7:55:28 AM,3/16/2016 7:55:28 AM,,,2,,,,,,,
137570,9340-2016-6043,1,False,9340,3/11/2016 1:50:00 AM,150,901,1368,4313,San Jose,43,True,True,B,SIDE SWIPE,,Friday,Yes,False,,,False,False,True,Santa Clara Superior,E,PARKED MOTOR VEHICLE,,0,0,CLEAR,, NO UNUSUAL CONDITIONS,, ,C,DARK-STREET LIGHTS,37.36472,-121.82692,,,,,A,NO PEDESTRIANS INVOLVED,3/11/2016 12:00:00 AM,A,23152(a),True,1.0,S. WHITE ROAD,,,3/16/2016 7:53:09 AM,A,N,60.0,Rose Ave,F,,D,3/16/2016 7:53:50 AM,3/16/2016 7:53:50 AM,,,2,,,,,,,
137470,9340-2016-5731,1,False,9340,2/25/2016 1:20:00 PM,1320,282,1368,4313,San Jose,43,True,True,E,HIT OBJECT,,Thursday,NotApplicable,False,,,False,True,True,Santa Clara Superior,I,FIXED OBJECT,DEBRIS FROM V-1,0,0,CLEAR,, NO UNUSUAL CONDITIONS,, ,A,DAYLIGHT,37.31662,-121.95308,,,,,A,NO PEDESTRIANS INVOLVED,2/25/2016 12:00:00 AM,A,23114(a),False,1.0,I-280 S/B,,,3/16/2016 5:43:26 AM,A,N,1000.0,Saratoga Ave,F,,D,3/16/2016 5:44:03 AM,3/16/2016 5:44:03 AM,,,2,,,,,,,
158140,9340-2016-6689,1,False,9340,4/10/2016 11:40:00 AM,1140,281,1368,4313,San Jose,43,True,True,E,HIT OBJECT,,Sunday,NotApplicable,False,,,False,True,True,Santa Clara Superior,I,FIXED OBJECT,BRIDGE RAIL,0,0,RAINING,, NO UNUSUAL CONDITIONS,, ,A,DAYLIGHT,37.33791,-121.8533,,,,,A,NO PEDESTRIANS INVOLVED,4/10/2016 12:00:00 AM,A,22107,True,1.0,I280 SB TO US101 SB,,,4/14/2016 3:29:36 PM,B,N,750.0,US101,F,,D,4/14/2016 3:30:05 PM,4/14/2016 3:30:05 PM,,,2,,,,,,,
158129,9340-2016-6690,1,False,9340,4/9/2016 8:50:00 AM,850,087,1368,4313,San Jose,43,True,True,E,HIT OBJECT,,Saturday,NotApplicable,False,,,False,True,True,Santa Clara Superior,I,FIXED OBJECT,CONCRETE MEDIAN,1,0,CLOUDY,, NO UNUSUAL CONDITIONS,, ,A,DAYLIGHT,37.221668,-121.553696,,,,,A,NO PEDESTRIANS INVOLVED,4/9/2016 12:00:00 AM,A,22350,False,1.0,SR-87 N/B,,,4/14/2016 3:21:14 PM,B,S,780.0,US-101,F,,D,4/14/2016 3:21:54 PM,4/14/2016 3:21:54 PM,,,2,,,,,,,
158073,9340-2016-6728,1,False,9340,4/12/2016 4:08:00 PM,1608,120,1368,4313,San Jose,43,True,True,B,SIDE SWIPE,,Tuesday,NotApplicable,False,,,False,True,False,Santa Clara Superior,C,OTHER MOTOR VEHICLE,,0,0,CLEAR,, NO UNUSUAL CONDITIONS,, ,A,DAYLIGHT,37.37648,-121.94277,,,,,A,NO PEDESTRIANS INVOLVED,4/12/2016 12:00:00 AM,A,21658(a),False,2.0,US-101 S/B,,,4/14/2016 2:36:45 PM,A,N,600.0,Trimble Rd,F,,D,4/14/2016 2:37:22 PM,4/14/2016 2:37:22 PM,,,2,,,,,,,
158050,9340-2016-6749,1,False,9340,4/13/2016 2:05:00 PM,1405,087,1368,4313,San Jose,43,True,True,C,REAR END,,Wednesday,NotApplicable,False,,,False,True,True,Santa Clara Superior,C,OTHER MOTOR VEHICLE,,0,0,CLEAR,, NO UNUSUAL CONDITIONS,, ,A,DAYLIGHT,37.1839,-121.531,,,,,A,NO PEDESTRIANS INVOLVED,4/13/2016 12:00:00 AM,A,22350,False,3.0,SR-87 N/B,,,4/14/2016 2:19:26 PM,A,N,20.0,Alma Avenue,F,,D,4/14/2016 2:20:04 PM,4/14/2016 2:20:04 PM,,,2,,,,,,,
158037,9340-2016-6686,1,False,9340,4/10/2016 6:50:00 AM,650,681,1368,4313,San Jose,43,True,True,E,HIT OBJECT,,Sunday,NotApplicable,False,,,False,True,True,Santa Clara Superior,I,FIXED OBJECT,CONCRETE BARRIER,0,0,CLOUDY,RAINING, NO UNUSUAL CONDITIONS,, ,B,DUSK-DAWN,37.39774,-121.87529,,,,,A,NO PEDESTRIANS INVOLVED,4/10/2016 12:00:00 AM,A,22107,False,1.0,I-680 S/B,,,4/14/2016 2:12:47 PM,B,S,300.0,Hostetter Rd,F,,D,4/14/2016 2:13:16 PM,4/14/2016 2:13:16 PM,,,2,,,,,,,
158025,9340-2016-6675,1,False,9340,4/9/2016 4:00:00 PM,1600,087,1368,4313,San Jose,43,True,True,B,SIDE SWIPE,,Saturday,NotApplicable,False,,,False,True,True,Santa Clara Superior,C,OTHER MOTOR VEHICLE,,1,0,RAINING,, NO UNUSUAL CONDITIONS,, ,A,DAYLIGHT,37.32925,-121.89527,,,,,A,NO PEDESTRIANS INVOLVED,4/9/2016 12:00:00 AM,A,22107,False,1.0,SR-87 N/B,,,4/14/2016 2:04:47 PM,B,S,400.0,Santa Clara St,F,,D,4/14/2016 2:05:27 PM,4/14/2016 2:05:27 PM,,,2,,,,,,,
158021,9340-2016-6653,1,False,9340,4/8/2016 8:40:00 PM,2040,171,1368,4313,San Jose,43,True,True,B,SIDE SWIPE,,Friday,NotApplicable,False,,,False,True,True,Santa Clara Superior,C,OTHER MOTOR VEHICLE,,0,0,RAINING,, NO UNUSUAL CONDITIONS,, ,D,DARK-NO STREET LIGHTS,37.2565,-121.9549,,,,,A,NO PEDESTRIANS INVOLVED,4/8/2016 12:00:00 AM,A,22107,False,1.0,SR 17 n/b (from SR 85 s/b),,,4/14/2016 2:02:34 PM,B,N,200.0,SR 85,F,,D,4/14/2016 2:03:07 PM,4/14/2016 2:03:07 PM,,,2,,,,,,,
157974,9340-2016-6488,1,False,9340,3/31/2016 5:05:00 PM,1705,083,1368,4313,San Jose,43,True,True,C,REAR END,,Thursday,NotApplicable,False,M,,False,True,False,Santa Clara Superior,C,OTHER MOTOR VEHICLE,,0,0,CLEAR,, NO UNUSUAL CONDITIONS,, ,A,DAYLIGHT,37.251661,-121.838419,,,,,A,NO PEDESTRIANS INVOLVED,3/31/2016 12:00:00 AM,A,22350,False,1.0,SR-85 N/B,,,4/14/2016 1:32:32 PM,A,N,1200.0,Blossom Hill Rd,F,,D,4/14/2016 1:33:03 PM,4/14/2016 1:33:03 PM,,,2,,,,,,,
157937,9340-2016-6381,1,False,9340,3/25/2016 5:15:00 PM,1715,110,1368,4313,San Jose,43,True,True,E,HIT OBJECT,,Friday,NotApplicable,False,M,,False,True,True,Santa Clara Superior,I,FIXED OBJECT,GUARDRAIL,0,0,CLEAR,, NO UNUSUAL CONDITIONS,, ,C,DARK-STREET LIGHTS,37.27047,-121.80296,,,,,A,NO PEDESTRIANS INVOLVED,3/25/2016 12:00:00 AM,A,22107 VC,False,1.0,US101 N/B,,,4/14/2016 1:08:15 PM,A,S,1500.0,Hellyer Ave,F,,D,4/14/2016 1:09:02 PM,4/14/2016 1:09:02 PM,,,2,,,,,,,
157923,9340-2016-5876,1,False,9340,3/2/2016 3:40:00 PM,1540,120,1368,4313,San Jose,43,True,True,B,SIDE SWIPE,,Wednesday,NotApplicable,False,,,False,True,False,Santa Clara Superior,C,OTHER MOTOR VEHICLE,,1,0,CLEAR,, NO UNUSUAL CONDITIONS,, ,A,DAYLIGHT,37.365049,-121.904167,,,,,A,NO PEDESTRIANS INVOLVED,3/2/2016 12:00:00 AM,A,21658(a),True,1.0,US-101 S/B,,,4/14/2016 12:54:26 PM,A,N,500.0,I-880,F,,D,4/14/2016 12:55:08 PM,4/14/2016 12:55:08 PM,,,2,,,,,,,
157803,9340-2016-6510,1,False,9340,4/1/2016 9:54:00 AM,954,087,1368,4313,San Jose,43,True,True,B,SIDE SWIPE,,Friday,NotApplicable,False,M,,False,True,False,Santa Clara Superior,C,OTHER MOTOR VEHICLE,,0,0,CLEAR,, NO UNUSUAL CONDITIONS,, ,A,DAYLIGHT,37.30729,-121.88095,,,,,A,NO PEDESTRIANS INVOLVED,4/1/2016 12:00:00 AM,A,21755(a),False,1.0,SR-87 N/B,,,4/14/2016 10:50:15 AM,A,S,365.0,Alma Ave,F,,D,4/14/2016 10:51:02 AM,4/14/2016 10:51:02 AM,,,2,,,,,,,
157791,9340-2016-6758,1,False,9340,4/13/2016 2:20:00 PM,1420,120,1368,4313,San Jose,43,True,True,C,REAR END,,Wednesday,NotApplicable,False,,,False,True,False,Santa Clara Superior,C,OTHER MOTOR VEHICLE,,1,0,CLOUDY,, NO UNUSUAL CONDITIONS,, ,A,DAYLIGHT,37.3766,-121.94232,N,400.0,101 SCL 40.701,F,A,NO PEDESTRIANS INVOLVED,4/13/2016 12:00:00 AM,A,22350,False,2.0,US-101 S/B,,,4/14/2016 10:39:49 AM,A,N,400.0,De la Cruz Blvd,F,,D,4/14/2016 10:40:25 AM,4/14/2016 10:40:25 AM,,,2,,,,,,,
157750,9340-2016-6739,1,False,9340,4/13/2016 7:45:00 AM,745,083,1368,4313,San Jose,43,True,True,C,REAR END,,Wednesday,NotApplicable,False,M,,False,True,False,Santa Clara Superior,C,OTHER MOTOR VEHICLE,,0,0,CLEAR,, NO UNUSUAL CONDITIONS,, ,A,DAYLIGHT,37.243503,-121.818556,,,,,A,NO PEDESTRIANS INVOLVED,4/13/2016 12:00:00 AM,A,22350 vc,False,1.0,SR-85 N/B,,,4/14/2016 10:16:15 AM,A,S,1200.0,Blossom Hill Rd,F,,D,4/14/2016 10:17:11 AM,4/14/2016 10:17:11 AM,,,2,,,,,,,
157660,9340-2016-6682,1,False,9340,4/10/2016 10:30:00 AM,1030,172,1368,4313,San Jose,43,True,True,E,HIT OBJECT,,Sunday,NotApplicable,False,,,False,True,True,Santa Clara Superior,J,OTHER OBJECT,LIGHT POLE,0,0,CLOUDY,RAINING, NO UNUSUAL CONDITIONS,, ,A,DAYLIGHT,37.31761,-121.93942,,,,,A,NO PEDESTRIANS INVOLVED,4/10/2016 12:00:00 AM,A,22107,False,1.0,SR-17 N/B TO I-280 N/B,,,4/14/2016 9:23:21 AM,B,N,60.0,I-280,F,,D,4/14/2016 9:23:49 AM,4/14/2016 9:23:49 AM,,,2,,,,,,,
157629,9340-2016-6669,1,False,9340,4/9/2016 1:10:00 AM,110,282,1368,4313,San Jose,43,True,True,F,OVERTURNED,,Saturday,Yes,False,,,False,True,True,Santa Clara Superior,A,NON-COLLISION,,1,0,RAINING,, NO UNUSUAL CONDITIONS,, ,D,DARK-NO STREET LIGHTS,37.33433,-122.0351,,,,,A,NO PEDESTRIANS INVOLVED,4/9/2016 12:00:00 AM,A,23152(a),True,1.0,I-280 S/B,,,4/14/2016 9:02:09 AM,B,N,800.0,Saratoga Ave,F,,D,4/14/2016 9:03:03 AM,4/14/2016 9:03:03 AM,,,2,,,,,,,
157522,9340-2016-6712,1,False,9340,4/11/2016 7:30:00 PM,1930,681,1368,4313,San Jose,43,True,True,C,REAR END,,Monday,NotApplicable,False,F,,False,True,True,Santa Clara Superior,C,OTHER MOTOR VEHICLE,,1,0,CLEAR,, NO UNUSUAL CONDITIONS,, ,D,DARK-NO STREET LIGHTS,37.38056,-121.85902,,,,,A,NO PEDESTRIANS INVOLVED,4/11/2016 12:00:00 AM,A,22350,False,1.0,I-680 S/B,,,4/14/2016 8:04:48 AM,A,S,500.0,Berryessa Rd,F,,D,4/14/2016 8:05:29 AM,4/14/2016 8:05:29 AM,,,2,,,,,,,
157401,9725-2016-6078,1,False,9725,4/12/2016 9:35:00 PM,2135,013,1368,4313,San Jose,43,True,True,E,HIT OBJECT,,Tuesday,NotApplicable,False,,,False,True,True,Santa Clara Superior,I,FIXED OBJECT,CONCRETE K-RAIL,0,0,CLEAR,, NO UNUSUAL CONDITIONS,, ,D,DARK-NO STREET LIGHTS,37.2106,-121.72352,,,,,A,NO PEDESTRIANS INVOLVED,4/12/2016 12:00:00 AM,A,22350,False,1.0,US-101 N/B FROM BAILEY AVE. E/B,,,4/14/2016 6:33:40 AM,A,S,86.0,BAILEY AVE.,F,,D,4/14/2016 6:39:32 AM,4/14/2016 6:39:32 AM,,,2,,,,,,,
157145,9340-2016-6734,1,False,9340,4/13/2016 8:40:00 AM,840,120,1368,4313,San Jose,43,True,True,C,REAR END,,Wednesday,NotApplicable,False,M,,False,True,False,Santa Clara Superior,C,OTHER MOTOR VEHICLE,,0,0,CLEAR,, NO UNUSUAL CONDITIONS,, ,A,DAYLIGHT,37.377692,-121.947121,,,,,A,NO PEDESTRIANS INVOLVED,4/13/2016 12:00:00 AM,A,22350,False,2.0,US-101 NORTHBOUND,,,4/13/2016 3:13:28 PM,A,N,0.3,DE LA CRUZ BLVD O/C,M,,D,4/13/2016 3:13:58 PM,4/13/2016 3:13:58 PM,,,2,,,,,,,
157134,9340-2016-6636,1,False,9340,4/7/2016 9:10:00 AM,910,901,1368,4313,San Jose,43,True,True,C,REAR END,,Thursday,NotApplicable,False,M,,False,False,False,Santa Clara Superior,C,OTHER MOTOR VEHICLE,,0,0,CLEAR,, NO UNUSUAL CONDITIONS,, ,A,DAYLIGHT,37.248602,-121.909697,,,,,A,NO PEDESTRIANS INVOLVED,4/7/2016 12:00:00 AM,A,22350,False,1.0,Camden Ave,,,4/13/2016 3:02:10 PM,A,S,60.0,Little Branham Ln,F,,A,4/13/2016 3:02:47 PM,4/13/2016 3:02:47 PM,,,2,,,,,,,
157021,9340-2016-6443,1,False,9340,3/28/2016 10:30:00 PM,2230,087,1368,4313,San Jose,43,True,True,C,REAR END,,Monday,NotApplicable,False,,,False,True,False,Santa Clara Superior,C,OTHER MOTOR VEHICLE,,0,0,CLEAR,, NO UNUSUAL CONDITIONS,, ,C,DARK-STREET LIGHTS,37.364947,-121.918945,,,,,A,NO PEDESTRIANS INVOLVED,3/28/2016 12:00:00 AM,A,22350,False,1.0,SR-87 N/B FROM SKYPORT DR.,,,4/13/2016 1:58:42 PM,A,N,200.0,Skyport Dr,F,,A,4/13/2016 1:59:17 PM,4/13/2016 1:59:17 PM,,,2,,,,,,,
157011,9340-2016-6733,1,False,9340,4/12/2016 3:05:00 PM,1505,110,1368,4313,San Jose,43,True,True,B,SIDE SWIPE,,Tuesday,NotApplicable,False,,,False,True,False,Santa Clara Superior,C,OTHER MOTOR VEHICLE,,0,0,CLOUDY,, NO UNUSUAL CONDITIONS,, ,A,DAYLIGHT,37.20177,-121.50574,,,,,A,NO PEDESTRIANS INVOLVED,4/12/2016 12:00:00 AM,A,21658(a),False,,US-101 N/B TO I-680 N/B,,,4/13/2016 1:52:20 PM,A,N,791.0,Story Road,F,,D,4/13/2016 1:52:52 PM,4/13/2016 1:52:52 PM,,,2,,,,,,,
156984,9340-2016-6723,1,False,9340,4/12/2016 5:06:00 PM,1706,087,1368,4313,San Jose,43,True,True,C,REAR END,,Tuesday,Yes,False,,,False,True,True,Santa Clara Superior,C,OTHER MOTOR VEHICLE,,1,0,CLOUDY,, NO UNUSUAL CONDITIONS,, ,A,DAYLIGHT,37.31928,-121.89027,,,,,A,NO PEDESTRIANS INVOLVED,4/12/2016 12:00:00 AM,A,22350,False,1.0,SR-87 S/B,,,4/13/2016 1:25:12 PM,A,S,800.0,I-280,F,,D,4/13/2016 1:25:54 PM,4/13/2016 1:25:54 PM,,,2,,,,,,,
156969,9340-2016-6724,2,False,9340,4/12/2016 3:30:00 PM,1530,083,1368,4313,San Jose,43,True,True,C,REAR END,,Tuesday,NotApplicable,False,,,False,True,True,Santa Clara Superior,C,OTHER MOTOR VEHICLE,,0,0,CLOUDY,, NO UNUSUAL CONDITIONS,, ,A,DAYLIGHT,37.25185,-121.83949,,,,,A,NO PEDESTRIANS INVOLVED,4/12/2016 12:00:00 AM,A,22350,False,1.0,SR-85 S/B,,,12/14/2016 11:11:03 AM,A,N,100.0,Blossom Hill Rd,F,,D,4/13/2016 1:05:43 PM,12/14/2016 11:11:15 AM,,,2,,,,,,,
156962,9340-2016-5788,1,False,9340,2/29/2016 11:15:00 AM,1115,681,1368,4313,San Jose,43,True,True,C,REAR END,,Monday,NotApplicable,False,F,,False,True,False,Santa Clara Superior,C,OTHER MOTOR VEHICLE,,0,0,CLEAR,, NO UNUSUAL CONDITIONS,, ,A,DAYLIGHT,37.369377,-121.847519,,,,,A,NO PEDESTRIANS INVOLVED,2/29/2016 12:00:00 AM,A,22350,False,1.0,I-680 S/B,,,4/13/2016 1:00:33 PM,A,N,300.0,McKee Rd,F,,D,4/13/2016 1:01:03 PM,4/13/2016 1:01:03 PM,,,2,,,,,,,
156959,9340-2016-6725,1,False,9340,4/12/2016 8:45:00 PM,2045,083,1368,4313,San Jose,43,True,True,C,REAR END,,Tuesday,NotApplicable,False,,,False,True,False,Santa Clara Superior,C,OTHER MOTOR VEHICLE,,1,0,CLOUDY,, NO UNUSUAL CONDITIONS,, ,C,DARK-STREET LIGHTS,37.25558,-121.85312,,,,,A,NO PEDESTRIANS INVOLVED,4/12/2016 12:00:00 AM,A,22106,False,1.0,SR-85 N/B,,,4/13/2016 12:57:55 PM,A,S,500.0,Santa Teresa Blvd,F,,D,4/13/2016 12:58:45 PM,4/13/2016 12:58:45 PM,,,2,,,,,,,
156929,9340-2016-6719,1,False,9340,4/12/2016 7:50:00 AM,750,110,1368,4313,San Jose,43,True,True,C,REAR END,,Tuesday,NotApplicable,False,M,,False,True,True,Santa Clara Superior,C,OTHER MOTOR VEHICLE,,1,0,CLEAR,, NO UNUSUAL CONDITIONS,, ,A,DAYLIGHT,37.7044,-121.5126,,,,,A,NO PEDESTRIANS INVOLVED,4/12/2016 12:00:00 AM,A,22350,False,1.0,US101 N/B,,,4/13/2016 12:32:00 PM,A,S,3000.0,Alum Rock Ave,F,,D,4/13/2016 12:32:46 PM,4/13/2016 12:32:46 PM,,,2,,,,,,,
156828,9340-2016-6731,2,False,9340,4/12/2016 11:25:00 PM,2325,110,1368,4313,San Jose,43,True,True,E,HIT OBJECT,,Tuesday,NotApplicable,False,,,False,True,True,Santa Clara Superior,I,FIXED OBJECT,Metal guardrail,0,0,CLEAR,, NO UNUSUAL CONDITIONS,, ,C,DARK-STREET LIGHTS,37.295212,-121.809986,,,,,A,NO PEDESTRIANS INVOLVED,4/12/2016 12:00:00 AM,A,22107,False,1.0,US101 S/B,,,6/21/2016 2:22:37 PM,A,N,500.0,Capitol Expy,F,,D,4/13/2016 10:57:33 AM,6/21/2016 2:22:48 PM,,,2,,,,,,,
156781,9340-2016-6637,1,False,9340,4/8/2016 9:30:00 AM,930,087,1368,4313,San Jose,43,True,True,C,REAR END,,Friday,Yes,False,,,False,True,True,Santa Clara Superior,C,OTHER MOTOR VEHICLE,,2,0,CLOUDY,RAINING, NO UNUSUAL CONDITIONS,, ,A,DAYLIGHT,37.287808,-121.869934,S,1200.0,87 SCL 2.502,F,A,NO PEDESTRIANS INVOLVED,4/8/2016 12:00:00 AM,A,23152(a),True,1.0,SR-87 N/B,,,4/13/2016 10:29:44 AM,B,S,1200.0,Carol Drive,F,,D,4/13/2016 10:30:37 AM,4/13/2016 10:30:37 AM,,,2,,,,,,,
156758,9340-2016-6718,1,False,9340,4/12/2016 8:50:00 AM,850,681,1368,4313,San Jose,43,True,True,C,REAR END,,Tuesday,NotApplicable,False,,,False,True,True,Santa Clara Superior,C,OTHER MOTOR VEHICLE,,1,0,CLOUDY,, NO UNUSUAL CONDITIONS,, ,A,DAYLIGHT,37.361286,-121.841579,,,,,A,NO PEDESTRIANS INVOLVED,4/12/2016 12:00:00 AM,A,22350 VC,False,1.0,I-680 N/B FROM ALUM ROCK W/B,,,4/13/2016 10:16:44 AM,A,N,300.0,ALUM ROCK AVENUE,F,,D,4/13/2016 10:17:19 AM,4/13/2016 10:17:19 AM,,,2,,,,,,,
156743,9340-2016-6707,1,False,9340,4/11/2016 6:05:00 PM,1805,281,1368,4313,San Jose,43,True,True,C,REAR END,,Monday,NotApplicable,False,,,False,True,False,Santa Clara Superior,C,OTHER MOTOR VEHICLE,,0,0,CLEAR,, NO UNUSUAL CONDITIONS,, ,A,DAYLIGHT,37.319121,-121.901879,,,,,A,NO PEDESTRIANS INVOLVED,4/11/2016 12:00:00 AM,A,22350,False,1.0,I-280 S/B,,,4/13/2016 10:03:13 AM,A,N,600.0,Bird Ave,F,,D,4/13/2016 10:03:50 AM,4/13/2016 10:03:50 AM,,,2,,,,,,,
156700,9340-2016-6709,1,False,9340,4/11/2016 4:59:00 PM,1659,120,1368,4313,San Jose,43,True,True,C,REAR END,,Monday,NotApplicable,False,M,,False,True,False,Santa Clara Superior,C,OTHER MOTOR VEHICLE,,0,0,CLEAR,, NO UNUSUAL CONDITIONS,, ,A,DAYLIGHT,37.36332,-121.89997,,,,,A,NO PEDESTRIANS INVOLVED,4/11/2016 12:00:00 AM,A,22350,False,1.0,US-101 S/B,,,4/13/2016 9:36:51 AM,A,N,200.0,I-880,F,,D,4/13/2016 9:37:25 AM,4/13/2016 9:37:25 AM,,,2,,,,,,,
156690,9340-2016-6706,1,False,9340,4/11/2016 4:45:00 PM,1645,110,1368,4313,San Jose,43,True,True,C,REAR END,,Monday,NotApplicable,False,,,False,True,False,Santa Clara Superior,C,OTHER MOTOR VEHICLE,,1,0,CLEAR,, NO UNUSUAL CONDITIONS,, ,A,DAYLIGHT,37.259339,-121.799063,,,,,A,NO PEDESTRIANS INVOLVED,4/11/2016 12:00:00 AM,A,22350,False,1.0,US-101 S/B (to Blossom Hill Rd.),,,4/13/2016 9:27:49 AM,A,N,100.0,Blossom Hill Road,F,,A,4/13/2016 9:28:24 AM,4/13/2016 9:28:24 AM,,,2,,,,,,,
156657,9340-2016-6711,1,False,9340,4/11/2016 3:15:00 PM,1515,240,1368,4313,San Jose,43,True,True,C,REAR END,,Monday,NotApplicable,False,,,False,True,True,Santa Clara Superior,C,OTHER MOTOR VEHICLE,,0,0,CLEAR,, NO UNUSUAL CONDITIONS,, ,A,DAYLIGHT,37.2511,-121.5637,,,,,A,NO PEDESTRIANS INVOLVED,4/11/2016 12:00:00 AM,A,22350,False,4.0,SR-237 W/B,,,4/13/2016 9:11:09 AM,A,W,1000.0,Zanker Road,F,,D,4/13/2016 9:11:53 AM,4/13/2016 9:11:53 AM,,,2,,,,,,,
156602,9340-2016-6704,1,False,9340,4/11/2016 5:24:00 AM,524,083,1368,4313,San Jose,43,True,True,E,HIT OBJECT,,Monday,NotApplicable,False,,,False,True,True,Santa Clara Superior,I,FIXED OBJECT,Metal Guardrail,1,0,CLOUDY,, NO UNUSUAL CONDITIONS,, ,D,DARK-NO STREET LIGHTS,37.251091,-121.934088,,,,,A,NO PEDESTRIANS INVOLVED,4/11/2016 12:00:00 AM,A,22350,False,1.0,SR-85 (S/B) to Samaritan Drive,,,4/13/2016 8:41:30 AM,B,N,700.0,Union Avenue,F,,D,4/13/2016 8:42:11 AM,4/13/2016 8:42:11 AM,,,2,,,,,,,
156576,9340-2016-5930,1,False,9340,3/5/2016 11:15:00 AM,1115,088,1368,4313,San Jose,43,True,True,D,BROADSIDE,,Saturday,Yes,False,,,False,True,True,Santa Clara Superior,C,OTHER MOTOR VEHICLE,,1,0,RAINING,, NO UNUSUAL CONDITIONS,, ,A,DAYLIGHT,37.347706,-121.919975,,,,,A,NO PEDESTRIANS INVOLVED,3/5/2016 12:00:00 AM,A,22107,False,1.0, I-880 S/B,,,4/13/2016 8:22:06 AM,B,S,605.0,Coleman Ave,F,,D,4/13/2016 8:23:18 AM,4/13/2016 8:23:18 AM,,,2,,,,,,,
156571,9340-2016-5282,1,False,9340,2/3/2016 12:30:00 PM,1230,281,1368,4313,San Jose,43,True,True,E,HIT OBJECT,,Wednesday,NotApplicable,False,,,False,True,True,Santa Clara Superior,I,FIXED OBJECT,Cement Wall,0,0,CLEAR,, NO UNUSUAL CONDITIONS,, ,A,DAYLIGHT,37.33526,-121.85935,,,,,A,NO PEDESTRIANS INVOLVED,2/3/2016 12:00:00 AM,A,21658(a),False,1.0,I-280 S/B,,,4/13/2016 8:15:40 AM,A,N,1000.0,McLaughlin Ave,F,,D,4/13/2016 8:17:44 AM,4/13/2016 8:17:44 AM,,,2,,,,,,,
156268,9340-2016-6638,1,False,9340,4/8/2016 1:00:00 AM,100,085,1368,4313,San Jose,43,True,True,E,HIT OBJECT,,Friday,NotApplicable,False,,,False,True,True,Santa Clara Superior,J,OTHER OBJECT,BUSHES,0,0,CLOUDY,, NO UNUSUAL CONDITIONS,, ,C,DARK-STREET LIGHTS,37.251811,-121.932665,,,,,A,NO PEDESTRIANS INVOLVED,4/8/2016 12:00:00 AM,A,22350,False,1.0,SR-85 N/B ramp to Union Avenue,,,4/12/2016 3:16:09 PM,A,N,250.0,Union Avenue,F,,D,4/12/2016 3:16:40 PM,4/12/2016 3:16:40 PM,,,2,,,,,,,
156164,9340-2016-6702,1,False,9340,4/11/2016 7:20:00 AM,720,281,1368,4313,San Jose,43,True,True,C,REAR END,,Monday,NotApplicable,False,,,False,True,False,Santa Clara Superior,C,OTHER MOTOR VEHICLE,,0,0,CLOUDY,, NO UNUSUAL CONDITIONS,, ,A,DAYLIGHT,37.229,-121.5513,,,,,A,NO PEDESTRIANS INVOLVED,4/11/2016 12:00:00 AM,A,22350 VC,False,1.0,I-280 N/B,,,4/12/2016 2:10:49 PM,A,S,300.0,Bascom Avenue,F,,D,4/12/2016 2:11:22 PM,4/12/2016 2:11:22 PM,,,2,,,,,,,