Collision Id,	Report Number,	Report Version,	Is Preliminary,	NCIC Code,Crash Date Time,	Crash Time Description,	Beat,City Id,	City Code,	City Name,County Code,	City Is Active,	City Is Incorporated,	Collision Type Code,Collision Type Description,	Collision Type Other Desc,	Day Of Week,	DispatchNotified,	HasPhotographs,	HitRun,	IsAttachmentsMailed,	IsDeleted,	IsHighwayRelated,	IsTowAway,	JudicialDistrict,	MotorVehicleInvolvedWithCode,	MotorVehicleInvolvedWithDesc,MotorVehicleInvolvedWithOtherDesc,	NumberInjured,	NumberKilled,Weather 1, Weather 2, Road Condition 1, Road Condition 2, Special Condition,LightingCode, LightingDescription,Latitude,Longitude,MilepostDirection,MilepostDistance,MilepostMarker,MilepostUnitOfMeasure,	PedestrianActionCode,PedestrianActionDesc,PreparedDate,	Primary Collision Factor Code,Primary Collision Factor Violation,PrimaryCollisionFactorIsCited,	PrimaryCollisionPartyNumber,	PrimaryRoad,	ReportingDistrict,	ReportingDistrictCode,ReviewedDate,	RoadwaySurfaceCode,SecondaryDirection,	SecondaryDistance,	SecondaryRoad,	SecondaryUnitOfMeasure,	SketchDesc,	TrafficControlDeviceCode,CreatedDate,	ModifiedDate,IsCountyRoad,IsFreeway,CHP555Version,	IsAdditonalObjectStruck,NotificationDate,	NotificationTimeDescription,	HasDigitalMediaFiles,	EvidenceNumber,	IsLocationReferToNarrative,	IsAOIOneSameAsLocation
151719,9340-2016-6422,1,False,9340,3/28/2016 8:55:00 AM,855,172,1368,4313,San Jose,43,True,True,C,REAR END,,Monday,NotApplicable,False,,,False,True,True,Santa Clara Superior,C,OTHER MOTOR VEHICLE,,0,0,CLEAR,, NO UNUSUAL CONDITIONS,, ,A,DAYLIGHT,37.31406,-121.94014,,,,,A,NO PEDESTRIANS INVOLVED,3/28/2016 12:00:00 AM,A,22107,False,1.0,SR-17 N/B to I-280,,,4/6/2016 7:21:34 AM,A,S,1640.0,I-280,F,,D,4/6/2016 7:22:16 AM,4/6/2016 7:22:16 AM,,,2,,,,,,,
151659,9340-2016-6012,1,False,9340,3/7/2016 4:53:00 AM,453,087,1368,4313,San Jose,43,True,True,B,SIDE SWIPE,,Monday,NotApplicable,False,,,False,True,True,Santa Clara Superior,C,OTHER MOTOR VEHICLE,,0,0,CLOUDY,RAINING, FLOODED*,, ,C,DARK-STREET LIGHTS,37.370738,-121.926646,,,,,A,NO PEDESTRIANS INVOLVED,3/7/2016 12:00:00 AM,A,22350,False,1.0,State Route 87 (northbound),,,4/6/2016 6:10:03 AM,B,N,850.0,Airport Blvd,F,,D,4/6/2016 6:10:39 AM,4/6/2016 6:10:39 AM,,,2,,,,,,,
151656,9340-2016-5954,1,False,9340,3/6/2016 9:55:00 PM,2155,681,1368,4313,San Jose,43,True,True,D,BROADSIDE,,Sunday,NotApplicable,False,,,False,True,True,Santa Clara Superior,C,OTHER MOTOR VEHICLE,,1,0,RAINING,, NO UNUSUAL CONDITIONS,, ,D,DARK-NO STREET LIGHTS,36.39587,-121.87409,,,,,A,NO PEDESTRIANS INVOLVED,3/6/2016 12:00:00 AM,A,22107,False,1.0,I-680 N/B,,,4/6/2016 6:08:05 AM,B,N,500.0,CAPITOL AVENUE,F,,D,4/6/2016 6:08:40 AM,4/6/2016 6:08:40 AM,,,2,,,,,,,
151446,9340-2016-6552,1,False,9340,4/4/2016 2:40:00 PM,1440,110,1368,4313,San Jose,43,True,True,C,REAR END,,Monday,NotApplicable,False,,,False,True,True,Santa Clara Superior,C,OTHER MOTOR VEHICLE,,0,0,CLEAR,, NO UNUSUAL CONDITIONS,, ,A,DAYLIGHT,37.345597,-121.85793,,,,,A,NO PEDESTRIANS INVOLVED,4/4/2016 12:00:00 AM,A,21658(a),False,1.0,US-101 S/B,,,4/5/2016 3:06:08 PM,A,S,200.0,San Antonio St,F,,D,4/5/2016 3:06:40 PM,4/5/2016 3:06:40 PM,,,2,,,,,,,
151406,9340-2016-6551,1,False,9340,4/4/2016 7:00:00 PM,1900,089,1368,4313,San Jose,43,True,True,E,HIT OBJECT,,Monday,NotApplicable,False,,,False,True,True,Santa Clara Superior,J,OTHER OBJECT,Tire,0,0,CLEAR,, NO UNUSUAL CONDITIONS,, ,C,DARK-STREET LIGHTS,37.2152,-121.549,,,,,A,NO PEDESTRIANS INVOLVED,4/4/2016 12:00:00 AM,C,,,,I-880 S/B,,,4/5/2016 2:45:15 PM,A,N,200.0,US-101,F,,D,4/5/2016 2:46:48 PM,4/5/2016 2:46:48 PM,,,2,,,,,,,
151374,9340-2016-6543,1,False,9340,4/4/2016 9:10:00 AM,910,083,1368,4313,San Jose,43,True,True,C,REAR END,,Monday,Yes,False,,,False,True,True,Santa Clara Superior,C,OTHER MOTOR VEHICLE,,2,0,CLEAR,, NO UNUSUAL CONDITIONS,, ,A,DAYLIGHT,37.251065,-121.896509,,,,,A,NO PEDESTRIANS INVOLVED,4/4/2016 12:00:00 AM,A,22350 VC,False,1.0,SR-85 N/B,,,4/5/2016 2:27:35 PM,A,S,3000.0,CAMDEN AVENUE,F,,D,4/5/2016 2:28:17 PM,4/5/2016 2:28:17 PM,,,2,,,,,,,
151349,9340-2016-6549,1,False,9340,4/4/2016 5:20:00 PM,1720,281,1368,4313,San Jose,43,True,True,E,HIT OBJECT,,Monday,NotApplicable,False,,,False,True,True,Santa Clara Superior,I,FIXED OBJECT,CONCRETE WALL,1,0,CLEAR,, NO UNUSUAL CONDITIONS,, ,A,DAYLIGHT,37.8999,-121.8999,,,,,A,NO PEDESTRIANS INVOLVED,4/4/2016 12:00:00 AM,A,22107,False,1.0,I-280 N/B,,,4/5/2016 2:09:50 PM,A,S,500.0,7th St,F,,D,4/5/2016 2:10:23 PM,4/5/2016 2:10:23 PM,,,2,,,,,,,
151342,9340-2016-6472,1,False,9340,3/29/2016 5:10:00 PM,1710,530,1368,4313,San Jose,43,True,True,B,SIDE SWIPE,,Tuesday,Yes,False,,,False,False,True,Santa Clara Superior,C,OTHER MOTOR VEHICLE,,1,0,CLEAR,, NO UNUSUAL CONDITIONS,, ,A,DAYLIGHT,37.23359,-121.5511,,,,,A,NO PEDESTRIANS INVOLVED,3/29/2016 12:00:00 AM,A,21658(a),False,1.0,Montague Expy E/B,,,4/5/2016 2:04:36 PM,A,W,80.0,Trimble Rd.,F,,D,4/5/2016 2:05:17 PM,4/5/2016 2:05:17 PM,,,2,,,,,,,
151317,9340-2016-6436,1,False,9340,3/28/2016 2:50:00 PM,1450,120,1368,4313,San Jose,43,True,True,C,REAR END,,Monday,NotApplicable,False,,,False,True,False,Santa Clara Superior,C,OTHER MOTOR VEHICLE,,0,0,CLEAR,, NO UNUSUAL CONDITIONS,, ,A,DAYLIGHT,37.214871,-121.533089,,,,,A,NO PEDESTRIANS INVOLVED,3/28/2016 12:00:00 AM,A,22350,False,1.0,US101 N/B FROM OLD OAKLAND ROAD,,,4/5/2016 1:51:01 PM,A,N,60.0,OLD OAKLAND ROAD,F,,D,4/5/2016 1:51:30 PM,4/5/2016 1:51:30 PM,,,2,,,,,,,
151114,9340-2016-6522,2,False,9340,4/2/2016 10:30:00 PM,2230,281,1368,4313,San Jose,43,True,True,B,SIDE SWIPE,,Saturday,NotApplicable,False,M,,False,True,False,Santa Clara Superior,C,OTHER MOTOR VEHICLE,,0,0,CLEAR,, NO UNUSUAL CONDITIONS,, ,D,DARK-NO STREET LIGHTS,37.32508,-121.88675,,,,,A,NO PEDESTRIANS INVOLVED,4/2/2016 12:00:00 AM,A,22107,False,1.0,I-280 N/B to SR-87,,,4/5/2016 12:25:48 PM,A,S,1100.0,SR-87,F,,D,4/5/2016 11:46:04 AM,4/5/2016 12:26:22 PM,,,2,,,,,,,
151113,9340-2016-6519,1,False,9340,4/2/2016 5:22:00 PM,1722,089,1368,4313,San Jose,43,True,True,C,REAR END,,Saturday,NotApplicable,False,,,False,True,True,Santa Clara Superior,C,OTHER MOTOR VEHICLE,,0,0,CLEAR,, NO UNUSUAL CONDITIONS,, ,A,DAYLIGHT,37.214218,-121.541382,,,,,A,NO PEDESTRIANS INVOLVED,4/2/2016 12:00:00 AM,A,22350,False,1.0,I-880 S/B,,,4/5/2016 11:45:13 AM,A,N,1500.0,1ST STREET,F,,D,4/5/2016 11:45:43 AM,4/5/2016 11:45:43 AM,,,2,,,,,,,
150970,9340-2016-6513,1,False,9340,4/2/2016 11:35:00 AM,1135,089,1368,4313,San Jose,43,True,True,C,REAR END,,Saturday,NotApplicable,False,,,False,True,False,Santa Clara Superior,C,OTHER MOTOR VEHICLE,,1,0,CLEAR,, NO UNUSUAL CONDITIONS,, ,A,DAYLIGHT,37.37417,-121.90279,,,,,A,NO PEDESTRIANS INVOLVED,4/2/2016 12:00:00 AM,A,22350,False,1.0,I-880 S/B,,,4/5/2016 10:21:52 AM,A,N,1000.0,Old Bayshore Hwy,F,,D,4/5/2016 10:22:33 AM,4/5/2016 10:22:33 AM,,,2,,,,,,,
150938,9340-2016-6520,1,False,9340,4/2/2016 7:55:00 PM,1955,087,1368,4313,San Jose,43,True,True,C,REAR END,,Saturday,NotApplicable,False,,,False,True,True,Santa Clara Superior,C,OTHER MOTOR VEHICLE,,0,0,CLEAR,, NO UNUSUAL CONDITIONS,, ,D,DARK-NO STREET LIGHTS,37.26988,-121.86111,,,,,A,NO PEDESTRIANS INVOLVED,4/2/2016 12:00:00 AM,A,22350,False,1.0,SR-87 S/B,,,4/5/2016 10:07:05 AM,A,S,1300.0,Capitol Expy,F,,D,4/5/2016 10:07:41 AM,4/5/2016 10:07:41 AM,,,2,,,,,,,
150924,9340-2016-6388,1,False,9340,3/26/2016 9:25:00 AM,925,281,1368,4313,San Jose,43,True,True,C,REAR END,,Saturday,NotApplicable,False,,,False,True,False,Santa Clara Superior,C,OTHER MOTOR VEHICLE,,0,0,CLEAR,, NO UNUSUAL CONDITIONS,, ,A,DAYLIGHT,37.325404,-121.891905,,,,,A,NO PEDESTRIANS INVOLVED,3/26/2016 12:00:00 AM,A,22350,False,1.0,I-280 N/B,,,4/5/2016 10:01:14 AM,A,S,1160.0,San Carlos St,F,,D,4/5/2016 10:01:43 AM,4/5/2016 10:01:43 AM,,,2,,,,,,,
150918,9340-2016-6504,1,False,9340,4/1/2016 3:00:00 PM,1500,281,1368,4313,San Jose,43,True,True,B,SIDE SWIPE,,Friday,NotApplicable,False,,,False,True,True,Santa Clara Superior,C,OTHER MOTOR VEHICLE,,0,0,CLEAR,, NO UNUSUAL CONDITIONS,, ,A,DAYLIGHT,37.3175,-121.9355,,,,,A,NO PEDESTRIANS INVOLVED,4/1/2016 12:00:00 AM,A,21658(a),False,1.0,I-280 S/B,,,4/5/2016 9:58:44 AM,A,S,100.0,Mac Arthur Ave,F,,D,4/5/2016 9:59:13 AM,4/5/2016 9:59:13 AM,,,2,,,,,,,
150899,9340-2016-6489,1,False,9340,3/31/2016 6:21:00 PM,1821,901,1368,4313,San Jose,43,True,True,B,SIDE SWIPE,,Thursday,NotApplicable,False,,,False,False,False,Santa Clara Superior,C,OTHER MOTOR VEHICLE,,0,0,CLEAR,, NO UNUSUAL CONDITIONS,, ,A,DAYLIGHT,37.201236,-121.561475,,,,,A,NO PEDESTRIANS INVOLVED,3/31/2016 12:00:00 AM,A,22107,False,1.0,E/B RED BRUSH TERRACE,,,4/5/2016 9:48:12 AM,A,W,40.0,Bascom Ave,F,,D,4/5/2016 9:48:59 AM,4/5/2016 9:48:59 AM,,,2,,,,,,,
150860,9340-2016-6505,1,False,9340,4/1/2016 2:18:00 PM,1418,681,1368,4313,San Jose,43,True,True,B,SIDE SWIPE,,Friday,NotApplicable,False,,,False,True,False,Santa Clara Superior,C,OTHER MOTOR VEHICLE,,0,0,CLEAR,, NO UNUSUAL CONDITIONS,, ,A,DAYLIGHT,37.408426,-121.878744,,,,,A,NO PEDESTRIANS INVOLVED,4/1/2016 12:00:00 AM,A,21658A,False,1.0,I-680 S/B,,,4/5/2016 9:28:58 AM,A,N,1050.0,Cropley Ave,F,,D,4/5/2016 9:29:28 AM,4/5/2016 9:29:28 AM,,,2,,,,,,,
150769,9340-2016-6500,1,False,9340,4/1/2016 8:50:00 AM,850,110,1368,4313,San Jose,43,True,True,C,REAR END,,Friday,NotApplicable,False,,,False,True,False,Santa Clara Superior,C,OTHER MOTOR VEHICLE,,0,0,CLEAR,, NO UNUSUAL CONDITIONS,, ,A,DAYLIGHT,37.35326,-121.8651,,,,,A,NO PEDESTRIANS INVOLVED,4/1/2016 12:00:00 AM,A,22350,False,1.0,US101 NB,,,4/5/2016 8:36:34 AM,A,S,500.0,McKee Rd,F,,D,4/5/2016 8:37:09 AM,4/5/2016 8:37:09 AM,,,2,,,,,,,
150669,9340-2016-6305,1,False,9340,3/22/2016 8:00:00 AM,800,230,1368,4313,San Jose,43,True,True,C,REAR END,,Tuesday,NotApplicable,False,,,False,True,True,Santa Clara Superior,C,OTHER MOTOR VEHICLE,,0,0,CLOUDY,, NO UNUSUAL CONDITIONS,, ,A,DAYLIGHT,37.413702,-121.982564,,,,,A,NO PEDESTRIANS INVOLVED,3/22/2016 12:00:00 AM,A,22350 VC,False,1.0,SR-237 Westbound,,,4/5/2016 7:37:40 AM,A,W,0.4,Great American Parkway,M,SEE PAGE # 4.,D,4/5/2016 7:38:28 AM,4/5/2016 7:38:28 AM,,,2,,,,,,,
150609,9340-2016-6483,1,False,9340,3/31/2016 5:40:00 AM,540,120,1368,4313,San Jose,43,True,True,C,REAR END,,Thursday,NotApplicable,False,F,,False,True,True,Santa Clara Superior,C,OTHER MOTOR VEHICLE,,1,0,CLEAR,, NO UNUSUAL CONDITIONS,, ,C,DARK-STREET LIGHTS,37.37728,-121.9461,,,,,A,NO PEDESTRIANS INVOLVED,3/31/2016 12:00:00 AM,A,22350,False,1.0,US101 S/B,,,4/5/2016 6:46:30 AM,A,N,1000.0,Trimble Rd,F,,D,4/5/2016 6:47:08 AM,4/5/2016 6:47:08 AM,,,2,,,,,,,
150600,9340-2016-6471,1,False,9340,3/30/2016 8:03:00 PM,2003,120,1368,4313,San Jose,43,True,True,C,REAR END,,Wednesday,NotApplicable,False,,,False,True,True,Santa Clara Superior,C,OTHER MOTOR VEHICLE,,1,0,CLEAR,, NO UNUSUAL CONDITIONS,, ,C,DARK-STREET LIGHTS,37.22285,-121.5555,,,,,A,NO PEDESTRIANS INVOLVED,3/30/2016 12:00:00 AM,A,22350 Vc,False,1.0,US-101 S/B,,,4/5/2016 6:38:09 AM,A,S,1600.0,Trimble Rd.,F,,D,4/5/2016 6:38:42 AM,4/5/2016 6:38:42 AM,,,2,,,,,,,
150313,9340-2016-6477,1,False,9340,3/31/2016 6:10:00 AM,610,110,1368,4313,San Jose,43,True,True,C,REAR END,,Thursday,NotApplicable,False,,,False,True,True,Santa Clara Superior,C,OTHER MOTOR VEHICLE,,1,0,CLEAR,, NO UNUSUAL CONDITIONS,, ,B,DUSK-DAWN,37.34895,-121.86065,,,,,A,NO PEDESTRIANS INVOLVED,3/31/2016 12:00:00 AM,A,22350,False,1.0,US101 N/B,,,4/4/2016 2:32:56 PM,A,S,200.0,Alum Rock Ave,F,,D,4/4/2016 2:34:20 PM,4/4/2016 2:34:20 PM,,,2,,,,,,,
150267,9340-2016-6476,1,False,9340,3/31/2016 5:30:00 AM,530,110,1368,4313,San Jose,43,True,True,C,REAR END,,Thursday,NotApplicable,False,,,False,True,True,Santa Clara Superior,C,OTHER MOTOR VEHICLE,,0,0,CLEAR,, NO UNUSUAL CONDITIONS,, ,B,DUSK-DAWN,37.34736,-121.85924,,,,,A,NO PEDESTRIANS INVOLVED,3/31/2016 12:00:00 AM,A,22350,False,1.0,US101 N/B,,,4/4/2016 2:02:04 PM,A,S,500.0,Alum Rock Ave,F,,D,4/4/2016 2:02:50 PM,4/4/2016 2:02:50 PM,,,2,,,,,,,
150223,9340-2016-6481,1,False,9340,3/31/2016 6:10:00 AM,610,120,1368,4313,San Jose,43,True,True,B,SIDE SWIPE,,Thursday,NotApplicable,False,,,False,True,False,Santa Clara Superior,C,OTHER MOTOR VEHICLE,,0,0,CLOUDY,, NO UNUSUAL CONDITIONS,, ,B,DUSK-DAWN,37.37828,-121.94911,,,,,A,NO PEDESTRIANS INVOLVED,3/31/2016 12:00:00 AM,A,21658(a),False,3.0,US101 N/B,,,4/4/2016 1:34:48 PM,A,N,1000.0,De la Cruz Blvd,F,,D,4/4/2016 1:35:19 PM,4/4/2016 1:35:19 PM,,,2,,,,,,,
150185,9340-2016-6487,1,False,9340,3/31/2016 5:39:00 PM,1739,089,1368,4313,San Jose,43,True,True,B,SIDE SWIPE,,Thursday,NotApplicable,False,,,False,True,True,Santa Clara Superior,C,OTHER MOTOR VEHICLE,,0,0,CLEAR,, NO UNUSUAL CONDITIONS,, ,A,DAYLIGHT,37.223279,-121.54105,,,,,A,NO PEDESTRIANS INVOLVED,3/31/2016 12:00:00 AM,A,21658(a),False,1.0,I-880 S/B,,,4/4/2016 1:10:29 PM,A,S,900.0,Brokaw Rd,F,,D,4/4/2016 1:10:58 PM,4/4/2016 1:10:58 PM,,,2,,,,,,,
150065,9340-2016-6437,1,False,9340,3/28/2016 5:30:00 PM,1730,681,1368,4313,San Jose,43,True,True,C,REAR END,,Monday,Yes,False,,,False,True,True,Santa Clara Superior,C,OTHER MOTOR VEHICLE,,2,0,CLOUDY,RAINING, NO UNUSUAL CONDITIONS,, ,A,DAYLIGHT,37.40135,-121.87643,,,,,A,NO PEDESTRIANS INVOLVED,3/28/2016 12:00:00 AM,A,22350 VC,False,1.0,I-680 S/B,,,4/4/2016 11:52:50 AM,B,N,800.0,Capitol Ave,F,,D,4/4/2016 11:53:52 AM,4/4/2016 11:53:52 AM,,,2,,,,,,,
150016,9340-2016-6479,1,False,9340,3/31/2016 9:45:00 AM,945,083,1368,4313,San Jose,43,True,True,C,REAR END,,Thursday,NotApplicable,False,,,False,True,True,Santa Clara Superior,C,OTHER MOTOR VEHICLE,,0,0,CLEAR,, NO UNUSUAL CONDITIONS,, ,A,DAYLIGHT,37.250843,-121.927678,,,,,A,NO PEDESTRIANS INVOLVED,3/31/2016 12:00:00 AM,A,22350,False,1.0,SR-85 N/B,,,4/4/2016 11:13:20 AM,A,N,1528.0,Leigh Ave. O/C,F,,D,4/4/2016 11:14:51 AM,4/4/2016 11:14:51 AM,,,2,,,,,,,
149958,9340-2016-6467,1,False,9340,3/30/2016 3:50:00 PM,1550,681,1368,4313,San Jose,43,True,True,C,REAR END,,Wednesday,NotApplicable,False,F,,False,True,False,Santa Clara Superior,C,OTHER MOTOR VEHICLE,,1,0,CLEAR,, NO UNUSUAL CONDITIONS,, ,A,DAYLIGHT,37.34384,-121.84528,,,,,A,NO PEDESTRIANS INVOLVED,3/30/2016 12:00:00 AM,A,22350,False,1.0,I-680 N/B,,,4/4/2016 10:36:35 AM,A,N,1500.0,US-101,F,,D,4/4/2016 10:37:21 AM,4/4/2016 10:37:21 AM,,,2,,,,,,,
149937,9340-2016-6464,1,False,9340,3/30/2016 5:35:00 PM,1735,083,1368,4313,San Jose,43,True,True,B,SIDE SWIPE,,Wednesday,NotApplicable,False,,,False,True,False,Santa Clara Superior,C,OTHER MOTOR VEHICLE,,0,0,CLEAR,, NO UNUSUAL CONDITIONS,, ,A,DAYLIGHT,37.25513,-121.87764,,,,,A,NO PEDESTRIANS INVOLVED,3/30/2016 12:00:00 AM,A,22107,False,1.0,SR-85 S/B,,,4/4/2016 10:22:16 AM,A,N,1000.0,Almaden Expy,F,,D,4/4/2016 10:22:49 AM,4/4/2016 10:22:49 AM,,,2,,,,,,,
149897,9340-2016-6468,1,False,9340,3/30/2016 5:30:00 PM,1730,282,1368,4313,San Jose,43,True,True,C,REAR END,,Wednesday,NotApplicable,False,,,False,True,False,Santa Clara Superior,C,OTHER MOTOR VEHICLE,,0,0,CLEAR,, NO UNUSUAL CONDITIONS,, ,A,DAYLIGHT,37.1916,-121.56316,,,,,A,NO PEDESTRIANS INVOLVED,3/30/2016 12:00:00 AM,A,22350,False,1.0,I-280 S/B,,,4/4/2016 9:54:40 AM,A,N,470.0,SR-17,F,,D,4/4/2016 10:00:56 AM,4/4/2016 10:00:56 AM,,,2,,,,,,,
149872,9340-2016-6461,1,False,9340,3/30/2016 6:40:00 AM,640,110,1368,4313,San Jose,43,True,True,C,REAR END,,Wednesday,NotApplicable,False,,,False,True,True,Santa Clara Superior,C,OTHER MOTOR VEHICLE,,1,0,CLEAR,, NO UNUSUAL CONDITIONS,, ,A,DAYLIGHT,37.289547,-121.809659,,,,,A,NO PEDESTRIANS INVOLVED,3/30/2016 12:00:00 AM,A,22350,False,2.0,US-101 NORTHBOUND,,,4/4/2016 9:45:30 AM,A,N,0.2,HELLYER AVENUE O/C,M,,D,4/4/2016 9:46:04 AM,4/4/2016 9:46:04 AM,,,2,,,,,,,
149843,9340-2016-6404,1,False,9340,3/26/2016 1:05:00 PM,1305,088,1368,4313,San Jose,43,True,True,B,SIDE SWIPE,,Saturday,NotApplicable,False,,,False,True,False,Santa Clara Superior,C,OTHER MOTOR VEHICLE,,0,0,CLEAR,, NO UNUSUAL CONDITIONS,, ,A,DAYLIGHT,37.32819,-121.941,,,,,A,NO PEDESTRIANS INVOLVED,3/25/2016 12:00:00 AM,A,21658(a),False,1.0,I-880 S/B,,,4/4/2016 9:30:51 AM,A,N,800.0,Stevens Creek Blvd,F,,D,4/4/2016 9:31:30 AM,4/4/2016 9:31:30 AM,,,2,,,,,,,
149842,9340-2016-6417,1,False,9340,3/27/2016 9:00:00 PM,2100,110,1368,4313,San Jose,43,True,True,E,HIT OBJECT,,Sunday,Yes,False,,,False,True,True,Santa Clara Superior,I,FIXED OBJECT,CONCRETE WALL,1,0,CLEAR,, NO UNUSUAL CONDITIONS,, ,D,DARK-NO STREET LIGHTS,37.86739,-121.58372,,,,,A,NO PEDESTRIANS INVOLVED,3/27/2016 12:00:00 AM,A,22107,False,1.0,US-101 S/B,,,4/4/2016 9:28:54 AM,A,N,2000.0,BLOSSOM HILL RD.,F,,D,4/4/2016 9:29:37 AM,4/4/2016 9:29:37 AM,,,2,,,,,,,
149779,9340-2016-6371,1,False,9340,3/25/2016 12:55:00 PM,1255,110,1368,4313,San Jose,43,True,True,C,REAR END,,Friday,Yes,False,,,False,True,True,Santa Clara Superior,C,OTHER MOTOR VEHICLE,,1,0,CLEAR,, NO UNUSUAL CONDITIONS,, ,A,DAYLIGHT,37.324603,-121.83723,,,,,A,NO PEDESTRIANS INVOLVED,3/25/2016 12:00:00 AM,A,22350,False,1.0,US101 N/B,,,4/4/2016 8:47:56 AM,A,N,2750.0,Tully Rd,F,,D,4/4/2016 8:48:37 AM,4/4/2016 8:48:37 AM,,,2,,,,,,,
149720,9340-2016-6445,1,False,9340,3/29/2016 6:25:00 AM,625,087,1368,4313,San Jose,43,True,True,C,REAR END,,Tuesday,Yes,False,,,False,True,True,Santa Clara Superior,C,OTHER MOTOR VEHICLE,,2,0,CLEAR,, NO UNUSUAL CONDITIONS,, ,B,DUSK-DAWN,37.296429,-121.873451,,,,,A,NO PEDESTRIANS INVOLVED,3/29/2016 12:00:00 AM,A,22350,False,1.0,SR-87 N/B,,,4/4/2016 8:14:49 AM,A,N,0.1,Curtner Ave,M,,D,4/4/2016 8:15:31 AM,4/4/2016 8:15:31 AM,,,2,,,,,,,
149686,9340-2016-6424,1,False,9340,3/28/2016 12:45:00 PM,1245,087,1368,4313,San Jose,43,True,True,E,HIT OBJECT,,Monday,NotApplicable,False,M,,False,True,True,Santa Clara Superior,I,FIXED OBJECT,Concete Barrier,0,0,CLEAR,, NO UNUSUAL CONDITIONS,, ,A,DAYLIGHT,37.28576,-121.86856,,,,,A,NO PEDESTRIANS INVOLVED,3/28/2016 12:00:00 AM,A,21658(a),False,2.0,SR-87 S/B,,,4/4/2016 7:55:35 AM,A,S,3315.0,Curtner Ave,F,,D,4/4/2016 7:56:16 AM,4/4/2016 7:56:16 AM,,,2,,,,,,,
149670,9340-2016-6398,1,False,9340,3/26/2016 4:00:00 PM,1600,282,1368,4313,San Jose,43,True,True,C,REAR END,,Saturday,NotApplicable,False,,,False,True,True,Santa Clara Superior,C,OTHER MOTOR VEHICLE,,0,0,CLEAR,, NO UNUSUAL CONDITIONS,, ,A,DAYLIGHT,37.31625,-121.96001,,,,,A,NO PEDESTRIANS INVOLVED,3/26/2016 12:00:00 AM,A,22106,False,1.0,I-280 S/B,,,4/4/2016 7:51:23 AM,A,S,1000.0,San Tomas Expy,F,,D,4/4/2016 7:52:00 AM,4/4/2016 7:52:00 AM,,,2,,,,,,,
149658,9340-2016-6385,1,False,9340,3/25/2016 3:00:00 PM,1500,681,1368,4313,San Jose,43,True,True,E,HIT OBJECT,,Friday,NotApplicable,False,,,False,True,False,Santa Clara Superior,I,FIXED OBJECT,STATE SIGN,0,0,CLEAR,, NO UNUSUAL CONDITIONS,, ,A,DAYLIGHT,37.38401,-121.86359,,,,,A,NO PEDESTRIANS INVOLVED,3/25/2016 12:00:00 AM,A,22107,False,1.0,I-680 S/B,,,4/4/2016 7:45:59 AM,A,N,10.0,Berryessa Rd,F,,D,4/4/2016 7:46:41 AM,4/4/2016 7:46:41 AM,,,2,,,,,,,
149595,9340-2016-6533,1,False,9340,4/3/2016 5:25:00 PM,1725,110,1368,4313,San Jose,43,True,True,B,SIDE SWIPE,,Sunday,Yes,False,,,False,True,True,Santa Clara Superior,C,OTHER MOTOR VEHICLE,,3,0,CLEAR,, NO UNUSUAL CONDITIONS,, ,A,DAYLIGHT,37.30982,-121.82337,,,,,A,NO PEDESTRIANS INVOLVED,4/3/2016 12:00:00 AM,A,23152(a),False,1.0,US101 S/B,,,4/4/2016 7:00:54 AM,A,N,2000.0,Capitol Expy,F,,D,4/4/2016 7:01:50 AM,4/4/2016 7:01:50 AM,,,2,,,,,,,
149170,9340-2016-6469,1,False,9340,3/30/2016 6:45:00 PM,1845,281,1368,4313,San Jose,43,True,True,C,REAR END,,Wednesday,NotApplicable,False,,,False,True,True,Santa Clara Superior,C,OTHER MOTOR VEHICLE,,0,0,CLEAR,, NO UNUSUAL CONDITIONS,, ,A,DAYLIGHT,37.1913,-121.543,,,,,A,NO PEDESTRIANS INVOLVED,3/30/2016 12:00:00 AM,A,22350,False,2.0,I-280 S/B,,,4/1/2016 3:03:50 PM,A,N,400.0,Southern Pacific R/R O/C,F,,D,4/1/2016 3:04:20 PM,4/1/2016 3:04:20 PM,,,2,,,,,,,
149119,9340-2016-6459,1,False,9340,3/30/2016 6:30:00 AM,630,110,1368,4313,San Jose,43,True,True,C,REAR END,,Wednesday,Yes,False,,,False,True,True,Santa Clara Superior,C,OTHER MOTOR VEHICLE,,3,0,CLEAR,, NO UNUSUAL CONDITIONS,, ,D,DARK-NO STREET LIGHTS,37.3634,-121.84672,N,100.0,101 SCL 30.981,F,A,NO PEDESTRIANS INVOLVED,3/30/2016 12:00:00 AM,A,22350,False,1.0,US-101 N.B.,,,4/1/2016 2:24:17 PM,A,N,100.0,Yerba Buena Rd,F,,D,4/1/2016 2:24:59 PM,4/1/2016 2:24:59 PM,,,2,,,,,,,
149075,9725-2016-6018,1,False,9725,3/30/2016 10:40:00 AM,1040,015,1368,4313,San Jose,43,True,True,C,REAR END,,Wednesday,NotApplicable,False,,,False,True,False,Santa Clara Superior,C,OTHER MOTOR VEHICLE,,0,0,CLEAR,, NO UNUSUAL CONDITIONS,, ,A,DAYLIGHT,37.211009,-121.724482,,,,,A,NO PEDESTRIANS INVOLVED,3/30/2016 12:00:00 AM,A,22350,False,1.0,US-101 S/B,,,4/1/2016 1:51:19 PM,A,N,500.0,Bailey Ave,F,,D,4/1/2016 1:51:56 PM,4/1/2016 1:51:56 PM,,,2,,,,,,,