Collision Id,	Report Number,	Report Version,	Is Preliminary,	NCIC Code,Crash Date Time,	Crash Time Description,	Beat,City Id,	City Code,	City Name,County Code,	City Is Active,	City Is Incorporated,	Collision Type Code,Collision Type Description,	Collision Type Other Desc,	Day Of Week,	DispatchNotified,	HasPhotographs,	HitRun,	IsAttachmentsMailed,	IsDeleted,	IsHighwayRelated,	IsTowAway,	JudicialDistrict,	MotorVehicleInvolvedWithCode,	MotorVehicleInvolvedWithDesc,MotorVehicleInvolvedWithOtherDesc,	NumberInjured,	NumberKilled,Weather 1, Weather 2, Road Condition 1, Road Condition 2, Special Condition,LightingCode, LightingDescription,Latitude,Longitude,MilepostDirection,MilepostDistance,MilepostMarker,MilepostUnitOfMeasure,	PedestrianActionCode,PedestrianActionDesc,PreparedDate,	Primary Collision Factor Code,Primary Collision Factor Violation,PrimaryCollisionFactorIsCited,	PrimaryCollisionPartyNumber,	PrimaryRoad,	ReportingDistrict,	ReportingDistrictCode,ReviewedDate,	RoadwaySurfaceCode,SecondaryDirection,	SecondaryDistance,	SecondaryRoad,	SecondaryUnitOfMeasure,	SketchDesc,	TrafficControlDeviceCode,CreatedDate,	ModifiedDate,IsCountyRoad,IsFreeway,CHP555Version,	IsAdditonalObjectStruck,NotificationDate,	NotificationTimeDescription,	HasDigitalMediaFiles,	EvidenceNumber,	IsLocationReferToNarrative,	IsAOIOneSameAsLocation
178531,9340-2016-7266,1,False,9340,5/7/2016 4:15:00 AM,415,088,1368,4313,San Jose,43,True,True,E,HIT OBJECT,,Saturday,Yes,False,,,False,True,False,Santa Clara Superior,I,FIXED OBJECT,Metal grate,1,0,CLEAR,, NO UNUSUAL CONDITIONS,, ,C,DARK-STREET LIGHTS,37.32147,-121.446588,,,,,A,NO PEDESTRIANS INVOLVED,5/7/2016 12:00:00 AM,C,,,,I-880 S/B,,,5/13/2016 6:44:59 AM,A,S,1000.0,North First St,F,SEE PAGE 4,D,5/13/2016 6:45:40 AM,5/13/2016 6:45:40 AM,,,2,,,,,,,
178297,9340-2016-7260,1,False,9340,5/8/2016 10:35:00 AM,1035,281,1368,4313,San Jose,43,True,True,C,REAR END,,Sunday,NotApplicable,False,,,False,True,True,Santa Clara Superior,C,OTHER MOTOR VEHICLE,,0,0,CLOUDY,, NO UNUSUAL CONDITIONS,, ,A,DAYLIGHT,37.31492,-121.91385,,,,,A,NO PEDESTRIANS INVOLVED,5/8/2016 12:00:00 AM,A,21658(a),False,3.0,I-280 S/B,,,5/12/2016 2:44:35 PM,A,S,400.0,Meridian Ave,F,,D,5/12/2016 2:45:09 PM,5/12/2016 2:45:09 PM,,,2,,,,,,,
178283,9340-2016-7267,2,False,9340,5/8/2016 10:00:00 PM,2200,281,1368,4313,San Jose,43,True,True,B,SIDE SWIPE,,Sunday,NotApplicable,False,M,,False,True,False,Santa Clara Superior,C,OTHER MOTOR VEHICLE,,0,0,CLEAR,, NO UNUSUAL CONDITIONS,, ,C,DARK-STREET LIGHTS,37.32268,-121.28514,S,200.0,280 SCL 2.90,F,A,NO PEDESTRIANS INVOLVED,5/8/2016 12:00:00 AM,A,21658(a),False,1.0,I-280 S/B TO SR-87 S/B,,,1/28/2017 4:45:12 AM,A,S,200.0,Bird Ave,F,,D,5/12/2016 2:36:48 PM,1/28/2017 4:45:15 AM,,,2,,,,,,,
178224,9340-2016-7246,1,False,9340,5/7/2016 12:25:00 PM,1225,281,1368,4313,San Jose,43,True,True,C,REAR END,,Saturday,Yes,False,,,False,True,True,Santa Clara Superior,C,OTHER MOTOR VEHICLE,,1,0,CLOUDY,RAINING, NO UNUSUAL CONDITIONS,, ,A,DAYLIGHT,37.32715,-121.87981,,,,,A,NO PEDESTRIANS INVOLVED,5/7/2016 12:00:00 AM,A,22350,False,3.0,I-280 S/B,,,5/12/2016 1:44:47 PM,B,S,10.0,1st St,F,,D,5/12/2016 1:45:30 PM,5/12/2016 1:45:30 PM,,,2,,,,,,,
178207,9340-2016-7247,1,False,9340,5/7/2016 1:25:00 PM,1325,087,1368,4313,San Jose,43,True,True,C,REAR END,,Saturday,NotApplicable,False,,,False,True,False,Santa Clara Superior,C,OTHER MOTOR VEHICLE,,2,0,CLOUDY,, NO UNUSUAL CONDITIONS,, ,A,DAYLIGHT,37.305788,-121.879789,,,,,A,NO PEDESTRIANS INVOLVED,5/7/2016 12:00:00 AM,A,22350,False,1.0,SR-87 N/B,,,5/12/2016 1:31:52 PM,B,N,1200.0,Almaden Expy,F,,D,5/12/2016 1:32:26 PM,5/12/2016 1:32:26 PM,,,2,,,,,,,
178170,9340-2016-6818,1,False,9340,4/16/2016 9:40:00 PM,2140,281,1368,4313,San Jose,43,True,True,B,SIDE SWIPE,,Saturday,Yes,False,,,False,True,False,Santa Clara Superior,C,OTHER MOTOR VEHICLE,,0,0,CLEAR,, NO UNUSUAL CONDITIONS,, ,C,DARK-STREET LIGHTS,37.47762,-121.65892,,,,,A,NO PEDESTRIANS INVOLVED,4/16/2016 12:00:00 AM,A,21658(a),False,,I-280 S/B,,,5/12/2016 1:05:46 PM,A,N,50.0,McLaughlin Ave,F,,D,5/12/2016 1:06:23 PM,5/12/2016 1:06:23 PM,,,2,,,,,,,
178155,9340-2016-7329,1,False,9340,5/12/2016 7:16:00 AM,716,087,1368,4313,San Jose,43,True,True,C,REAR END,,Thursday,NotApplicable,False,,,False,True,True,Santa Clara Superior,C,OTHER MOTOR VEHICLE,,0,0,CLEAR,, NO UNUSUAL CONDITIONS,, ,A,DAYLIGHT,37.194815,-121.536327,,,,,A,NO PEDESTRIANS INVOLVED,5/12/2016 12:00:00 AM,A,22350,False,1.0,SR-87 N/B TO I-280 N/B,,,5/12/2016 12:49:09 PM,A,N,100.0,I-280,F,,D,5/12/2016 12:49:50 PM,5/12/2016 12:49:50 PM,,,2,,,,,,,
178137,9340-2016-6228,1,False,9340,3/18/2016 5:30:00 PM,1730,087,1368,4313,San Jose,43,True,True,B,SIDE SWIPE,,Friday,Yes,False,M,,False,True,True,Santa Clara Superior,C,OTHER MOTOR VEHICLE,,0,0,CLEAR,, NO UNUSUAL CONDITIONS,, ,A,DAYLIGHT,37.372236,-121.927495,,,,,A,NO PEDESTRIANS INVOLVED,3/18/2016 12:00:00 AM,A,23152(a),True,1.0,SR-87 S/B,,,5/12/2016 12:25:47 PM,A,S,600.0,US101,F,,D,5/12/2016 12:26:24 PM,5/12/2016 12:26:24 PM,,,2,,,,,,,
177948,9340-2016-7291,1,False,9340,5/10/2016 1:49:00 PM,1349,010,1368,4313,San Jose,43,True,True,F,OVERTURNED,,Tuesday,Yes,False,,,False,False,True,Santa Clara Superior,A,NON-COLLISION,,1,0,CLEAR,, NO UNUSUAL CONDITIONS,, ,A,DAYLIGHT,37.2571,-121.70172,,,,,A,NO PEDESTRIANS INVOLVED,5/10/2016 12:00:00 AM,A,22107,False,1.0,San Felipe Rd,,,5/12/2016 9:41:24 AM,A,S,2.0,Heartland Way,M,,D,5/12/2016 9:42:04 AM,5/12/2016 9:42:04 AM,,,2,,,,,,,
177916,9340-2016-7258,1,False,9340,5/7/2016 12:40:00 PM,1240,120,1368,4313,San Jose,43,True,True,B,SIDE SWIPE,,Saturday,Yes,False,F,,False,True,True,Santa Clara Superior,C,OTHER MOTOR VEHICLE,,1,0,RAINING,, NO UNUSUAL CONDITIONS,, ,A,DAYLIGHT,37.370533,-121.912232,,,,,A,NO PEDESTRIANS INVOLVED,5/7/2016 12:00:00 AM,A,21658(a) ,False,2.0,US-101 NORTHBOUND,,,5/12/2016 9:25:13 AM,B,S,0.3,N. FIRST STREET U/C,M,,D,5/12/2016 9:25:54 AM,5/12/2016 9:25:54 AM,,,2,,,,,,,
177915,9340-2016-7251,1,False,9340,5/7/2016 1:30:00 PM,1330,282,1368,4313,San Jose,43,True,True,C,REAR END,,Saturday,NotApplicable,False,,,False,True,True,Santa Clara Superior,C,OTHER MOTOR VEHICLE,,2,0,CLOUDY,, NO UNUSUAL CONDITIONS,, ,A,DAYLIGHT,37.31825,-121.98803,,,,,A,NO PEDESTRIANS INVOLVED,5/7/2016 12:00:00 AM,A,22350,False,1.0,I-280 N/B,,,5/12/2016 9:24:22 AM,A,S,900.0,LAWRENCE EXPY.,F,,D,5/12/2016 9:24:59 AM,5/12/2016 9:24:59 AM,,,2,,,,,,,
177898,9340-2016-7308,1,False,9340,5/11/2016 8:15:00 AM,815,681,1368,4313,San Jose,43,True,True,C,REAR END,,Wednesday,NotApplicable,False,,,False,True,False,Santa Clara Superior,C,OTHER MOTOR VEHICLE,,0,0,CLEAR,, NO UNUSUAL CONDITIONS,, ,A,DAYLIGHT,37.441703,-121.889973,,,,,A,NO PEDESTRIANS INVOLVED,5/11/2016 12:00:00 AM,A,22350,False,1.0,I-680 N/B TO JACKSON AVE.,,,5/12/2016 9:13:39 AM,A,S,150.0,JACKSON AVE.,F,REFER TO PG. #4,D,5/12/2016 9:14:12 AM,5/12/2016 9:14:12 AM,,,2,,,,,,,
177876,9340-2016-7217,1,False,9340,4/21/2016 6:30:00 AM,630,282,1368,4313,San Jose,43,True,True,B,SIDE SWIPE,,Thursday,NotApplicable,False,M,,False,True,False,Santa Clara Superior,C,OTHER MOTOR VEHICLE,,0,0,CLEAR,, NO UNUSUAL CONDITIONS,, Late-Reported,A,DAYLIGHT,37.32356,-121.9404,,,,,A,NO PEDESTRIANS INVOLVED,4/21/2016 12:00:00 AM,A,22107,False,1.0,I-280 S/B TO N/B I-880,,,5/12/2016 8:58:52 AM,A,S,3000.0,STEVEN CREEK BLVD,F,,D,5/12/2016 8:59:29 AM,5/12/2016 8:59:29 AM,,,2,,,,,,,
177867,9340-2016-7222,1,False,9340,5/6/2016 5:25:00 PM,1725,681,1368,4313,San Jose,43,True,True,C,REAR END,,Friday,Yes,False,,,False,True,True,Santa Clara Superior,C,OTHER MOTOR VEHICLE,,1,0,CLOUDY,, NO UNUSUAL CONDITIONS,, ,A,DAYLIGHT,37.362769,-121.842638,,,,,A,NO PEDESTRIANS INVOLVED,5/6/2016 12:00:00 AM,A,22350,False,1.0,I-680 N/B,,,5/12/2016 8:54:10 AM,B,N,1150.0,Alum Rock Ave,F,,D,5/12/2016 8:54:51 AM,5/12/2016 8:54:51 AM,,,2,,,,,,,
177859,9340-2016-6585,1,False,9340,4/6/2016 5:15:00 AM,515,120,1368,4313,San Jose,43,True,True,C,REAR END,,Wednesday,NotApplicable,False,,,False,True,True,Santa Clara Superior,C,OTHER MOTOR VEHICLE,,0,0,CLEAR,, NO UNUSUAL CONDITIONS,, ,B,DUSK-DAWN,37.363495,-121.895836,,,,,A,NO PEDESTRIANS INVOLVED,4/6/2016 12:00:00 AM,A,22350 VC,False,1.0,US-101 NORTHBOUND,,,5/12/2016 8:44:58 AM,A,N,500.0,old oakland rd. ,F,,D,5/12/2016 8:45:30 AM,5/12/2016 8:45:30 AM,,,2,,,,,,,
177847,9340-2016-7237,1,False,9340,5/6/2016 4:25:00 PM,1625,282,1368,4313,San Jose,43,True,True,C,REAR END,,Friday,NotApplicable,False,M,,False,True,False,Santa Clara Superior,C,OTHER MOTOR VEHICLE,,0,0,CLEAR,, NO UNUSUAL CONDITIONS,, ,A,DAYLIGHT,37.31766,-121.97779,,,,,A,NO PEDESTRIANS INVOLVED,5/6/2016 12:00:00 AM,A,22350,False,1.0,I-280 S/B TO SARATOGA AVENUE W/B,,,5/12/2016 8:35:50 AM,B,N,200.0,Saratoga Ave,F,,D,5/12/2016 8:36:45 AM,5/12/2016 8:36:45 AM,,,2,,,,,,,
177846,9340-2016-7276,1,False,9340,5/9/2016 2:35:00 PM,1435,085,1368,4313,San Jose,43,True,True,B,SIDE SWIPE,,Monday,NotApplicable,False,,,False,True,False,Santa Clara Superior,C,OTHER MOTOR VEHICLE,,0,0,CLEAR,, NO UNUSUAL CONDITIONS,, ,A,DAYLIGHT,37.27081,-121.94335,,,,,A,NO PEDESTRIANS INVOLVED,5/9/2016 12:00:00 AM,A,22017,False,,SR-85 S/B,,,5/12/2016 8:34:01 AM,A,S,3000.0,Saratoga Ave,F,,D,5/12/2016 8:34:32 AM,5/12/2016 8:34:32 AM,,,2,,,,,,,
177821,9340-2016-7259,1,False,9340,5/8/2016 6:43:00 AM,643,087,1368,4313,San Jose,43,True,True,E,HIT OBJECT,,Sunday,NotApplicable,False,,,False,True,True,Santa Clara Superior,I,FIXED OBJECT,Guard Rail,0,0,CLOUDY,, NO UNUSUAL CONDITIONS,, ,A,DAYLIGHT,37.32688,-121.89471,,,,,A,NO PEDESTRIANS INVOLVED,5/8/2016 12:00:00 AM,A,22107,False,1.0,SR-87 S/B to I-280,,,5/12/2016 8:14:51 AM,A,S,320.0,San Carlos St,F,,D,5/12/2016 8:15:22 AM,5/12/2016 8:15:22 AM,,,2,,,,,,,
177788,9725-2016-6207,1,False,9725,5/11/2016 2:04:00 PM,1404,015,1368,4313,San Jose,43,True,True,B,SIDE SWIPE,,Wednesday,NotApplicable,False,,,False,True,True,Santa Clara Superior,C,OTHER MOTOR VEHICLE,,0,0,CLEAR,, NO UNUSUAL CONDITIONS,, ,A,DAYLIGHT,37.2449,-121.7748,N,0.3,101 SCL 27.005,M,A,NO PEDESTRIANS INVOLVED,5/11/2016 12:00:00 AM,A,21658(a),False,2.0,US-101 SOUTHBOUND,,,5/12/2016 7:32:19 AM,A,N,0.3,Bernal ROAd,M,,D,5/12/2016 7:33:17 AM,5/12/2016 7:33:17 AM,,,2,,,,,,,
177584,9340-2016-7292,1,False,9340,5/10/2016 3:32:00 PM,1532,281,1368,4313,San Jose,43,True,True,C,REAR END,,Tuesday,NotApplicable,False,M,,False,True,False,Santa Clara Superior,C,OTHER MOTOR VEHICLE,,0,0,CLEAR,, NO UNUSUAL CONDITIONS,, ,A,DAYLIGHT,37.328708,-121.869686,,,,,A,NO PEDESTRIANS INVOLVED,5/10/2016 12:00:00 AM,A,23152(a),True,1.0,i-280 s/b from 11th st,,,5/11/2016 3:33:42 PM,A,S,375.0,11th St,F,,D,5/11/2016 3:34:41 PM,5/11/2016 3:34:41 PM,,,2,,,,,,,
177415,9725-2016-6158,1,False,9725,5/2/2016 5:35:00 PM,1735,013,1368,4313,San Jose,43,True,True,B,SIDE SWIPE,,Monday,NotApplicable,False,,,False,True,False,Santa Clara Superior,C,OTHER MOTOR VEHICLE,,0,0,CLEAR,, NO UNUSUAL CONDITIONS,, ,A,DAYLIGHT,37.20006,-121.70625,S,0.9,101-SCL-23.4,M,A,NO PEDESTRIANS INVOLVED,5/2/2016 12:00:00 AM,A,21658(a),False,2.0,US-101 NORTHBOUND,,,5/11/2016 1:46:56 PM,A,S,0.9,Bailey AveNUE,M,,D,5/11/2016 1:48:21 PM,5/11/2016 1:48:21 PM,,,2,,,,,,,
177295,9340-2016-7238,1,False,9340,5/6/2016 6:10:00 PM,1810,083,1368,4313,San Jose,43,True,True,B,SIDE SWIPE,,Friday,NotApplicable,False,M,,False,True,False,Santa Clara Superior,C,OTHER MOTOR VEHICLE,,0,0,CLOUDY,, NO UNUSUAL CONDITIONS,, ,A,DAYLIGHT,37.253204,-121.842274,,,,,A,NO PEDESTRIANS INVOLVED,5/6/2016 12:00:00 AM,A,21658(a),False,1.0,SR-85 S/B,,,5/11/2016 12:25:31 PM,A,N,600.0,Blossom Hill Rd,F,,D,5/11/2016 12:28:17 PM,5/11/2016 12:28:17 PM,,,2,,,,,,,
177256,9340-2016-7289,1,False,9340,5/10/2016 10:29:00 AM,1029,120,1368,4313,San Jose,43,True,True,C,REAR END,,Tuesday,NotApplicable,False,,,False,True,False,Santa Clara Superior,C,OTHER MOTOR VEHICLE,,1,0,CLEAR,, NO UNUSUAL CONDITIONS,, ,A,DAYLIGHT,37.3637,-121.8975,,,,,A,NO PEDESTRIANS INVOLVED,5/10/2016 12:00:00 AM,A,22350,False,1.0,US101 N/B,,,5/11/2016 12:03:13 PM,A,N,1750.0,Old Oakland Rd,F,,D,5/11/2016 12:03:45 PM,5/11/2016 12:03:45 PM,,,2,,,,,,,
177105,9340-2016-7290,1,False,9340,5/10/2016 7:40:00 AM,740,282,1368,4313,San Jose,43,True,True,C,REAR END,,Tuesday,NotApplicable,False,,,False,True,False,Santa Clara Superior,C,OTHER MOTOR VEHICLE,,0,0,CLOUDY,, NO UNUSUAL CONDITIONS,, ,A,DAYLIGHT,37.316493,-121.967205,,,,,A,NO PEDESTRIANS INVOLVED,5/10/2016 12:00:00 AM,A,22350,False,1.0,I-280 N/B,,,5/11/2016 10:21:42 AM,A,S,1000.0,Saratoga Ave,F,,D,5/11/2016 10:22:18 AM,5/11/2016 10:22:18 AM,,,2,,,,,,,
177087,9340-2016-7281,1,False,9340,5/9/2016 10:50:00 PM,2250,120,1368,4313,San Jose,43,True,True,B,SIDE SWIPE,,Monday,NotApplicable,False,,,False,True,False,Santa Clara Superior,C,OTHER MOTOR VEHICLE,,0,0,CLEAR,, NO UNUSUAL CONDITIONS,, ,D,DARK-NO STREET LIGHTS,37.36331,-121.89762,,,,,A,NO PEDESTRIANS INVOLVED,5/9/2016 12:00:00 AM,A,22107,False,1.0,US101 S/B,,,5/11/2016 10:14:26 AM,A,N,100.0,10th St,F,,D,5/11/2016 10:15:02 AM,5/11/2016 10:15:02 AM,,,2,,,,,,,
177038,9340-2016-7047,1,False,9340,4/27/2016 3:36:00 PM,1536,510,1368,4313,San Jose,43,True,True,C,REAR END,,Wednesday,Yes,True,,,False,False,True,Santa Clara Superior,C,OTHER MOTOR VEHICLE,,0,0,CLOUDY,, NO UNUSUAL CONDITIONS,, On-Duty Emergency Vehicle,A,DAYLIGHT,37.30121,-121.9643,,,,,A,NO PEDESTRIANS INVOLVED,4/27/2016 12:00:00 AM,A,22350,False,3.0,SAN TOMAS EXPRESSWAY S/B,,,5/11/2016 9:47:02 AM,A,N,26.0,PAYNE AVENUE,F,,A,5/11/2016 9:47:42 AM,5/11/2016 9:47:42 AM,,,2,,,,,,,
177012,9340-2016-7245,1,False,9340,5/7/2016 12:20:00 PM,1220,120,1368,4313,San Jose,43,True,True,C,REAR END,,Saturday,NotApplicable,False,,,False,True,True,Santa Clara Superior,C,OTHER MOTOR VEHICLE,,0,0,RAINING,, NO UNUSUAL CONDITIONS,, ,A,DAYLIGHT,37.36367,-121.898338,,,,,A,NO PEDESTRIANS INVOLVED,5/7/2016 12:00:00 AM,A,22350,False,2.0,US-101 NORTHBOUND,,,5/11/2016 9:33:51 AM,B,S,700.0,INTERSTATE 880 O/C,F,,D,5/11/2016 9:34:27 AM,5/11/2016 9:34:27 AM,,,2,,,,,,,
177011,9340-2016-7283,1,False,9340,5/6/2016 1:00:00 PM,1300,282,1368,4313,San Jose,43,True,True,E,HIT OBJECT,,Friday,NotApplicable,False,,,False,True,True,Santa Clara Superior,I,FIXED OBJECT,Concrete Wall,3,0,CLOUDY,RAINING, NO UNUSUAL CONDITIONS,, ,A,DAYLIGHT,37.31746,-121.97596,N,300.0,280 SCL 5.949,F,A,NO PEDESTRIANS INVOLVED,5/6/2016 12:00:00 AM,A,22350,False,1.0,I-280 N/B,,,5/11/2016 9:32:53 AM,B,N,300.0,Saratoga Ave,F,,D,5/11/2016 9:33:30 AM,5/11/2016 9:33:30 AM,,,2,,,,,,,
176995,9340-2016-7172,1,False,9340,5/3/2016 7:05:00 PM,1905,281,1368,4313,San Jose,43,True,True,C,REAR END,,Tuesday,NotApplicable,False,,,False,True,True,Santa Clara Superior,C,OTHER MOTOR VEHICLE,,0,0,CLOUDY,, NO UNUSUAL CONDITIONS,, ,A,DAYLIGHT,37.32743,-121.87902,,,,,A,NO PEDESTRIANS INVOLVED,5/3/2016 12:00:00 AM,A,22350,False,1.0,I-280 S/B,,,5/11/2016 9:18:08 AM,A,S,300.0,SR-87,F,,D,5/11/2016 9:18:41 AM,5/11/2016 9:18:41 AM,,,2,,,,,,,
176927,9340-2016-7249,1,False,9340,5/7/2016 4:00:00 PM,1600,088,1368,4313,San Jose,43,True,True,C,REAR END,,Saturday,NotApplicable,False,,,False,True,True,Santa Clara Superior,C,OTHER MOTOR VEHICLE,,0,0,CLOUDY,, NO UNUSUAL CONDITIONS,, ,A,DAYLIGHT,37.34739,-121.92063,,,,,A,NO PEDESTRIANS INVOLVED,5/7/2016 12:00:00 AM,A,22350,False,1.0,I-880 N/B,,,5/11/2016 8:38:51 AM,A,S,1075.0,Coleman Ave.,F,,D,5/11/2016 8:39:27 AM,5/11/2016 8:39:27 AM,,,2,,,,,,,
176869,9340-2016-7227,1,False,9340,5/6/2016 1:45:00 PM,1345,282,1368,4313,San Jose,43,True,True,C,REAR END,,Friday,NotApplicable,False,,,False,True,False,Santa Clara Superior,C,OTHER MOTOR VEHICLE,,0,0,RAINING,, NO UNUSUAL CONDITIONS,, ,A,DAYLIGHT,37.31818,-121.98713,,,,,A,NO PEDESTRIANS INVOLVED,5/6/2016 12:00:00 AM,A,22350,False,1.0,I-280 N/B,,,5/11/2016 7:58:50 AM,B,S,1000.0,Lawrence Expy,F,,D,5/11/2016 7:59:25 AM,5/11/2016 7:59:25 AM,,,2,,,,,,,
176709,9340-2016-7268,1,False,9340,5/9/2016 6:55:00 AM,655,110,1368,4313,San Jose,43,True,True,C,REAR END,,Monday,NotApplicable,False,,,False,True,True,Santa Clara Superior,C,OTHER MOTOR VEHICLE,,0,0,CLOUDY,, NO UNUSUAL CONDITIONS,, ,A,DAYLIGHT,37.65453,-121.3202,N,0.3,101 SCL 33.034,M,A,NO PEDESTRIANS INVOLVED,5/9/2016 12:00:00 AM,D,,,,US-101 S.B.,,,5/10/2016 4:44:46 PM,A,N,0.3,Tully Rd,M,,D,5/10/2016 4:45:22 PM,5/10/2016 4:45:22 PM,,,2,,,,,,,
176545,9340-2016-7079,1,False,9340,4/28/2016 6:45:00 PM,1845,281,1368,4313,San Jose,43,True,True,C,REAR END,,Thursday,NotApplicable,False,,,False,True,False,Santa Clara Superior,C,OTHER MOTOR VEHICLE,,0,0,CLEAR,, NO UNUSUAL CONDITIONS,, ,A,DAYLIGHT,37.31654,-121.9288,,,,,A,NO PEDESTRIANS INVOLVED,4/28/2016 12:00:00 AM,A,22350,False,1.0,I-280 S/B,,,5/10/2016 2:40:36 PM,A,S,500.0,I-880,F,,D,5/10/2016 2:41:17 PM,5/10/2016 2:41:17 PM,,,2,,,,,,,
176472,9340-2016-7230,1,False,9340,5/6/2016 4:20:00 PM,1620,110,1368,4313,San Jose,43,True,True,E,HIT OBJECT,,Friday,NotApplicable,False,,,False,True,True,Santa Clara Superior,I,FIXED OBJECT,TREE,0,0,CLOUDY,, NO UNUSUAL CONDITIONS,, ,A,DAYLIGHT,37.25813,-121.79675,,,,,A,NO PEDESTRIANS INVOLVED,5/6/2016 12:00:00 AM,A,22107,False,1.0,US101 N/B FROM BLOSSOM HILL RD,,,5/10/2016 2:05:12 PM,B,N,400.0,Blossom Hill Rd,F,,D,5/10/2016 2:06:37 PM,5/10/2016 2:06:37 PM,,,2,,,,,,,
176454,9340-2016-7229,1,False,9340,5/6/2016 3:30:00 PM,1530,110,1368,4313,San Jose,43,True,True,C,REAR END,,Friday,Yes,False,,,False,True,True,Santa Clara Superior,C,OTHER MOTOR VEHICLE,,1,0,CLEAR,, NO UNUSUAL CONDITIONS,, ,A,DAYLIGHT,37.34237,-121.85485,,,,,A,NO PEDESTRIANS INVOLVED,5/6/2016 12:00:00 AM,A,22350,False,1.0,US101 S/B,,,5/10/2016 1:58:03 PM,B,N,1000.0,I-280,F,,D,5/10/2016 1:58:44 PM,5/10/2016 1:58:44 PM,,,2,,,,,,,
176437,9340-2016-7182,1,False,9340,5/4/2016 10:30:00 AM,1030,681,1368,4313,San Jose,43,True,True,E,HIT OBJECT,,Wednesday,Yes,False,,,False,True,True,Santa Clara Superior,I,FIXED OBJECT,METAL GUARDRAIL,1,0,CLEAR,, NO UNUSUAL CONDITIONS,, ,A,DAYLIGHT,37.352139,-121.838061,,,,,A,NO PEDESTRIANS INVOLVED,5/4/2016 12:00:00 AM,A,22350,False,1.0,I-680 S/B TO CAPITOL EXPWY. E/B,,,5/10/2016 1:47:14 PM,A,S,66.0,Capitol Expy,F,REFER TO PG. #4,D,5/10/2016 1:47:47 PM,5/10/2016 1:47:47 PM,,,2,,,,,,,
176436,9340-2016-7233,1,False,9340,5/6/2016 3:20:00 PM,1520,089,1368,4313,San Jose,43,True,True,C,REAR END,,Friday,NotApplicable,False,,,False,True,False,Santa Clara Superior,C,OTHER MOTOR VEHICLE,,0,0,CLOUDY,, NO UNUSUAL CONDITIONS,, ,A,DAYLIGHT,37.264495,-121.55162,,,,,A,NO PEDESTRIANS INVOLVED,5/6/2016 12:00:00 AM,A,22350,False,1.0,I-880 N/B,,,5/10/2016 1:47:12 PM,B,S,0.2,Dixon Landing Rd,M,,D,5/10/2016 1:47:41 PM,5/10/2016 1:47:41 PM,,,2,,,,,,,
176416,9340-2016-7232,1,False,9340,5/6/2016 3:00:00 PM,1500,089,1368,4313,San Jose,43,True,True,C,REAR END,,Friday,NotApplicable,False,,,False,True,True,Santa Clara Superior,C,OTHER MOTOR VEHICLE,,0,0,CLOUDY,, NO UNUSUAL CONDITIONS,, ,A,DAYLIGHT,37.264495,-121.55162,,,,,A,NO PEDESTRIANS INVOLVED,5/6/2016 12:00:00 AM,A,22350,False,1.0,I-880 N/B,,,5/10/2016 1:36:11 PM,B,S,0.2,Dixon Landing Rd,M,,D,5/10/2016 1:36:39 PM,5/10/2016 1:36:39 PM,,,2,,,,,,,
176405,9340-2016-7239,1,False,9340,5/6/2016 2:15:00 PM,1415,083,1368,4313,San Jose,43,True,True,C,REAR END,,Friday,NotApplicable,False,,,False,True,False,Santa Clara Superior,C,OTHER MOTOR VEHICLE,,0,0,CLOUDY,RAINING, NO UNUSUAL CONDITIONS,, ,A,DAYLIGHT,37.250879,-121.93172,,,,,A,NO PEDESTRIANS INVOLVED,5/6/2016 12:00:00 AM,A,22350,False,1.0,SR-85 S/B,,,5/10/2016 1:29:24 PM,B,N,50.0,Union Ave,F,,D,5/10/2016 1:29:57 PM,5/10/2016 1:29:57 PM,,,2,,,,,,,
176295,9340-2016-7208,1,False,9340,5/5/2016 6:55:00 PM,1855,282,1368,4313,San Jose,43,True,True,C,REAR END,,Thursday,NotApplicable,False,,,False,True,True,Santa Clara Superior,C,OTHER MOTOR VEHICLE,,0,0,CLOUDY,, NO UNUSUAL CONDITIONS,, ,A,DAYLIGHT,37.321221,-121.996595,,,,,A,NO PEDESTRIANS INVOLVED,5/5/2016 12:00:00 AM,A,22350,False,1.0,I-280 S/B,,,5/10/2016 12:21:10 PM,A,N,140.0,Lawrence Rd,F,,D,5/10/2016 12:21:43 PM,5/10/2016 12:21:43 PM,,,2,,,,,,,
176277,9340-2016-7165,1,False,9340,5/3/2016 4:22:00 PM,1622,681,1368,4313,San Jose,43,True,True,F,OVERTURNED,,Tuesday,Yes,False,,,False,True,True,Santa Clara Superior,A,NON-COLLISION,,1,0,CLEAR,, NO UNUSUAL CONDITIONS,, ,A,DAYLIGHT,37.38504,-121.86411,,,,,A,NO PEDESTRIANS INVOLVED,5/3/2016 12:00:00 AM,A,22350,False,1.0,I-680 s/b (to Berryessa Rd.),,,5/10/2016 12:09:21 PM,A,N,1000.0,BERRYESSA ROAD,F,,D,5/10/2016 12:10:03 PM,5/10/2016 12:10:03 PM,,,2,,,,,,,