Collision Id,	Report Number,	Report Version,	Is Preliminary,	NCIC Code,Crash Date Time,	Crash Time Description,	Beat,City Id,	City Code,	City Name,County Code,	City Is Active,	City Is Incorporated,	Collision Type Code,Collision Type Description,	Collision Type Other Desc,	Day Of Week,	DispatchNotified,	HasPhotographs,	HitRun,	IsAttachmentsMailed,	IsDeleted,	IsHighwayRelated,	IsTowAway,	JudicialDistrict,	MotorVehicleInvolvedWithCode,	MotorVehicleInvolvedWithDesc,MotorVehicleInvolvedWithOtherDesc,	NumberInjured,	NumberKilled,Weather 1, Weather 2, Road Condition 1, Road Condition 2, Special Condition,LightingCode, LightingDescription,Latitude,Longitude,MilepostDirection,MilepostDistance,MilepostMarker,MilepostUnitOfMeasure,	PedestrianActionCode,PedestrianActionDesc,PreparedDate,	Primary Collision Factor Code,Primary Collision Factor Violation,PrimaryCollisionFactorIsCited,	PrimaryCollisionPartyNumber,	PrimaryRoad,	ReportingDistrict,	ReportingDistrictCode,ReviewedDate,	RoadwaySurfaceCode,SecondaryDirection,	SecondaryDistance,	SecondaryRoad,	SecondaryUnitOfMeasure,	SketchDesc,	TrafficControlDeviceCode,CreatedDate,	ModifiedDate,IsCountyRoad,IsFreeway,CHP555Version,	IsAdditonalObjectStruck,NotificationDate,	NotificationTimeDescription,	HasDigitalMediaFiles,	EvidenceNumber,	IsLocationReferToNarrative,	IsAOIOneSameAsLocation
189951,9340-2016-7571,1,False,9340,5/24/2016 5:30:00 AM,530,083,1368,4313,San Jose,43,True,True,E,HIT OBJECT,,Tuesday,NotApplicable,False,,,False,True,True,Santa Clara Superior,I,FIXED OBJECT,Guardrail,0,0,CLEAR,, NO UNUSUAL CONDITIONS,, ,B,DUSK-DAWN,37.253719,-121.881703,,,,,A,NO PEDESTRIANS INVOLVED,5/24/2016 12:00:00 AM,C,,,,SR-85 N/B,,,5/27/2016 1:31:16 PM,A,N,0.3,Almaden Expy,M,,D,5/27/2016 1:32:10 PM,5/27/2016 1:32:10 PM,,,2,,,,,,,
189950,9340-2016-7569,1,False,9340,5/24/2016 8:15:00 AM,815,281,1368,4313,San Jose,43,True,True,C,REAR END,,Tuesday,NotApplicable,False,,,False,True,False,Santa Clara Superior,C,OTHER MOTOR VEHICLE,,0,0,CLEAR,, NO UNUSUAL CONDITIONS,, ,A,DAYLIGHT,37.194,-121.5537,,,,,A,NO PEDESTRIANS INVOLVED,5/24/2016 12:00:00 AM,A,22350 VC,False,1.0,I-280 N/B,,,5/27/2016 1:31:29 PM,A,S,250.0,Leigh Ave,F,,D,5/27/2016 1:31:58 PM,5/27/2016 1:31:58 PM,,,2,,,,,,,
189945,9340-2016-7560,1,False,9340,5/23/2016 6:59:00 PM,1859,110,1368,4313,San Jose,43,True,True,E,HIT OBJECT,,Monday,Yes,False,,,False,True,True,Santa Clara Superior,I,FIXED OBJECT,CONCRETE WALL,1,0,CLEAR,, NO UNUSUAL CONDITIONS,, ,A,DAYLIGHT,37.28126,-121.808,,,,,A,NO PEDESTRIANS INVOLVED,5/23/2016 12:00:00 AM,A,22107,False,1.0,US-101 S/B,,,5/27/2016 1:23:05 PM,A,S,500.0,Hellyer Ave,F,,D,5/27/2016 1:23:46 PM,5/27/2016 1:23:46 PM,,,2,,,,,,,
189930,9340-2016-7585,1,False,9340,5/24/2016 3:10:00 PM,1510,281,1368,4313,San Jose,43,True,True,C,REAR END,,Tuesday,NotApplicable,False,,,False,True,False,Santa Clara Superior,C,OTHER MOTOR VEHICLE,,0,0,CLEAR,, NO UNUSUAL CONDITIONS,, ,A,DAYLIGHT,37.32166,-121.89171,,,,,A,NO PEDESTRIANS INVOLVED,5/24/2016 12:00:00 AM,A,22350 VC,False,1.0,I-280 S/B TO SR-87 S/B,,,5/27/2016 1:11:20 PM,A,N,800.0,Virginia St,F,,D,5/27/2016 1:11:49 PM,5/27/2016 1:11:49 PM,,,2,,,,,,,
189920,9725-2016-6261,1,False,9725,5/24/2016 8:15:00 AM,815,086,1368,4313,San Jose,43,True,True,B,SIDE SWIPE,,Tuesday,NotApplicable,False,,,False,True,False,Santa Clara Superior,C,OTHER MOTOR VEHICLE,,0,0,CLOUDY,, NO UNUSUAL CONDITIONS,, ,A,DAYLIGHT,37.24199,-121.77348,,,,,A,NO PEDESTRIANS INVOLVED,5/24/2016 12:00:00 AM,A,21658 (a),False,1.0,SR-85 N/B from Bernal Rd.,,,5/27/2016 1:03:20 PM,A,N,47.0,Bernal Rd,F,,D,5/27/2016 1:04:04 PM,5/27/2016 1:04:04 PM,,,2,,,,,,,
189906,9340-2016-7559,1,False,9340,5/23/2016 4:25:00 PM,1625,110,1368,4313,San Jose,43,True,True,C,REAR END,,Monday,NotApplicable,False,,,False,True,False,Santa Clara Superior,C,OTHER MOTOR VEHICLE,,0,0,CLEAR,, NO UNUSUAL CONDITIONS,, ,A,DAYLIGHT,37.34131,-121.84945,,,,,A,NO PEDESTRIANS INVOLVED,5/23/2016 12:00:00 AM,A,22350,False,1.0,US-101 N/B (TO I-680 N/B),,,5/27/2016 12:44:29 PM,A,S,1500.0,Jackson Ave,F,,D,5/27/2016 12:45:02 PM,5/27/2016 12:45:02 PM,,,2,,,,,,,
189873,9340-2016-7532,1,False,9340,5/21/2016 7:08:00 PM,1908,281,1368,4313,San Jose,43,True,True,C,REAR END,,Saturday,Yes,False,,,False,True,True,Santa Clara Superior,C,OTHER MOTOR VEHICLE,,2,0,CLEAR,, NO UNUSUAL CONDITIONS,, ,A,DAYLIGHT,37.32523,-121.88615,,,,,A,NO PEDESTRIANS INVOLVED,5/21/2016 12:00:00 AM,A,23152(a),True,1.0,I-280 N/B to Stevens Creek Boulevard,,,5/27/2016 11:58:50 AM,B,S,150.0,Macarthur Ave Overcrossing,F,,D,5/27/2016 11:59:39 AM,5/27/2016 11:59:39 AM,,,2,,,,,,,
189866,9340-2016-7546,1,False,9340,5/22/2016 8:10:00 PM,2010,110,1368,4313,San Jose,43,True,True,E,HIT OBJECT,,Sunday,Yes,False,,,False,True,True,Santa Clara Superior,I,FIXED OBJECT,GUARDRAIL,1,0,CLEAR,, NO UNUSUAL CONDITIONS,, ,B,DUSK-DAWN,37.2065,-121.50491,,,,,A,NO PEDESTRIANS INVOLVED,5/22/2016 12:00:00 AM,A,23152(a),True,1.0,US101 N/B,,,5/27/2016 11:51:48 AM,A,S,400.0,Story Rd,F,,D,5/27/2016 11:52:33 AM,5/27/2016 11:52:33 AM,,,2,,,,,,,
189730,9340-2016-7523,1,False,9340,5/21/2016 7:25:00 PM,1925,089,1368,4313,San Jose,43,True,True,E,HIT OBJECT,,Saturday,NotApplicable,False,,,False,True,True,Santa Clara Superior,I,FIXED OBJECT,Dirt Field,2,0,CLEAR,, NO UNUSUAL CONDITIONS,, ,A,DAYLIGHT,37.21475,-121.541113,,,,,A,NO PEDESTRIANS INVOLVED,5/21/2016 12:00:00 AM,A,22350,False,1.0,I-880 S/B to US-101 S/B,,,5/27/2016 10:02:36 AM,A,S,375.0,US-101,F,,D,5/27/2016 10:03:19 AM,5/27/2016 10:03:19 AM,,,2,,,,,,,
189690,9340-2016-7442,1,False,9340,5/19/2016 5:00:00 PM,1700,089,1368,4313,San Jose,43,True,True,C,REAR END,,Thursday,NotApplicable,False,,,False,True,True,Santa Clara Superior,C,OTHER MOTOR VEHICLE,,0,0,CLEAR,, NO UNUSUAL CONDITIONS,, ,A,DAYLIGHT,37.3787,-121.90387,,,,,A,NO PEDESTRIANS INVOLVED,5/19/2016 12:00:00 AM,A,22350 VC,False,1.0,I-880 S/B,,,5/27/2016 9:26:26 AM,A,S,0.2,Brokaw Rd,M,,D,5/27/2016 9:26:55 AM,5/27/2016 9:26:55 AM,,,2,,,,,,,
189681,9340-2016-7396,1,False,9340,5/13/2016 10:48:00 PM,2248,281,1368,4313,San Jose,43,True,True,E,HIT OBJECT,,Friday,Yes,False,,,False,True,True,Santa Clara Superior,I,FIXED OBJECT,Cement Wall,1,0,CLEAR,, NO UNUSUAL CONDITIONS,, ,C,DARK-STREET LIGHTS,37.13341,-121.11478,,,,,A,NO PEDESTRIANS INVOLVED,5/13/2016 12:00:00 AM,A,22106,False,2.0,I-280 N/B,,,5/27/2016 9:20:50 AM,A,S,1000.0,SR-87,F,,D,5/27/2016 9:21:31 AM,5/27/2016 9:21:31 AM,,,2,,,,,,,
189605,9340-2016-7564,1,False,9340,5/23/2016 5:00:00 PM,1700,681,1368,4313,San Jose,43,True,True,B,SIDE SWIPE,,Monday,NotApplicable,False,,,False,True,False,Santa Clara Superior,C,OTHER MOTOR VEHICLE,,2,0,CLEAR,, NO UNUSUAL CONDITIONS,, ,A,DAYLIGHT,37.34817,-121.84007,,,,,A,NO PEDESTRIANS INVOLVED,5/23/2016 12:00:00 AM,A,21658(a),False,,I-680 N/B,,,5/27/2016 8:32:57 AM,A,S,1500.0,Jackson Ave,F,,D,5/27/2016 8:33:41 AM,5/27/2016 8:33:41 AM,,,2,,,,,,,
189559,9340-2016-7502,1,False,9340,5/20/2016 6:18:00 AM,618,530,1368,4313,San Jose,43,True,True,E,HIT OBJECT,,Friday,NotApplicable,False,,,False,False,True,Santa Clara Superior,I,FIXED OBJECT,CARPOOL SIGN POST,1,0,CLEAR,, NO UNUSUAL CONDITIONS,, ,A,DAYLIGHT,37.398557,-121.933647,,,,,A,NO PEDESTRIANS INVOLVED,5/20/2016 12:00:00 AM,A,22107,False,1.0,MONTAGUE EXPY W/B,,,5/27/2016 7:49:23 AM,A,W,430.0,Zanker Rd,F,FOR SKETCH DIAGRAM- SEE PAGE 4,D,5/27/2016 7:50:09 AM,5/27/2016 7:50:09 AM,,,2,,,,,,,
188410,9340-2016-7554,1,False,9340,5/23/2016 3:35:00 PM,1535,089,1368,4313,San Jose,43,True,True,F,OVERTURNED,,Monday,Yes,False,,,False,True,True,Santa Clara Superior,I,FIXED OBJECT,asphalt roadway,1,0,CLEAR,, NO UNUSUAL CONDITIONS,, ,A,DAYLIGHT,37.40109,-121.90851,,,,,A,NO PEDESTRIANS INVOLVED,5/23/2016 12:00:00 AM,C,,,,i-880 n/b from montague expy e/b,,,5/26/2016 4:23:13 PM,D,S,146.0,Montague Expy,F,,D,5/26/2016 4:23:52 PM,5/26/2016 4:23:52 PM,,,2,,,,,,,
188403,9340-2016-7555,1,False,9340,5/23/2016 3:15:00 PM,1515,089,1368,4313,San Jose,43,True,True,B,SIDE SWIPE,,Monday,NotApplicable,False,,,False,True,False,Santa Clara Superior,C,OTHER MOTOR VEHICLE,,0,0,CLEAR,, NO UNUSUAL CONDITIONS,, ,A,DAYLIGHT,37.365176,-121.901571,,,,,A,NO PEDESTRIANS INVOLVED,5/23/2016 12:00:00 AM,A,21658(a),False,1.0,I-880 S/B,,,5/26/2016 4:15:54 PM,A,N,500.0,US101,F,,D,5/26/2016 4:17:21 PM,5/26/2016 4:17:21 PM,,,2,,,,,,,
188355,9340-2016-7566,1,False,9340,5/23/2016 8:25:00 AM,825,281,1368,4313,San Jose,43,True,True,C,REAR END,,Monday,Yes,False,,,False,True,True,Santa Clara Superior,C,OTHER MOTOR VEHICLE,,1,0,CLEAR,, NO UNUSUAL CONDITIONS,, ,A,DAYLIGHT,37.192,-121.545,,,,,A,NO PEDESTRIANS INVOLVED,5/23/2016 12:00:00 AM,A,22350 VC,False,1.0,I-280 S/B,,,5/26/2016 3:32:21 PM,A,N,1000.0,Bird Avenue,F,,D,5/26/2016 3:33:12 PM,5/26/2016 3:33:12 PM,,,2,,,,,,,
188336,9340-2016-7452,1,False,9340,5/18/2016 10:29:00 AM,1029,087,1368,4313,San Jose,43,True,True,C,REAR END,,Wednesday,Yes,False,,,False,True,False,Santa Clara Superior,C,OTHER MOTOR VEHICLE,,1,0,CLEAR,, NO UNUSUAL CONDITIONS,, ,A,DAYLIGHT,37.29309,-121.87204,,,,,A,NO PEDESTRIANS INVOLVED,5/18/2016 12:00:00 AM,A,22350,False,1.0,SR-87 N/B,,,5/26/2016 3:17:21 PM,A,S,200.0,Curtner Ave,F,,D,5/26/2016 3:18:05 PM,5/26/2016 3:18:05 PM,,,2,,,,,,,
188315,9340-2016-7501,1,False,9340,5/20/2016 6:50:00 AM,650,087,1368,4313,San Jose,43,True,True,B,SIDE SWIPE,,Friday,NotApplicable,False,M,,False,True,False,Santa Clara Superior,C,OTHER MOTOR VEHICLE,,0,0,CLEAR,, NO UNUSUAL CONDITIONS,, ,A,DAYLIGHT,37.3541,-121.6807,,,,,A,NO PEDESTRIANS INVOLVED,5/20/2016 12:00:00 AM,A,21658(a),False,2.0,SR-87 N/B,,,5/26/2016 3:01:10 PM,A,S,2500.0,I-280,F,,D,5/26/2016 3:01:46 PM,5/26/2016 3:01:46 PM,,,2,,,,,,,
188314,9340-2016-7568,1,False,9340,5/23/2016 9:10:00 PM,2110,281,1368,4313,San Jose,43,True,True,C,REAR END,,Monday,NotApplicable,False,,,False,True,True,Santa Clara Superior,C,OTHER MOTOR VEHICLE,,1,0,CLEAR,, NO UNUSUAL CONDITIONS,, ,D,DARK-NO STREET LIGHTS,37.32014,-121.90069,,,,,A,NO PEDESTRIANS INVOLVED,5/23/2016 12:00:00 AM,A,22350,False,1.0,I-280 S/B,,,5/26/2016 3:01:05 PM,A,N,700.0,Bird Ave,F,,D,5/26/2016 3:01:39 PM,5/26/2016 3:01:39 PM,,,2,,,,,,,
188302,9340-2016-7453,1,False,9340,5/18/2016 10:32:00 AM,1032,087,1368,4313,San Jose,43,True,True,B,SIDE SWIPE,,Wednesday,NotApplicable,False,M,,False,True,False,Santa Clara Superior,C,OTHER MOTOR VEHICLE,,0,0,CLEAR,, NO UNUSUAL CONDITIONS,, ,A,DAYLIGHT,37.273067,-121.862603,,,,,A,NO PEDESTRIANS INVOLVED,5/18/2016 12:00:00 AM,A,22107,False,1.0,SR-87 N/B,,,5/26/2016 2:54:57 PM,A,S,400.0,Capitol Expy,F,,D,5/26/2016 2:55:28 PM,5/26/2016 2:55:28 PM,,,2,,,,,,,
188298,9340-2016-7567,1,False,9340,5/23/2016 11:20:00 PM,2320,089,1368,4313,San Jose,43,True,True,E,HIT OBJECT,,Monday,NotApplicable,False,,,False,True,True,Santa Clara Superior,I,FIXED OBJECT,CONCRETE WALL,1,0,CLEAR,, NO UNUSUAL CONDITIONS,, ,C,DARK-STREET LIGHTS,37.37572,-121.37493,,,,,A,NO PEDESTRIANS INVOLVED,5/23/2016 12:00:00 AM,A,22107,False,1.0,US-101 N/B FROM I-880 N/B,,,5/26/2016 2:53:20 PM,A,N,400.0,US-101,F,,D,5/26/2016 2:53:59 PM,5/26/2016 2:53:59 PM,,,2,,,,,,,
188129,9340-2016-6542,1,False,9340,4/2/2016 10:10:00 PM,2210,089,1368,4313,San Jose,43,True,True,E,HIT OBJECT,,Saturday,NotApplicable,False,M,,False,True,True,Santa Clara Superior,I,FIXED OBJECT,ITENERARY BARRELLS,0,0,CLEAR,, NO UNUSUAL CONDITIONS,, ,D,DARK-NO STREET LIGHTS,37.33451,-121.93579,,,,,A,NO PEDESTRIANS INVOLVED,4/2/2016 12:00:00 AM,A,22107,False,1.0,I-880 N/B,,,5/26/2016 12:58:12 PM,A,N,100.0,Bascom Ave,F,,D,5/26/2016 12:58:48 PM,5/26/2016 12:58:48 PM,,,2,,,,,,,
188095,9340-2016-6518,1,False,9340,4/1/2016 8:45:00 PM,2045,681,1368,4313,San Jose,43,True,True,C,REAR END,,Friday,Yes,False,M,,False,True,False,Santa Clara Superior,C,OTHER MOTOR VEHICLE,,1,0,CLEAR,, NO UNUSUAL CONDITIONS,, ,D,DARK-NO STREET LIGHTS,37.68392,-121.68392,,,,,A,NO PEDESTRIANS INVOLVED,4/1/2016 12:00:00 AM,A,22350,False,1.0,I-680 S/B,,,5/26/2016 12:34:55 PM,A,N,1500.0,King Road,F,,D,5/26/2016 12:35:41 PM,5/26/2016 12:35:41 PM,,,2,,,,,,,
188092,9340-2016-7531,1,False,9340,5/21/2016 1:30:00 PM,1330,282,1368,4313,San Jose,43,True,True,D,BROADSIDE,,Saturday,Yes,False,,,False,True,True,Santa Clara Superior,C,OTHER MOTOR VEHICLE,,0,0,RAINING,, NO UNUSUAL CONDITIONS,, ,A,DAYLIGHT,37.31935,-121.99268,,,,,A,NO PEDESTRIANS INVOLVED,5/21/2016 12:00:00 AM,A,22107,False,1.0,I-280 S/B,,,5/26/2016 12:32:27 PM,B,S,500.0,Lawrence Expy,F,,D,5/26/2016 12:33:01 PM,5/26/2016 12:33:01 PM,,,2,,,,,,,
187870,9340-2016-7540,1,False,9340,5/22/2016 12:35:00 AM,35,281,1368,4313,San Jose,43,True,True,E,HIT OBJECT,,Sunday,NotApplicable,False,,,False,True,True,Santa Clara Superior,I,FIXED OBJECT,CEMENT WALL,0,0,CLEAR,, NO UNUSUAL CONDITIONS,, ,D,DARK-NO STREET LIGHTS,37.46579,-121.98746,,,,,A,NO PEDESTRIANS INVOLVED,5/22/2016 12:00:00 AM,A,22107,False,1.0,I-280 N/B,,,5/26/2016 9:48:30 AM,A,S,1000.0,SR-87,F,,D,5/26/2016 9:49:01 AM,5/26/2016 9:49:01 AM,,,2,,,,,,,
187862,9340-2016-7536,1,False,9340,5/22/2016 10:55:00 AM,1055,230,1368,4313,San Jose,43,True,True,B,SIDE SWIPE,,Sunday,NotApplicable,False,,,False,True,False,Santa Clara Superior,C,OTHER MOTOR VEHICLE,,0,0,CLOUDY,, NO UNUSUAL CONDITIONS,, ,A,DAYLIGHT,37.419814,-121.942072,,,,,A,NO PEDESTRIANS INVOLVED,5/22/2016 12:00:00 AM,A,22107,False,1.0,SR-237 Westbound,,,5/26/2016 9:39:47 AM,A,W,500.0,Zanker Rd.,F,SEE PAGE # 5.,D,5/26/2016 9:41:29 AM,5/26/2016 9:41:29 AM,,,2,,,,,,,
187685,9340-2016-7539,1,False,9340,5/20/2016 9:25:00 PM,2125,172,1368,4313,San Jose,43,True,True,B,SIDE SWIPE,,Friday,NotApplicable,False,,,False,True,False,Santa Clara Superior,C,OTHER MOTOR VEHICLE,,0,0,CLOUDY,, NO UNUSUAL CONDITIONS,, ,D,DARK-NO STREET LIGHTS,37.77362,-121.98377,,,,,A,NO PEDESTRIANS INVOLVED,5/20/2016 12:00:00 AM,A,21658(a),False,1.0,SR-17 S/B,,,5/26/2016 7:17:25 AM,A,N,2000.0,Hamilton Ave,F,,D,5/26/2016 7:17:56 AM,5/26/2016 7:17:56 AM,,,2,,,,,,,
187682,9340-2016-7450,1,False,9340,5/18/2016 10:30:00 AM,1030,087,1368,4313,San Jose,43,True,True,E,HIT OBJECT,,Wednesday,Yes,False,,,False,True,True,Santa Clara Superior,I,FIXED OBJECT,Concrete wall,1,0,CLEAR,, NO UNUSUAL CONDITIONS,, ,A,DAYLIGHT,37.27324,-121.86264,,,,,A,NO PEDESTRIANS INVOLVED,5/18/2016 12:00:00 AM,A,22107,False,1.0,SR-87 N/B,,,5/26/2016 7:14:16 AM,A,S,422.0,Capitol Expy,F,,D,5/26/2016 7:14:57 AM,5/26/2016 7:14:57 AM,,,2,,,,,,,
187430,9340-2016-7527,1,False,9340,5/21/2016 2:10:00 PM,1410,088,1368,4313,San Jose,43,True,True,C,REAR END,,Saturday,NotApplicable,False,,,False,True,True,Santa Clara Superior,C,OTHER MOTOR VEHICLE,,0,0,RAINING,, NO UNUSUAL CONDITIONS,, ,A,DAYLIGHT,37.35861,-121.90696,,,,,A,NO PEDESTRIANS INVOLVED,5/21/2016 12:00:00 AM,A,22350,False,1.0,I-880 S/B,,,5/25/2016 3:04:02 PM,B,N,25.0,FIRST ST,F,,D,5/25/2016 3:04:36 PM,5/25/2016 3:04:36 PM,,,2,,,,,,,
187400,9340-2016-7534,1,False,9340,5/21/2016 9:20:00 PM,2120,088,1368,4313,San Jose,43,True,True,E,HIT OBJECT,,Saturday,No,False,,,False,True,True,Santa Clara Superior,I,FIXED OBJECT,CONCRETE WALL,0,0,CLOUDY,, NO UNUSUAL CONDITIONS,, ,C,DARK-STREET LIGHTS,37.1926,-121.5621,,,,,A,NO PEDESTRIANS INVOLVED,5/21/2016 12:00:00 AM,A,22107,False,1.0,I-880 N/B TO BASCOM AVE,,,5/25/2016 2:43:11 PM,A,N,150.0,Bascom Ave,F,,D,5/25/2016 2:43:40 PM,5/25/2016 2:43:40 PM,,,2,,,,,,,
187359,9725-2016-6260,1,False,9725,5/24/2016 7:15:00 AM,715,015,1368,4313,San Jose,43,True,True,B,SIDE SWIPE,,Tuesday,NotApplicable,False,,,False,True,False,Santa Clara Superior,C,OTHER MOTOR VEHICLE,,0,0,CLOUDY,, NO UNUSUAL CONDITIONS,, ,A,DAYLIGHT,37.24711,-121.77757,,,,,A,NO PEDESTRIANS INVOLVED,5/24/2016 12:00:00 AM,A,21658 (a),False,1.0,US 101 N/B,,,5/25/2016 2:23:08 PM,A,N,100.0,Bernal Rd,F,,D,5/25/2016 2:23:44 PM,5/25/2016 2:23:44 PM,,,2,,,,,,,
187353,9340-2016-7516,1,False,9340,5/21/2016 12:35:00 PM,1235,089,1368,4313,San Jose,43,True,True,C,REAR END,,Saturday,NotApplicable,False,,,False,True,False,Santa Clara Superior,C,OTHER MOTOR VEHICLE,,0,0,RAINING,, NO UNUSUAL CONDITIONS,, ,A,DAYLIGHT,37.368961,-121.901436,,,,,A,NO PEDESTRIANS INVOLVED,5/21/2016 12:00:00 AM,A,22350,False,1.0,I-880 Southbound,,,5/25/2016 2:16:56 PM,B,N,1000.0,Old Bayshore Hwy,F,SEE PAGE # 3.,D,5/25/2016 2:17:44 PM,5/25/2016 2:17:44 PM,,,2,,,,,,,
187293,9340-2016-7505,1,False,9340,5/20/2016 4:00:00 PM,1600,089,1368,4313,San Jose,43,True,True,C,REAR END,,Friday,NotApplicable,False,,,False,True,False,Santa Clara Superior,C,OTHER MOTOR VEHICLE,,0,0,CLEAR,, NO UNUSUAL CONDITIONS,, ,A,DAYLIGHT,37.40211,-121.91005,,,,,A,NO PEDESTRIANS INVOLVED,5/20/2016 12:00:00 AM,A,22350,False,1.0,I-880 S/B TO MONTAGUE EXPY W/B,,,5/25/2016 1:42:21 PM,A,N,300.0,Montague Expy,F,,D,5/25/2016 1:42:49 PM,5/25/2016 1:42:49 PM,,,2,,,,,,,
187290,9340-2016-7506,1,False,9340,5/20/2016 4:50:00 PM,1650,088,1368,4313,San Jose,43,True,True,C,REAR END,,Friday,NotApplicable,False,,,False,True,True,Santa Clara Superior,C,OTHER MOTOR VEHICLE,,0,0,CLEAR,, NO UNUSUAL CONDITIONS,, ,A,DAYLIGHT,37.34151,-121.92736,,,,,A,NO PEDESTRIANS INVOLVED,5/20/2016 12:00:00 AM,A,22350,False,1.0,I-880 N/B,,,5/25/2016 1:40:58 PM,A,S,1000.0,The Alameda,F,,D,5/25/2016 1:41:27 PM,5/25/2016 1:41:27 PM,,,2,,,,,,,
187252,9340-2016-7570,1,False,9340,5/20/2016 8:50:00 AM,850,230,1368,4313,San Jose,43,True,True,C,REAR END,,Friday,NotApplicable,False,,,False,True,False,Santa Clara Superior,C,OTHER MOTOR VEHICLE,,0,0,CLEAR,, NO UNUSUAL CONDITIONS,, ,A,DAYLIGHT,37.418941,-121.962752,,,,,A,NO PEDESTRIANS INVOLVED,5/20/2016 12:00:00 AM,A,22350,False,1.0,SR-237 E/B,,,5/25/2016 1:20:31 PM,A,W,517.0,N. First St.,F,,D,5/25/2016 1:21:02 PM,5/25/2016 1:21:02 PM,,,2,,,,,,,
187241,9340-2016-7529,1,False,9340,5/20/2016 11:13:00 PM,2313,681,1368,4313,San Jose,43,True,True,B,SIDE SWIPE,,Friday,NotApplicable,False,,,False,True,False,Santa Clara Superior,C,OTHER MOTOR VEHICLE,,0,0,CLEAR,, NO UNUSUAL CONDITIONS,, ,C,DARK-STREET LIGHTS,37.20343,-121.50483,,,,,A,NO PEDESTRIANS INVOLVED,5/20/2016 12:00:00 AM,A,21658(a),False,1.0,I-680 N/B,,,5/25/2016 1:14:13 PM,A,S,130.0,King Rd,F,,D,5/25/2016 1:14:49 PM,5/25/2016 1:14:49 PM,,,2,,,,,,,
187236,9340-2016-6912,1,False,9340,4/20/2016 7:30:00 PM,1930,120,1368,4313,San Jose,43,True,True,C,REAR END,,Wednesday,NotApplicable,False,,,False,True,False,Santa Clara Superior,C,OTHER MOTOR VEHICLE,,0,0,CLEAR,, NO UNUSUAL CONDITIONS,, ,A,DAYLIGHT,37.214949,-121.54234,,,,,A,NO PEDESTRIANS INVOLVED,4/20/2016 12:00:00 AM,A,22350,False,1.0,US101 S/B,,,5/25/2016 1:10:36 PM,A,S,260.0,I-880,F,,D,5/25/2016 1:11:05 PM,5/25/2016 1:11:05 PM,,,2,,,,,,,
187192,9340-2016-6926,1,False,9340,4/21/2016 11:50:00 AM,1150,110,1368,4313,San Jose,43,True,True,C,REAR END,,Thursday,NotApplicable,False,,,False,True,False,Santa Clara Superior,C,OTHER MOTOR VEHICLE,,0,0,CLEAR,, NO UNUSUAL CONDITIONS,, ,A,DAYLIGHT,37.317857,-121.832914,,,,,A,NO PEDESTRIANS INVOLVED,4/21/2016 12:00:00 AM,A,22350,False,1.0,US101 S/B,,,5/25/2016 12:41:23 PM,A,N,60.0,Tully Rd,F,,D,5/25/2016 12:41:57 PM,5/25/2016 12:41:57 PM,,,2,,,,,,,
187139,9340-2016-7111,1,False,9340,4/30/2016 9:30:00 PM,2130,110,1368,4313,San Jose,43,True,True,C,REAR END,,Saturday,NotApplicable,False,M,,False,True,False,Santa Clara Superior,C,OTHER MOTOR VEHICLE,,0,0,CLEAR,, NO UNUSUAL CONDITIONS,, ,C,DARK-STREET LIGHTS,37.35453,-121.86562,,,,,A,NO PEDESTRIANS INVOLVED,4/30/2016 12:00:00 AM,A,22350,False,1.0,US101 N/B ,,,5/25/2016 11:54:46 AM,A,S,40.0,McKee Rd,F,,A,5/25/2016 11:55:24 AM,5/25/2016 11:55:24 AM,,,2,,,,,,,
187034,9725-2016-6250,1,False,9725,5/20/2016 2:15:00 PM,1415,013,1368,4313,San Jose,43,True,True,C,REAR END,,Friday,NotApplicable,False,,,False,True,True,Santa Clara Superior,C,OTHER MOTOR VEHICLE,,0,0,CLEAR,, NO UNUSUAL CONDITIONS,, ,A,DAYLIGHT,37.16495,-121.66578,,,,,A,NO PEDESTRIANS INVOLVED,5/20/2016 12:00:00 AM,A,22350,False,1.0,US-101 s/b,,,5/25/2016 10:55:11 AM,A,N,0.3,Burnett Ave,M,,D,5/25/2016 10:55:46 AM,5/25/2016 10:55:46 AM,,,2,,,,,,,
187014,9340-2016-7118,1,False,9340,5/1/2016 4:50:00 PM,1650,281,1368,4313,San Jose,43,True,True,C,REAR END,,Sunday,NotApplicable,False,M,,False,True,True,Santa Clara Superior,C,OTHER MOTOR VEHICLE,,0,0,CLEAR,, NO UNUSUAL CONDITIONS,, ,A,DAYLIGHT,37.32889,-121.86957,,,,,A,NO PEDESTRIANS INVOLVED,5/1/2016 12:00:00 AM,A,22350,False,1.0,I-280 S/B,,,5/25/2016 10:44:46 AM,A,S,300.0,10th St,F,,D,5/25/2016 10:45:16 AM,5/25/2016 10:45:16 AM,,,2,,,,,,,