Collision Id,	Report Number,	Report Version,	Is Preliminary,	NCIC Code,Crash Date Time,	Crash Time Description,	Beat,City Id,	City Code,	City Name,County Code,	City Is Active,	City Is Incorporated,	Collision Type Code,Collision Type Description,	Collision Type Other Desc,	Day Of Week,	DispatchNotified,	HasPhotographs,	HitRun,	IsAttachmentsMailed,	IsDeleted,	IsHighwayRelated,	IsTowAway,	JudicialDistrict,	MotorVehicleInvolvedWithCode,	MotorVehicleInvolvedWithDesc,MotorVehicleInvolvedWithOtherDesc,	NumberInjured,	NumberKilled,Weather 1, Weather 2, Road Condition 1, Road Condition 2, Special Condition,LightingCode, LightingDescription,Latitude,Longitude,MilepostDirection,MilepostDistance,MilepostMarker,MilepostUnitOfMeasure,	PedestrianActionCode,PedestrianActionDesc,PreparedDate,	Primary Collision Factor Code,Primary Collision Factor Violation,PrimaryCollisionFactorIsCited,	PrimaryCollisionPartyNumber,	PrimaryRoad,	ReportingDistrict,	ReportingDistrictCode,ReviewedDate,	RoadwaySurfaceCode,SecondaryDirection,	SecondaryDistance,	SecondaryRoad,	SecondaryUnitOfMeasure,	SketchDesc,	TrafficControlDeviceCode,CreatedDate,	ModifiedDate,IsCountyRoad,IsFreeway,CHP555Version,	IsAdditonalObjectStruck,NotificationDate,	NotificationTimeDescription,	HasDigitalMediaFiles,	EvidenceNumber,	IsLocationReferToNarrative,	IsAOIOneSameAsLocation
197006,9340-2016-7717,1,False,9340,6/1/2016 8:15:00 AM,815,281,1368,4313,San Jose,43,True,True,C,REAR END,,Wednesday,NotApplicable,False,,,False,True,False,Santa Clara Superior,C,OTHER MOTOR VEHICLE,,1,0,CLEAR,, NO UNUSUAL CONDITIONS,, ,A,DAYLIGHT,37.31506,-121.90932,,,,,A,NO PEDESTRIANS INVOLVED,6/1/2016 12:00:00 AM,A,22350,False,1.0,I-280 N/B,,,6/8/2016 11:54:10 AM,A,,,SR-87,,,D,6/8/2016 11:54:44 AM,6/8/2016 11:54:44 AM,,,2,,,,,,,
196999,9340-2016-7718,1,False,9340,6/1/2016 8:50:00 AM,850,681,1368,4313,San Jose,43,True,True,C,REAR END,,Wednesday,NotApplicable,False,,,False,True,True,Santa Clara Superior,C,OTHER MOTOR VEHICLE,,0,0,CLEAR,, NO UNUSUAL CONDITIONS,, ,A,DAYLIGHT,37.34361,-121.84673,,,,,A,NO PEDESTRIANS INVOLVED,6/1/2016 12:00:00 AM,A,22350,False,1.0,I-680 S/B,,,6/8/2016 11:49:01 AM,A,N,1500.0,US-101,F,,D,6/8/2016 11:49:32 AM,6/8/2016 11:49:32 AM,,,2,,,,,,,
196930,9340-2016-7741,1,False,9340,6/1/2016 6:20:00 AM,620,120,1368,4313,San Jose,43,True,True,C,REAR END,,Wednesday,NotApplicable,False,,,False,True,True,Santa Clara Superior,C,OTHER MOTOR VEHICLE,,0,0,CLEAR,, NO UNUSUAL CONDITIONS,, ,A,DAYLIGHT,37.363774,-121.898876,,,,,A,NO PEDESTRIANS INVOLVED,6/1/2016 12:00:00 AM,A,22350,False,2.0,US-101 NORTHBOUND,,,6/8/2016 10:53:52 AM,A,S,750.0,INTERSTATE 880 O/C,F,,D,6/8/2016 10:54:27 AM,6/8/2016 10:54:27 AM,,,2,,,,,,,
196919,9340-2016-7721,1,False,9340,6/1/2016 10:05:00 AM,1005,087,1368,4313,San Jose,43,True,True,C,REAR END,,Wednesday,NotApplicable,False,,,False,True,False,Santa Clara Superior,C,OTHER MOTOR VEHICLE,,0,0,CLEAR,, NO UNUSUAL CONDITIONS,, ,A,DAYLIGHT,37.27172,-121.86151,,,,,A,NO PEDESTRIANS INVOLVED,6/1/2016 12:00:00 AM,A,22350,False,1.0,SR-87 N/B TO TAYLOR ST.,,,6/8/2016 10:50:33 AM,A,S,144.0,TAYLOR ST.,F,REFER TO PG. #3,D,6/8/2016 10:50:55 AM,6/8/2016 10:50:55 AM,,,2,,,,,,,
196913,9340-2016-7740,1,False,9340,6/1/2016 3:50:00 PM,1550,089,1368,4313,San Jose,43,True,True,C,REAR END,,Wednesday,NotApplicable,False,,,False,True,False,Santa Clara Superior,C,OTHER MOTOR VEHICLE,,4,0,CLEAR,, NO UNUSUAL CONDITIONS,, ,A,DAYLIGHT,37.381792,-121.904456,,,,,A,NO PEDESTRIANS INVOLVED,6/1/2016 12:00:00 AM,A,22350,False,1.0,I-880 S/B,,,6/8/2016 10:45:08 AM,A,S,75.0,Brokaw Rd,F,,D,6/8/2016 10:45:43 AM,6/8/2016 10:45:43 AM,,,2,,,,,,,
196903,9340-2016-7738,1,False,9340,6/1/2016 4:40:00 PM,1640,089,1368,4313,San Jose,43,True,True,C,REAR END,,Wednesday,NotApplicable,False,,,False,True,True,Santa Clara Superior,C,OTHER MOTOR VEHICLE,,1,0,CLEAR,, NO UNUSUAL CONDITIONS,, ,A,DAYLIGHT,37.369751,-121.901597,,,,,A,NO PEDESTRIANS INVOLVED,6/1/2016 12:00:00 AM,A,22350,False,1.0,I-880 S/B,,,6/8/2016 10:39:35 AM,A,N,340.0,Old Bayshore Hwy,F,,D,6/8/2016 10:40:18 AM,6/8/2016 10:40:18 AM,,,2,,,,,,,
196862,9340-2016-7752,1,False,9340,6/1/2016 10:35:00 AM,1035,282,1368,4313,San Jose,43,True,True,C,REAR END,,Wednesday,NotApplicable,False,,,False,True,False,Santa Clara Superior,C,OTHER MOTOR VEHICLE,,0,0,CLEAR,, NO UNUSUAL CONDITIONS,, ,A,DAYLIGHT,37.31701,-121.94719,N,500.0,280 SCL L5.584,F,A,NO PEDESTRIANS INVOLVED,6/1/2016 12:00:00 AM,A,22350,False,2.0,I-280 N/B,,,6/8/2016 10:04:02 AM,A,N,500.0,Monroe St. Pedestrian O/C,F,,D,6/8/2016 10:04:38 AM,6/8/2016 10:04:38 AM,,,2,,,,,,,
196849,9340-2016-7705,1,False,9340,5/31/2016 5:20:00 PM,1720,610,1368,4313,San Jose,43,True,True,C,REAR END,,Tuesday,NotApplicable,False,,,False,False,False,Santa Clara Superior,C,OTHER MOTOR VEHICLE,,0,0,CLEAR,, NO UNUSUAL CONDITIONS,, ,A,DAYLIGHT,37.3463,-121.996,,,,,A,NO PEDESTRIANS INVOLVED,5/31/2016 12:00:00 AM,A,22350 VC,False,1.0,LAWRENCE EXPRESSWAY S/B,,,6/8/2016 9:58:50 AM,A,N,400.0,Benton St,F,,D,6/8/2016 9:59:25 AM,6/8/2016 9:59:25 AM,,,2,,,,,,,
196846,9340-2016-7694,1,False,9340,5/31/2016 8:00:00 AM,800,110,1368,4313,San Jose,43,True,True,C,REAR END,,Tuesday,NotApplicable,False,M,,False,True,True,Santa Clara Superior,C,OTHER MOTOR VEHICLE,,0,0,CLEAR,, NO UNUSUAL CONDITIONS,, ,A,DAYLIGHT,37.154742,-121.47997,,,,,A,NO PEDESTRIANS INVOLVED,5/31/2016 12:00:00 AM,A,22350,False,1.0,US-101 N/B,,,6/8/2016 9:55:35 AM,A,N,100.0,Blossom Hill Rd,F,,D,6/8/2016 9:56:04 AM,6/8/2016 9:56:04 AM,,,2,,,,,,,
196772,9340-2016-7700,1,False,9340,5/31/2016 6:36:00 PM,1836,681,1368,4313,San Jose,43,True,True,B,SIDE SWIPE,,Tuesday,NotApplicable,False,,,False,True,False,Santa Clara Superior,C,OTHER MOTOR VEHICLE,,0,0,CLEAR,, NO UNUSUAL CONDITIONS,, ,A,DAYLIGHT,37.39531,-121.8742,,,,,A,NO PEDESTRIANS INVOLVED,5/31/2016 12:00:00 AM,A,21658(a),False,1.0,I-680 S/B,,,6/8/2016 9:21:06 AM,A,N,250.0,Hostetter Rd,F,,D,6/8/2016 9:21:36 AM,6/8/2016 9:21:36 AM,,,2,,,,,,,
196744,9340-2016-7739,1,False,9340,5/31/2016 1:45:00 PM,1345,089,1368,4313,San Jose,43,True,True,B,SIDE SWIPE,,Tuesday,NotApplicable,False,,,False,True,False,Santa Clara Superior,C,OTHER MOTOR VEHICLE,,0,0,CLEAR,, NO UNUSUAL CONDITIONS,, ,A,DAYLIGHT,37.36644,-121.90139,,,,,A,NO PEDESTRIANS INVOLVED,5/31/2016 12:00:00 AM,A,22350,False,2.0,I-880 S/B,,,6/8/2016 9:08:13 AM,A,N,0.1,US101,M,,D,6/8/2016 9:08:56 AM,6/8/2016 9:08:56 AM,,,2,,,,,,,
196727,9340-2016-6757,1,False,9340,4/12/2016 11:30:00 PM,2330,110,1368,4313,San Jose,43,True,True,B,SIDE SWIPE,,Tuesday,NotApplicable,False,M,,False,True,False,Santa Clara Superior,C,OTHER MOTOR VEHICLE,,0,0,CLEAR,, NO UNUSUAL CONDITIONS,, ,D,DARK-NO STREET LIGHTS,37.361221,-121.87809,,,,,A,NO PEDESTRIANS INVOLVED,4/12/2016 12:00:00 AM,A,21658(a) VC,False,1.0,US-101 SOUTHBOUND,,,6/8/2016 8:59:37 AM,A,N,50.0,Taylor St,F,,D,6/8/2016 9:00:06 AM,6/8/2016 9:00:06 AM,,,2,,,,,,,
196707,9340-2016-7817,1,False,9340,5/31/2016 11:10:00 PM,2310,083,1368,4313,San Jose,43,True,True,E,HIT OBJECT,,Tuesday,Yes,False,,,False,True,True,Santa Clara Superior,I,FIXED OBJECT,EMBANKMENT,2,0,CLEAR,, NO UNUSUAL CONDITIONS,, ,D,DARK-NO STREET LIGHTS,37.15043,-121.50334,,,,,A,NO PEDESTRIANS INVOLVED,5/31/2016 12:00:00 AM,A,23152(a),True,1.0,SR-85 S/B TO BLOSSOM HILL ROAD,,,6/8/2016 8:50:21 AM,A,N,190.0,BLOSSOM HILL ROAD,F,,D,6/8/2016 8:51:01 AM,6/8/2016 8:51:01 AM,,,2,,,,,,,
196688,9340-2016-7511,2,False,9340,5/19/2016 7:07:00 PM,1907,281,1368,4313,San Jose,43,True,True,D,BROADSIDE,,Thursday,Yes,False,F,,False,True,True,Santa Clara Superior,C,OTHER MOTOR VEHICLE,,2,0,CLEAR,, NO UNUSUAL CONDITIONS,, ,A,DAYLIGHT,37.327977,-121.873488,,,,,A,NO PEDESTRIANS INVOLVED,5/20/2016 12:00:00 AM,A,22107,False,1.0,I-280 S/B,,,12/5/2016 10:26:33 AM,A,S,2680.0,7th St,F,,D,6/8/2016 8:42:43 AM,12/5/2016 10:26:49 AM,,,2,,,,,,,
196681,9340-2016-7613,1,False,9340,5/24/2016 5:15:00 PM,1715,088,1368,4313,San Jose,43,True,True,C,REAR END,,Tuesday,Yes,False,,,False,True,True,Santa Clara Superior,C,OTHER MOTOR VEHICLE,,1,0,CLEAR,, NO UNUSUAL CONDITIONS,, ,A,DAYLIGHT,37.21532,-121.54544,,,,,A,NO PEDESTRIANS INVOLVED,5/24/2016 12:00:00 AM,A,22350,False,1.0,I-880 S/B,,,6/8/2016 8:37:55 AM,A,S,140.0,US101 S/B,F,,D,6/8/2016 8:38:34 AM,6/8/2016 8:38:34 AM,,,2,,,,,,,
196662,9340-2016-6486,1,False,9340,3/31/2016 2:30:00 PM,1430,089,1368,4313,San Jose,43,True,True,B,SIDE SWIPE,,Thursday,NotApplicable,False,M,,False,True,True,Santa Clara Superior,C,OTHER MOTOR VEHICLE,,0,0,CLEAR,, NO UNUSUAL CONDITIONS,, ,A,DAYLIGHT,37.202735,-121.554061,,,,,A,NO PEDESTRIANS INVOLVED,3/31/2016 12:00:00 AM,A,21658(a),False,1.0,I-880 N/B,,,6/8/2016 8:23:36 AM,A,S,1000.0,The Alameda,F,,D,6/8/2016 8:24:15 AM,6/8/2016 8:24:15 AM,,,2,,,,,,,
196624,9340-2016-7362,1,False,9340,5/13/2016 5:40:00 PM,1740,240,1368,4313,San Jose,43,True,True,C,REAR END,,Friday,NotApplicable,False,,,False,True,True,Santa Clara Superior,C,OTHER MOTOR VEHICLE,,0,0,CLEAR,, NO UNUSUAL CONDITIONS,, ,A,DAYLIGHT,37.421369,-121.935458,,,,,A,NO PEDESTRIANS INVOLVED,5/13/2016 12:00:00 AM,A,23152(a),True,1.0,SR-237 W/B,,,6/8/2016 7:58:25 AM,A,E,800.0,Zanker Rd,F,,D,6/8/2016 7:59:00 AM,6/8/2016 7:59:00 AM,,,2,,,,,,,
196590,9340-2016-7350,1,False,9340,4/30/2016 11:30:00 PM,2330,281,1368,4313,San Jose,43,True,True,B,SIDE SWIPE,,Saturday,NotApplicable,False,M,,False,True,False,Santa Clara Superior,C,OTHER MOTOR VEHICLE,,0,0,CLEAR,, NO UNUSUAL CONDITIONS,, Late-Reported,D,DARK-NO STREET LIGHTS,37.316721,-121.929591,,,,,A,NO PEDESTRIANS INVOLVED,4/30/2016 12:00:00 AM,A,21658(a),False,1.0,I-280 S/B,,,6/8/2016 7:33:02 AM,A,S,600.0,Bascom Ave,F,,D,6/8/2016 7:33:37 AM,6/8/2016 7:33:37 AM,,,2,,,,,,,
196561,9340-2016-7507,2,False,9340,5/20/2016 7:50:00 PM,1950,089,1368,4313,San Jose,43,True,True,C,REAR END,,Friday,Yes,False,,,False,True,True,Santa Clara Superior,C,OTHER MOTOR VEHICLE,,1,0,CLEAR,, NO UNUSUAL CONDITIONS,, ,B,DUSK-DAWN,37.38236,-121.90438,,,,,A,NO PEDESTRIANS INVOLVED,5/20/2016 12:00:00 AM,A,22350,False,1.0,I-880 N/B FROM BROKAW RD,,,12/19/2016 5:39:11 AM,A,N,100.0,Brokaw Rd,F,,D,6/8/2016 7:07:41 AM,12/19/2016 5:39:23 AM,,,2,,,,,,,
196042,9340-2016-7686,1,False,9340,5/31/2016 1:30:00 AM,130,110,1368,4313,San Jose,43,True,True,F,OVERTURNED,,Tuesday,NotApplicable,False,,,False,True,True,Santa Clara Superior,A,NON-COLLISION,,0,0,CLEAR,, NO UNUSUAL CONDITIONS,, ,D,DARK-NO STREET LIGHTS,37.18537,-121.49337,,,,,A,NO PEDESTRIANS INVOLVED,5/31/2016 12:00:00 AM,A,22107,False,1.0,US-101 S/B,,,6/7/2016 12:37:49 PM,A,N,750.0,CAPITOL EXPRESSWAY,F,,D,6/7/2016 12:38:18 PM,6/7/2016 12:38:18 PM,,,2,,,,,,,
195914,9340-2016-7693,1,False,9340,5/31/2016 6:00:00 AM,600,110,1368,4313,San Jose,43,True,True,C,REAR END,,Tuesday,NotApplicable,False,,,False,True,False,Santa Clara Superior,C,OTHER MOTOR VEHICLE,,0,0,CLEAR,, NO UNUSUAL CONDITIONS,, ,A,DAYLIGHT,37.201984,-121.508924,,,,,A,NO PEDESTRIANS INVOLVED,5/31/2016 12:00:00 AM,A,22350,False,1.0,US-101 N/B,,,6/7/2016 10:46:47 AM,A,S,1000.0,Story Rd,F,,D,6/7/2016 10:47:16 AM,6/7/2016 10:47:16 AM,,,2,,,,,,,
195894,9340-2016-7689,1,False,9340,5/31/2016 8:24:00 AM,824,087,1368,4313,San Jose,43,True,True,B,SIDE SWIPE,,Tuesday,NotApplicable,False,,,False,True,False,Santa Clara Superior,C,OTHER MOTOR VEHICLE,,0,0,CLEAR,, NO UNUSUAL CONDITIONS,, ,A,DAYLIGHT,37.3469,-121.8804,,,,,A,NO PEDESTRIANS INVOLVED,5/31/2016 12:00:00 AM,A,21658(a)VC,False,1.0,SR-87 S/B from Julian Street,,,6/7/2016 10:37:06 AM,A,S,1000.0,Julian Street,F,,D,6/7/2016 10:37:35 AM,6/7/2016 10:37:35 AM,,,2,,,,,,,
195845,9340-2016-7692,1,False,9340,5/31/2016 8:40:00 AM,840,110,1368,4313,San Jose,43,True,True,C,REAR END,,Tuesday,NotApplicable,False,,,False,True,False,Santa Clara Superior,C,OTHER MOTOR VEHICLE,,0,0,CLEAR,, NO UNUSUAL CONDITIONS,, ,A,DAYLIGHT,37.32237,-121.8349,,,,,A,NO PEDESTRIANS INVOLVED,5/31/2016 12:00:00 AM,A,22350,False,1.0,US101 N/B,,,6/7/2016 10:14:01 AM,A,N,0.3,Tully Rd,M,,D,6/7/2016 10:14:30 AM,6/7/2016 10:14:30 AM,,,2,,,,,,,
195826,9340-2016-7715,1,False,9340,5/31/2016 3:34:00 PM,1534,083,1368,4313,San Jose,43,True,True,C,REAR END,,Tuesday,NotApplicable,False,,,False,True,False,Santa Clara Superior,C,OTHER MOTOR VEHICLE,,0,0,CLEAR,, NO UNUSUAL CONDITIONS,, ,A,DAYLIGHT,37.25046,-121.92724,,,,,A,NO PEDESTRIANS INVOLVED,5/31/2016 12:00:00 AM,A,22350,False,1.0,SR-85 S/B (FROM UNION AVE),,,6/7/2016 10:04:58 AM,A,S,480.0,Union Ave,F,,D,6/7/2016 10:05:26 AM,6/7/2016 10:05:26 AM,,,2,,,,,,,
195715,9340-2016-7707,1,False,9340,5/31/2016 2:00:00 AM,200,110,1368,4313,San Jose,43,True,True,E,HIT OBJECT,,Tuesday,NotApplicable,False,,,False,True,True,Santa Clara Superior,I,FIXED OBJECT,TREE,0,0,CLEAR,, NO UNUSUAL CONDITIONS,, ,C,DARK-STREET LIGHTS,37.2043,-121.5126,,,,,A,NO PEDESTRIANS INVOLVED,5/31/2016 12:00:00 AM,A,22107,False,1.0,US101 N/B,,,6/7/2016 8:51:14 AM,A,S,600.0,SAN ANTONIO STREET O/C,F,,D,6/7/2016 8:51:42 AM,6/7/2016 8:51:42 AM,,,2,,,,,,,
195692,9340-2016-7678,1,False,9340,5/29/2016 10:39:00 PM,2239,110,1368,4313,San Jose,43,True,True,C,REAR END,,Sunday,NotApplicable,False,,,False,True,False,Santa Clara Superior,C,OTHER MOTOR VEHICLE,,0,0,CLEAR,, NO UNUSUAL CONDITIONS,, ,C,DARK-STREET LIGHTS,37.205,-121.5045,,,,,A,NO PEDESTRIANS INVOLVED,5/29/2016 12:00:00 AM,A,21658(a),False,1.0,US-101 N/B TRANS TO I-680,,,6/7/2016 8:36:26 AM,A,S,400.0,STORY ROAD,F,,D,6/7/2016 8:36:59 AM,6/7/2016 8:36:59 AM,,,2,,,,,,,
195683,9340-2016-7630,1,False,9340,5/26/2016 5:00:00 AM,500,281,1368,4313,San Jose,43,True,True,B,SIDE SWIPE,,Thursday,Yes,False,,,False,True,True,Santa Clara Superior,C,OTHER MOTOR VEHICLE,,0,0,CLEAR,, NO UNUSUAL CONDITIONS,, ,D,DARK-NO STREET LIGHTS,37.32587,-121.883363,,,,,A,NO PEDESTRIANS INVOLVED,5/26/2016 12:00:00 AM,A,21658(a),False,1.0,I-280 S/B,,,6/7/2016 8:31:14 AM,A,N,90.0,FIRST ST.,F,,D,6/7/2016 8:31:37 AM,6/7/2016 8:31:37 AM,,,2,,,,,,,
195617,9340-2016-7583,1,False,9340,5/25/2016 12:45:00 AM,45,681,1368,4313,San Jose,43,True,True,D,BROADSIDE,,Wednesday,Yes,False,,,False,True,True,Santa Clara Superior,C,OTHER MOTOR VEHICLE,,2,0,CLEAR,, NO UNUSUAL CONDITIONS,, ,D,DARK-NO STREET LIGHTS,37.2441,-121.5247,,,,,A,NO PEDESTRIANS INVOLVED,5/25/2016 12:00:00 AM,A,23152(a),True,1.0,I-680 S/B,,,6/7/2016 7:41:11 AM,A,S,915.0,MONTAGUE EXPRESSWAY,F,,D,6/7/2016 7:41:52 AM,6/7/2016 7:41:52 AM,,,2,,,,,,,
195516,9725-2016-7561,1,False,9725,5/28/2016 1:15:00 PM,1315,013,1368,4313,San Jose,43,True,True,C,REAR END,,Saturday,NotApplicable,False,,,False,True,True,Santa Clara Superior,C,OTHER MOTOR VEHICLE,,0,0,CLEAR,, NO UNUSUAL CONDITIONS,, ,A,DAYLIGHT,37.21382,-121.72742,,,,,A,NO PEDESTRIANS INVOLVED,5/28/2016 12:00:00 AM,A,22350,False,1.0,US-101 S/B,,,6/7/2016 5:35:12 AM,A,N,1250.0,Bailey Avenue,F,,D,6/7/2016 5:35:57 AM,6/7/2016 5:35:57 AM,,,2,,,,,,,
195310,9340-2016-7671,1,False,9340,5/29/2016 1:13:00 AM,113,120,1368,4313,San Jose,43,True,True,C,REAR END,,Sunday,Yes,False,,,False,True,True,Santa Clara Superior,E,PARKED MOTOR VEHICLE,,0,0,CLEAR,, NO UNUSUAL CONDITIONS,, ,C,DARK-STREET LIGHTS,37.379947,-121.957916,,,,,A,NO PEDESTRIANS INVOLVED,5/29/2016 12:00:00 AM,A,22350,False,1.0,US101 N/B,,,6/6/2016 3:06:50 PM,A,S,1900.0,MONTAGUE EXPRESSWAY,F,,D,6/6/2016 3:07:30 PM,6/6/2016 3:07:30 PM,,,2,,,,,,,
195205,9340-2016-7674,1,False,9340,5/29/2016 9:05:00 PM,2105,087,1368,4313,San Jose,43,True,True,H,OTHER,Ground,Sunday,Yes,False,,,False,True,True,Santa Clara Superior,A,NON-COLLISION,,2,0,CLEAR,, NO UNUSUAL CONDITIONS,, ,E,DARK-STREET LIGHTS NOT FUNCTIONING*,37.2144,-121.5501,,,,,A,NO PEDESTRIANS INVOLVED,5/29/2016 12:00:00 AM,A,22350,False,1.0,SR-87 S/B,,,6/6/2016 1:45:55 PM,A,S,1560.0,Skyport Dr,F,,D,6/6/2016 1:46:35 PM,6/6/2016 1:46:35 PM,,,2,,,,,,,
195190,9725-2016-7604,1,False,9725,6/6/2016 12:00:00 AM,0,015,1368,4313,San Jose,43,True,True,E,HIT OBJECT,,Monday,NotApplicable,False,,,False,True,True,San Jose Superior,J,OTHER OBJECT,DARK METAL OBJECT,0,0,CLEAR,, NO UNUSUAL CONDITIONS,, ,D,DARK-NO STREET LIGHTS,37.240519,-121.76704,,,,,A,NO PEDESTRIANS INVOLVED,6/6/2016 12:00:00 AM,C,,,,US-101 S/B ,,,6/6/2016 1:33:01 PM,A,S,0.15,SR-85,M,,D,6/6/2016 1:34:31 PM,6/6/2016 1:34:31 PM,,,2,,,,,,,
195173,9340-2016-7670,1,False,9340,5/29/2016 1:10:00 AM,110,120,1368,4313,San Jose,43,True,True,E,HIT OBJECT,,Sunday,Yes,False,,,False,True,True,Santa Clara Superior,I,FIXED OBJECT,CONCRETE WALL,0,0,CLEAR,, NO UNUSUAL CONDITIONS,, ,C,DARK-STREET LIGHTS,37.381937,-121.963794,,,,,A,NO PEDESTRIANS INVOLVED,5/29/2016 12:00:00 AM,A,23152(a),True,1.0,US101 N/B,,,6/6/2016 1:19:20 PM,A,S,1000.0,Montague Expy,F,,D,6/6/2016 1:20:01 PM,6/6/2016 1:20:01 PM,,,2,,,,,,,
195150,9340-2016-7666,1,False,9340,5/29/2016 7:30:00 PM,1930,681,1368,4313,San Jose,43,True,True,E,HIT OBJECT,,Sunday,NotApplicable,False,,,False,True,False,Santa Clara Superior,I,FIXED OBJECT,TREE,1,0,CLEAR,, NO UNUSUAL CONDITIONS,, ,A,DAYLIGHT,37.3601,-121.8422,,,,,A,NO PEDESTRIANS INVOLVED,5/29/2016 12:00:00 AM,A,22107,True,1.0,I-680 S/B,,,6/6/2016 12:51:01 PM,A,N,500.0,Alum Rock Ave,F,,A,6/6/2016 12:51:43 PM,6/6/2016 12:51:43 PM,,,2,,,,,,,
195149,9340-2016-7645,1,False,9340,5/28/2016 10:40:00 AM,1040,089,1368,4313,San Jose,43,True,True,C,REAR END,,Saturday,NotApplicable,False,,,False,True,True,Santa Clara Superior,C,OTHER MOTOR VEHICLE,,0,0,CLEAR,, NO UNUSUAL CONDITIONS,, ,A,DAYLIGHT,37.371849,-131.902116,,,,,A,NO PEDESTRIANS INVOLVED,5/28/2016 12:00:00 AM,A,22350,False,1.0,I-880 S/B,,,6/6/2016 12:48:28 PM,A,N,1200.0,Old Bayshore Hwy,F,,D,6/6/2016 12:49:02 PM,6/6/2016 12:49:02 PM,,,2,,,,,,,
195136,9340-2016-7643,1,False,9340,5/28/2016 11:10:00 AM,1110,089,1368,4313,San Jose,43,True,True,C,REAR END,,Saturday,NotApplicable,False,,,False,True,False,Santa Clara Superior,C,OTHER MOTOR VEHICLE,,0,0,CLEAR,, NO UNUSUAL CONDITIONS,, ,A,DAYLIGHT,37.377159,-121.90329,,,,,A,NO PEDESTRIANS INVOLVED,5/28/2016 12:00:00 AM,A,22350,False,1.0,I-880 S/B,,,6/6/2016 12:25:53 PM,A,S,0.25,Brokaw Rd,M,,D,6/6/2016 12:26:23 PM,6/6/2016 12:26:23 PM,,,2,,,,,,,
195126,9340-2016-7652,1,False,9340,5/28/2016 2:40:00 AM,240,281,1368,4313,San Jose,43,True,True,E,HIT OBJECT,,Saturday,Yes,False,,,False,True,True,Santa Clara Superior,J,OTHER OBJECT,BUMPER,0,0,CLEAR,, NO UNUSUAL CONDITIONS,, ,D,DARK-NO STREET LIGHTS,37.683732,-121.175489,,,,,A,NO PEDESTRIANS INVOLVED,5/28/2016 12:00:00 AM,A,23152(a),True,1.0,I-280 S/B TO SR-87 S/B,,,6/6/2016 12:10:38 PM,A,S,800.0,I-280,F,,D,6/6/2016 12:11:21 PM,6/6/2016 12:11:21 PM,,,2,,,,,,,
195004,9340-2016-7656,1,False,9340,5/28/2016 1:10:00 AM,110,088,1368,4313,San Jose,43,True,True,E,HIT OBJECT,,Saturday,Yes,False,,,False,True,True,Santa Clara Superior,I,FIXED OBJECT,Concrete wall,0,0,CLEAR,, NO UNUSUAL CONDITIONS,, ,C,DARK-STREET LIGHTS,37.22441,-121.44874,,,,,A,NO PEDESTRIANS INVOLVED,5/28/2016 12:00:00 AM,A,23152(a),True,1.0,i880 N/B to Bascom Avenue,,,6/6/2016 10:37:55 AM,A,N,50.0,Bascom Ave,F,,D,6/6/2016 10:38:31 AM,6/6/2016 10:38:31 AM,,,2,,,,,,,
194961,9340-2016-7637,1,False,9340,5/27/2016 9:01:00 AM,901,087,1368,4313,San Jose,43,True,True,C,REAR END,,Friday,NotApplicable,False,,,False,True,False,Santa Clara Superior,C,OTHER MOTOR VEHICLE,,1,0,CLEAR,, NO UNUSUAL CONDITIONS,, ,A,DAYLIGHT,37.29169,-121.871641,,,,,A,NO PEDESTRIANS INVOLVED,5/27/2016 12:00:00 AM,A,22350,False,1.0,SR-87 N/B,,,6/6/2016 10:14:57 AM,A,S,1200.0,Curtner Ave,F,,D,6/6/2016 10:15:29 AM,6/6/2016 10:15:29 AM,,,2,,,,,,,
194932,9340-2016-7621,1,False,9340,5/26/2016 5:30:00 PM,1730,681,1368,4313,San Jose,43,True,True,C,REAR END,,Thursday,NotApplicable,False,,,False,True,False,Santa Clara Superior,C,OTHER MOTOR VEHICLE,,0,0,CLEAR,, NO UNUSUAL CONDITIONS,, ,A,DAYLIGHT,37.361384,-121.841833,,,,,A,NO PEDESTRIANS INVOLVED,5/26/2016 12:00:00 AM,A,22350,False,1.0,I-680 N/B PROPER,,,6/6/2016 9:55:42 AM,A,N,600.0,Alum Rock Ave,F,,D,6/6/2016 9:56:15 AM,6/6/2016 9:56:15 AM,,,2,,,,,,,
194927,9340-2016-7622,1,False,9340,5/26/2016 2:00:00 PM,1400,087,1368,4313,San Jose,43,True,True,C,REAR END,,Thursday,NotApplicable,False,M,,False,True,True,Santa Clara Superior,C,OTHER MOTOR VEHICLE,,0,0,CLEAR,, NO UNUSUAL CONDITIONS,, ,A,DAYLIGHT,37.321668,-121.89015,,,,,A,NO PEDESTRIANS INVOLVED,5/26/2016 12:00:00 AM,A,22350,False,1.0,SR-87 N/B (TO I-280 S/B),,,6/6/2016 9:52:32 AM,A,S,850.0,I-280 S/B,F,,D,6/6/2016 9:53:10 AM,6/6/2016 9:53:10 AM,,,2,,,,,,,