Collision Id,	Report Number,	Report Version,	Is Preliminary,	NCIC Code,Crash Date Time,	Crash Time Description,	Beat,City Id,	City Code,	City Name,County Code,	City Is Active,	City Is Incorporated,	Collision Type Code,Collision Type Description,	Collision Type Other Desc,	Day Of Week,	DispatchNotified,	HasPhotographs,	HitRun,	IsAttachmentsMailed,	IsDeleted,	IsHighwayRelated,	IsTowAway,	JudicialDistrict,	MotorVehicleInvolvedWithCode,	MotorVehicleInvolvedWithDesc,MotorVehicleInvolvedWithOtherDesc,	NumberInjured,	NumberKilled,Weather 1, Weather 2, Road Condition 1, Road Condition 2, Special Condition,LightingCode, LightingDescription,Latitude,Longitude,MilepostDirection,MilepostDistance,MilepostMarker,MilepostUnitOfMeasure,	PedestrianActionCode,PedestrianActionDesc,PreparedDate,	Primary Collision Factor Code,Primary Collision Factor Violation,PrimaryCollisionFactorIsCited,	PrimaryCollisionPartyNumber,	PrimaryRoad,	ReportingDistrict,	ReportingDistrictCode,ReviewedDate,	RoadwaySurfaceCode,SecondaryDirection,	SecondaryDistance,	SecondaryRoad,	SecondaryUnitOfMeasure,	SketchDesc,	TrafficControlDeviceCode,CreatedDate,	ModifiedDate,IsCountyRoad,IsFreeway,CHP555Version,	IsAdditonalObjectStruck,NotificationDate,	NotificationTimeDescription,	HasDigitalMediaFiles,	EvidenceNumber,	IsLocationReferToNarrative,	IsAOIOneSameAsLocation
238680,9340-2016-9014,1,False,9340,8/3/2016 1:11:00 AM,111,281,1368,4313,San Jose,43,True,True,F,OVERTURNED,,Wednesday,Yes,True,,,False,True,True,Santa Clara Superior,J,OTHER OBJECT,GROUND,1,0,CLEAR,, NO UNUSUAL CONDITIONS,, ,C,DARK-STREET LIGHTS,37.328193,-121.880281,,,,,A,NO PEDESTRIANS INVOLVED,8/3/2016 12:00:00 AM,A,22350,True,1.0,I-280 N/B FROM 4TH ST.,,,8/5/2016 2:45:30 PM,A,S,400.0,3RD ST.,F,,D,8/5/2016 2:46:10 PM,8/5/2016 2:46:10 PM,,,2,,,,,,,
238677,9340-2016-9003,1,False,9340,8/3/2016 3:50:00 PM,1550,281,1368,4313,San Jose,43,True,True,C,REAR END,,Wednesday,Yes,False,M,,False,True,False,Santa Clara Superior,C,OTHER MOTOR VEHICLE,,0,0,CLEAR,, NO UNUSUAL CONDITIONS,, ,A,DAYLIGHT,37.9999,-121.99999,,,,,A,NO PEDESTRIANS INVOLVED,8/3/2016 12:00:00 AM,A,22350,False,1.0,I-280 S/B,,,8/5/2016 2:41:35 PM,A,N,100.0,Bascom Ave,F,,D,8/5/2016 2:42:04 PM,8/5/2016 2:42:04 PM,,,2,,,,,,,
238665,9340-2016-8989,1,False,9340,8/3/2016 9:55:00 AM,955,087,1368,4313,San Jose,43,True,True,C,REAR END,,Wednesday,NotApplicable,False,,,False,True,True,Santa Clara Superior,C,OTHER MOTOR VEHICLE,,0,0,CLEAR,, NO UNUSUAL CONDITIONS,, ,A,DAYLIGHT,37.292462,-121.872038,,,,,A,NO PEDESTRIANS INVOLVED,8/3/2016 12:00:00 AM,A,22350,False,1.0,SR-87 N/B,,,8/5/2016 2:32:54 PM,A,S,500.0,Curtner Ave,F,,D,8/5/2016 2:33:29 PM,8/5/2016 2:33:29 PM,,,2,,,,,,,
238646,9340-2016-8988,1,False,9340,8/3/2016 9:50:00 AM,950,087,1368,4313,San Jose,43,True,True,C,REAR END,,Wednesday,NotApplicable,False,,,False,True,False,Santa Clara Superior,C,OTHER MOTOR VEHICLE,,0,0,CLEAR,, NO UNUSUAL CONDITIONS,, ,A,DAYLIGHT,37.288694,-121.870331,,,,,A,NO PEDESTRIANS INVOLVED,8/3/2016 12:00:00 AM,A,22350,False,1.0,SR-87 N/B,,,8/5/2016 2:19:19 PM,A,S,1500.0,Curtner Ave,F,,D,8/5/2016 2:19:50 PM,8/5/2016 2:19:50 PM,,,2,,,,,,,
238621,9340-2016-9001,1,False,9340,8/3/2016 3:00:00 PM,1500,281,1368,4313,San Jose,43,True,True,E,HIT OBJECT,,Wednesday,NotApplicable,False,,,False,True,True,Santa Clara Superior,I,FIXED OBJECT,METAL ATTENUATOR,1,0,CLEAR,, NO UNUSUAL CONDITIONS,, ,A,DAYLIGHT,37.9999,-121.9999,,,,,A,NO PEDESTRIANS INVOLVED,8/3/2016 12:00:00 AM,A,22107,False,1.0,I-280 N/B,,,8/5/2016 1:57:25 PM,A,N,1000.0,MACARTHUR AVENUE,F,,D,8/5/2016 1:58:07 PM,8/5/2016 1:58:07 PM,,,2,,,,,,,
238608,9340-2016-8986,1,False,9340,8/3/2016 7:25:00 AM,725,281,1368,4313,San Jose,43,True,True,B,SIDE SWIPE,,Wednesday,NotApplicable,False,,,False,True,False,Santa Clara Superior,C,OTHER MOTOR VEHICLE,,0,0,CLEAR,, NO UNUSUAL CONDITIONS,, ,A,DAYLIGHT,37.323028,-121.896821,,,,,A,NO PEDESTRIANS INVOLVED,8/3/2016 12:00:00 AM,A,22107,False,1.0,I-280 N/B,,,8/5/2016 1:46:16 PM,A,S,300.0,Bird Ave,F,,D,8/5/2016 1:46:58 PM,8/5/2016 1:46:58 PM,,,2,,,,,,,
238596,9340-2016-8987,1,False,9340,8/3/2016 9:00:00 AM,900,083,1368,4313,San Jose,43,True,True,E,HIT OBJECT,,Wednesday,NotApplicable,False,M,,False,True,False,Santa Clara Superior,I,FIXED OBJECT,APPLIANCE,0,0,CLEAR,, NO UNUSUAL CONDITIONS,, ,A,DAYLIGHT,37.4336,-121.8229,,,,,A,NO PEDESTRIANS INVOLVED,8/3/2016 12:00:00 AM,A,23114(a),False,2.0,SR-85 S/B,,,8/5/2016 1:32:13 PM,A,S,100.0,Camden Ave,F,,D,8/5/2016 1:32:43 PM,8/5/2016 1:32:43 PM,,,2,,,,,,,
238570,9340-2016-8948,1,False,9340,8/1/2016 5:15:00 PM,1715,281,1368,4313,San Jose,43,True,True,C,REAR END,,Monday,NotApplicable,False,,,False,True,True,Santa Clara Superior,C,OTHER MOTOR VEHICLE,,0,0,CLEAR,, NO UNUSUAL CONDITIONS,, ,A,DAYLIGHT,37.9999,-121.9999,,,,,A,NO PEDESTRIANS INVOLVED,8/1/2016 12:00:00 AM,A,22350,False,1.0,I-280 S/B,,,8/5/2016 1:06:51 PM,A,N,800.0,Bird Ave,F,,D,8/5/2016 1:07:25 PM,8/5/2016 1:07:25 PM,,,2,,,,,,,
238567,9340-2016-8962,1,False,9340,8/2/2016 1:07:00 PM,1307,120,1368,4313,San Jose,43,True,True,C,REAR END,,Tuesday,Yes,False,,,False,True,True,Santa Clara Superior,C,OTHER MOTOR VEHICLE,,1,0,CLEAR,, NO UNUSUAL CONDITIONS,, ,A,DAYLIGHT,37.3757,-121.9373,,,,,A,NO PEDESTRIANS INVOLVED,8/2/2016 12:00:00 AM,A,22350,False,1.0,US101 S/B,,,8/5/2016 1:03:53 PM,A,N,2500.0,SR-87,F,,D,8/5/2016 1:04:53 PM,8/5/2016 1:04:53 PM,,,2,,,,,,,
238539,9340-2016-8951,1,False,9340,8/2/2016 12:10:00 AM,10,110,1368,4313,San Jose,43,True,True,B,SIDE SWIPE,,Tuesday,NotApplicable,False,M,,False,True,False,Santa Clara Superior,C,OTHER MOTOR VEHICLE,,0,0,CLEAR,, NO UNUSUAL CONDITIONS,, ,D,DARK-NO STREET LIGHTS,37.33906,-121.85158,,,,,A,NO PEDESTRIANS INVOLVED,8/2/2016 12:00:00 AM,A,21658(a),False,1.0,US101 S/B,,,8/5/2016 12:36:32 PM,A,N,400.0,Story Rd,F,,D,8/5/2016 12:37:00 PM,8/5/2016 12:37:00 PM,,,2,,,,,,,
238533,9340-2016-8973,1,False,9340,8/2/2016 5:00:00 PM,1700,110,1368,4313,San Jose,43,True,True,C,REAR END,,Tuesday,NotApplicable,False,,,False,True,False,Santa Clara Superior,C,OTHER MOTOR VEHICLE,,0,0,CLEAR,, NO UNUSUAL CONDITIONS,, ,A,DAYLIGHT,37.212767,-121.521248,,,,,A,NO PEDESTRIANS INVOLVED,8/2/2016 12:00:00 AM,A,22350,False,1.0,US-101 S/B,,,8/5/2016 12:17:44 PM,A,N,1660.0,MCKEE ROAD,F,,D,8/5/2016 12:18:23 PM,8/5/2016 12:18:23 PM,,,2,,,,,,,
238514,9340-2016-8953,1,False,9340,8/2/2016 8:25:00 AM,825,681,1368,4313,San Jose,43,True,True,B,SIDE SWIPE,,Tuesday,NotApplicable,False,,,False,True,True,Santa Clara Superior,C,OTHER MOTOR VEHICLE,,0,0,CLEAR,, NO UNUSUAL CONDITIONS,, ,A,DAYLIGHT,37.40058,-121.87587,,,,,A,NO PEDESTRIANS INVOLVED,8/2/2016 12:00:00 AM,A,21658(a),False,1.0,I-680 N/B,,,8/5/2016 11:51:36 AM,A,N,55.0,Capitol Ave,F,REFER TO PG. #3,D,8/5/2016 11:52:41 AM,8/5/2016 11:52:41 AM,,,2,,,,,,,
238503,9340-2016-8960,1,False,9340,8/2/2016 7:09:00 AM,709,110,1368,4313,San Jose,43,True,True,C,REAR END,,Tuesday,NotApplicable,False,M,,False,True,True,Santa Clara Superior,C,OTHER MOTOR VEHICLE,,1,0,CLEAR,, NO UNUSUAL CONDITIONS,, ,A,DAYLIGHT,37.356,-121.8679,,,,,A,NO PEDESTRIANS INVOLVED,8/2/2016 12:00:00 AM,A,22350,False,1.0,US101 N/B,,,8/5/2016 11:35:43 AM,A,N,800.0,Alum Rock Ave,F,,D,8/5/2016 11:36:17 AM,8/5/2016 11:36:17 AM,,,2,,,,,,,
238422,9340-2016-8970,1,False,9340,8/2/2016 7:35:00 PM,1935,281,1368,4313,San Jose,43,True,True,C,REAR END,,Tuesday,NotApplicable,False,,,False,True,True,Santa Clara Superior,C,OTHER MOTOR VEHICLE,,0,0,CLEAR,, NO UNUSUAL CONDITIONS,, ,A,DAYLIGHT,37.318861,-121.901813,,,,,A,NO PEDESTRIANS INVOLVED,8/2/2016 12:00:00 AM,A,22350,False,2.0,INTERSTATE 280 SOUTHBOUND,,,8/5/2016 10:18:40 AM,A,N,0.2,BIRD AVENUE O/C,M,,D,8/5/2016 10:19:10 AM,8/5/2016 10:19:10 AM,,,2,,,,,,,
238395,9340-2016-8964,1,False,9340,8/2/2016 3:10:00 PM,1510,120,1368,4313,San Jose,43,True,True,B,SIDE SWIPE,,Tuesday,NotApplicable,False,,,False,True,True,Santa Clara Superior,C,OTHER MOTOR VEHICLE,,0,0,CLEAR,, NO UNUSUAL CONDITIONS,, ,A,DAYLIGHT,37.363432,-121.898673,,,,,A,NO PEDESTRIANS INVOLVED,8/2/2016 12:00:00 AM,A,22107,False,3.0,US-101 SOUTHBOUND,,,8/5/2016 9:56:02 AM,A,S,880.0,INTERSTATE 880 O/C,F,,D,8/5/2016 9:56:31 AM,8/5/2016 9:56:31 AM,,,2,,,,,,,
238374,9340-2016-8969,1,False,9340,8/2/2016 5:40:00 PM,1740,681,1368,4313,San Jose,43,True,True,C,REAR END,,Tuesday,NotApplicable,False,M,,False,True,False,Santa Clara Superior,C,OTHER MOTOR VEHICLE,,0,0,CLEAR,, NO UNUSUAL CONDITIONS,, ,A,DAYLIGHT,37.37947,-121.85786,,,,,A,NO PEDESTRIANS INVOLVED,8/2/2016 12:00:00 AM,A,22350,False,1.0,I-680 S/B,,,8/5/2016 9:42:22 AM,A,S,2500.0,BERRYESSA ROAD,F,,D,8/5/2016 9:42:52 AM,8/5/2016 9:42:52 AM,,,2,,,,,,,
238339,9340-2016-8775,1,False,9340,7/24/2016 11:00:00 AM,1100,520,1368,4313,San Jose,43,True,True,D,BROADSIDE,,Sunday,NotApplicable,False,,,False,False,True,Santa Clara Superior,C,OTHER MOTOR VEHICLE,,5,0,CLEAR,, NO UNUSUAL CONDITIONS,, ,A,DAYLIGHT,37.308826,-121.963567,,,,,A,NO PEDESTRIANS INVOLVED,7/24/2016 12:00:00 AM,A,21453(a),False,1.0,San Tomas Expy,,,8/5/2016 9:16:08 AM,A,,,Williams Ave,,,D,8/5/2016 9:16:56 AM,8/5/2016 9:16:56 AM,,,2,,,,,,,
238334,9340-2016-8949,1,False,9340,8/1/2016 3:50:00 PM,1550,282,1368,4313,San Jose,43,True,True,B,SIDE SWIPE,,Monday,NotApplicable,False,,,False,True,False,Santa Clara Superior,C,OTHER MOTOR VEHICLE,,0,0,CLEAR,, NO UNUSUAL CONDITIONS,, ,A,DAYLIGHT,37.31618,-121.97315,,,,,A,NO PEDESTRIANS INVOLVED,8/1/2016 12:00:00 AM,A,22107,False,1.0,I-280 S/B FROM SARATOGA AVE,,,8/5/2016 9:13:46 AM,A,S,250.0,Saratoga Ave,F,,D,8/5/2016 9:14:23 AM,8/5/2016 9:14:23 AM,,,2,,,,,,,
238327,9340-2016-8937,1,False,9340,8/1/2016 12:03:00 PM,1203,083,1368,4313,San Jose,43,True,True,E,HIT OBJECT,,Monday,Yes,False,,,False,True,True,Santa Clara Superior,I,FIXED OBJECT,Metal Drain Grate,1,0,CLEAR,, NO UNUSUAL CONDITIONS,, ,A,DAYLIGHT,37.252029,-121.839301,,,,,A,NO PEDESTRIANS INVOLVED,8/1/2016 12:00:00 AM,C,,,,State Route 85 (northbound),,,8/5/2016 9:09:27 AM,A,N,790.0,Blossom Hill Road,F,,D,8/5/2016 9:10:24 AM,8/5/2016 9:10:24 AM,,,2,,,,,,,
238307,9340-2016-8934,1,False,9340,7/31/2016 7:57:00 PM,1957,281,1368,4313,San Jose,43,True,True,B,SIDE SWIPE,,Sunday,Yes,False,,,False,True,True,Santa Clara Superior,C,OTHER MOTOR VEHICLE,,0,0,CLEAR,, NO UNUSUAL CONDITIONS,, ,B,DUSK-DAWN,37.32233,-121.89202,,,,,A,NO PEDESTRIANS INVOLVED,7/31/2016 12:00:00 AM,A,23152(a),True,1.0,I-280 N/B to SR-87 S/B,,,8/5/2016 8:59:31 AM,A,S,430.0,I-280,F,,D,8/5/2016 9:00:15 AM,8/5/2016 9:00:15 AM,,,2,,,,,,,
238272,9340-2016-8918,1,False,9340,7/30/2016 9:00:00 AM,900,089,1368,4313,San Jose,43,True,True,C,REAR END,,Saturday,NotApplicable,False,,,False,True,True,Santa Clara Superior,C,OTHER MOTOR VEHICLE,,1,0,CLEAR,, NO UNUSUAL CONDITIONS,, ,A,DAYLIGHT,37.36472,-121.90177,,,,,A,NO PEDESTRIANS INVOLVED,7/30/2016 12:00:00 AM,A,22350,False,1.0,I-880 S/B FROM US-101 N/B,,,8/5/2016 8:34:39 AM,A,N,50.0,US101 N/B,F,,D,8/5/2016 8:35:14 AM,8/5/2016 8:35:14 AM,,,2,,,,,,,
238205,9340-2016-8858,1,False,9340,7/27/2016 11:36:00 PM,2336,281,1368,4313,San Jose,43,True,True,E,HIT OBJECT,,Wednesday,Yes,False,,,False,True,True,Santa Clara Superior,I,FIXED OBJECT,DIRT SHOULDER,1,0,CLEAR,, NO UNUSUAL CONDITIONS,, ,D,DARK-NO STREET LIGHTS,37.31673,-121.93928,,,,,A,NO PEDESTRIANS INVOLVED,7/27/2016 12:00:00 AM,A,23152(a),True,1.0,I-280 SB FROM SR-17 NB,,,8/5/2016 7:31:07 AM,A,E,300.0,SR-17 N/B,F,,D,8/5/2016 7:31:46 AM,8/5/2016 7:31:46 AM,,,2,,,,,,,
238202,9340-2016-8792,1,False,9340,7/25/2016 2:28:00 AM,228,088,1368,4313,San Jose,43,True,True,A,HEAD-ON,,Monday,Yes,False,,,False,True,True,Santa Clara Superior,I,FIXED OBJECT,CEMENT BARRIER,1,0,CLEAR,, NO UNUSUAL CONDITIONS,, ,C,DARK-STREET LIGHTS,37.36356,-121.90199,,,,,A,NO PEDESTRIANS INVOLVED,7/25/2016 12:00:00 AM,A,23152(a) VC,True,1.0,I-880 S/B,,,8/5/2016 7:21:05 AM,A,S,100.0,US-101,F,,D,8/5/2016 7:29:01 AM,8/5/2016 7:29:01 AM,,,2,,,,,,,
237954,9340-2016-8339,1,False,9340,6/26/2016 1:40:00 AM,140,904,1368,4313,San Jose,43,True,True,B,SIDE SWIPE,,Sunday,NotApplicable,False,M,,False,True,False,Santa Clara Superior,C,OTHER MOTOR VEHICLE,,0,0,CLEAR,, NO UNUSUAL CONDITIONS,, ,D,DARK-NO STREET LIGHTS,37.50587,-121.93467,,,,,A,NO PEDESTRIANS INVOLVED,6/30/2016 12:00:00 AM,A,21658(a),False,1.0,I-680 S/B,,,8/4/2016 3:16:37 PM,A,N,1000.0,MISSION BLVD,F,,D,8/4/2016 3:17:08 PM,8/4/2016 3:17:08 PM,,,2,,,,,,,
237944,9340-2016-8314,1,False,9340,6/28/2016 7:40:00 AM,740,520,1368,4313,San Jose,43,True,True,C,REAR END,,Tuesday,NotApplicable,False,,,False,False,False,Santa Clara Superior,C,OTHER MOTOR VEHICLE,,0,0,CLEAR,, NO UNUSUAL CONDITIONS,, ,A,DAYLIGHT,37.32691,-121.96394,,,,,A,NO PEDESTRIANS INVOLVED,6/28/2016 12:00:00 AM,A,22350,False,1.0,SAN TOMAS EXPY N/B,,,8/4/2016 3:10:30 PM,A,N,800.0,Moorpark Ave,F,,D,8/4/2016 3:10:59 PM,8/4/2016 3:10:59 PM,,,2,,,,,,,
237937,9340-2016-8678,1,False,9340,7/19/2016 6:45:00 AM,645,110,1368,4313,San Jose,43,True,True,B,SIDE SWIPE,,Tuesday,NotApplicable,False,M,,False,True,False,Santa Clara Superior,C,OTHER MOTOR VEHICLE,,0,0,CLEAR,, NO UNUSUAL CONDITIONS,, ,A,DAYLIGHT,37.18234,-121.49106,,,,,A,NO PEDESTRIANS INVOLVED,7/19/2016 12:00:00 AM,A,22107,False,1.0,US101 N/B,,,8/4/2016 3:08:11 PM,A,N,1400.0,Capitol Expy,F,,D,8/4/2016 3:08:51 PM,8/4/2016 3:08:51 PM,,,2,,,,,,,
237905,9340-2016-8957,1,False,9340,8/2/2016 8:45:00 AM,845,230,1368,4313,San Jose,43,True,True,C,REAR END,,Tuesday,NotApplicable,False,,,False,True,True,Santa Clara Superior,C,OTHER MOTOR VEHICLE,,0,0,CLEAR,, NO UNUSUAL CONDITIONS,, ,A,DAYLIGHT,37.418987,-121.966221,,,,,A,NO PEDESTRIANS INVOLVED,8/2/2016 12:00:00 AM,A,22350,False,1.0,SR-237 W/B,,,8/4/2016 2:56:14 PM,A,W,800.0,NORTH FIRST ST.,F,,D,8/4/2016 2:56:46 PM,8/4/2016 2:56:46 PM,,,2,,,,,,,
237904,9340-2016-8958,1,False,9340,8/2/2016 10:05:00 AM,1005,088,1368,4313,San Jose,43,True,True,C,REAR END,,Tuesday,NotApplicable,False,,,False,True,False,Santa Clara Superior,C,OTHER MOTOR VEHICLE,,0,0,CLEAR,, NO UNUSUAL CONDITIONS,, ,A,DAYLIGHT,37.347866,-121.9198,,,,,A,NO PEDESTRIANS INVOLVED,8/2/2016 12:00:00 AM,A,22350,False,1.0,I-880 N/B,,,8/4/2016 2:55:53 PM,A,S,300.0,Coleman Ave,F,,D,8/4/2016 2:56:28 PM,8/4/2016 2:56:28 PM,,,2,,,,,,,
237882,9340-2016-8959,1,False,9340,8/2/2016 9:40:00 AM,940,282,1368,4313,San Jose,43,True,True,C,REAR END,,Tuesday,NotApplicable,False,,,False,True,True,Santa Clara Superior,C,OTHER MOTOR VEHICLE,,0,0,CLEAR,, NO UNUSUAL CONDITIONS,, ,A,DAYLIGHT,37.194,-121.599,,,,,A,NO PEDESTRIANS INVOLVED,8/2/2016 12:00:00 AM,A,22350 VC,False,1.0,I-280 N/B,,,8/4/2016 2:43:15 PM,A,S,1000.0,Lawrence EXPWY,F,,D,8/4/2016 2:43:56 PM,8/4/2016 2:43:56 PM,,,2,,,,,,,
237881,9340-2016-8955,1,False,9340,8/2/2016 7:20:00 AM,720,281,1368,4313,San Jose,43,True,True,C,REAR END,,Tuesday,NotApplicable,False,,,False,True,True,Santa Clara Superior,C,OTHER MOTOR VEHICLE,,0,0,CLEAR,, NO UNUSUAL CONDITIONS,, ,A,DAYLIGHT,37.1951,-121.523,,,,,A,NO PEDESTRIANS INVOLVED,8/2/2016 12:00:00 AM,A,22350 VC,False,1.0,I-280 N/B,,,8/4/2016 2:43:16 PM,A,S,800.0,11th Street,F,,D,8/4/2016 2:43:46 PM,8/4/2016 2:43:46 PM,,,2,,,,,,,
237845,9340-2016-8944,1,False,9340,8/1/2016 6:15:00 PM,1815,681,1368,4313,San Jose,43,True,True,C,REAR END,,Monday,NotApplicable,False,,,False,True,True,Santa Clara Superior,C,OTHER MOTOR VEHICLE,,0,0,CLEAR,, NO UNUSUAL CONDITIONS,, ,A,DAYLIGHT,37.37069,-121.84903,,,,,A,NO PEDESTRIANS INVOLVED,8/1/2016 12:00:00 AM,A,22350,False,1.0,I-680 S/B ,,,8/4/2016 2:22:41 PM,A,N,200.0,MCKEE ROAD,F,,D,8/4/2016 2:23:35 PM,8/4/2016 2:23:35 PM,,,2,,,,,,,
237811,9340-2016-8942,1,False,9340,8/1/2016 5:00:00 PM,1700,681,1368,4313,San Jose,43,True,True,C,REAR END,,Monday,Yes,False,,,False,True,True,Santa Clara Superior,C,OTHER MOTOR VEHICLE,,2,0,CLEAR,, NO UNUSUAL CONDITIONS,, ,A,DAYLIGHT,37.34187,-121.84946,,,,,A,NO PEDESTRIANS INVOLVED,8/1/2016 12:00:00 AM,A,22350,False,1.0,I-680 S/B TO US-101 S/B,,,8/4/2016 2:06:44 PM,A,N,500.0,US-101,F,,D,8/4/2016 2:07:26 PM,8/4/2016 2:07:26 PM,,,2,,,,,,,
237789,9340-2016-8943,1,False,9340,8/1/2016 5:45:00 PM,1745,681,1368,4313,San Jose,43,True,True,C,REAR END,,Monday,NotApplicable,False,,,False,True,True,Santa Clara Superior,C,OTHER MOTOR VEHICLE,,0,0,CLEAR,, NO UNUSUAL CONDITIONS,, ,A,DAYLIGHT,37.37069,-121.84903,,,,,A,NO PEDESTRIANS INVOLVED,8/1/2016 12:00:00 AM,A,22350,False,1.0,I-680 S/B,,,8/4/2016 1:58:49 PM,A,N,500.0,MCKEE ROAD,F,,D,8/4/2016 1:59:46 PM,8/4/2016 1:59:46 PM,,,2,,,,,,,
237772,9340-2016-8941,1,False,9340,8/1/2016 2:55:00 PM,1455,681,1368,4313,San Jose,43,True,True,B,SIDE SWIPE,,Monday,NotApplicable,False,,,False,True,True,Santa Clara Superior,C,OTHER MOTOR VEHICLE,,0,0,CLEAR,, NO UNUSUAL CONDITIONS,, ,A,DAYLIGHT,37.40868,-121.8788,,,,,A,NO PEDESTRIANS INVOLVED,8/1/2016 12:00:00 AM,C,,,,I-680 S/B,,,8/4/2016 1:52:01 PM,A,S,1000.0,MONTAGUE EXPRESSWAY,F,,D,8/4/2016 1:52:31 PM,8/4/2016 1:52:31 PM,,,2,,,,,,,
237701,9340-2016-8950,1,False,9340,8/1/2016 10:25:00 PM,2225,681,1368,4313,San Jose,43,True,True,E,HIT OBJECT,,Monday,NotApplicable,False,,,False,True,True,Santa Clara Superior,I,FIXED OBJECT,DIRT EMBANKMENT,1,0,CLEAR,, NO UNUSUAL CONDITIONS,, ,C,DARK-STREET LIGHTS,37.3668,-121.84782,,,,,A,NO PEDESTRIANS INVOLVED,8/1/2016 12:00:00 AM,A,22350,False,1.0,I-680 S/B FROM MCKEE RD E/B,,,8/4/2016 12:49:20 PM,A,S,150.0,McKee Rd,F,,D,8/4/2016 12:50:35 PM,8/4/2016 12:50:35 PM,,,2,,,,,,,
237691,9340-2016-8965,1,False,9340,7/31/2016 12:45:00 AM,45,681,1368,4313,San Jose,43,True,True,E,HIT OBJECT,,Sunday,NotApplicable,False,,,False,True,False,Santa Clara Superior,J,OTHER OBJECT,METAL OBJECT,0,0,CLEAR,, NO UNUSUAL CONDITIONS,, ,D,DARK-NO STREET LIGHTS,37.211527,-121.501786,,,,,A,NO PEDESTRIANS INVOLVED,7/31/2016 12:00:00 AM,C,,,,I-680 N/B,,,8/4/2016 12:41:42 PM,A,S,450.0,Capitol Expy,F,,D,8/4/2016 12:42:18 PM,8/4/2016 12:42:18 PM,,,2,,,,,,,
237685,9340-2016-8900,1,False,9340,7/29/2016 4:20:00 PM,1620,281,1368,4313,San Jose,43,True,True,B,SIDE SWIPE,,Friday,NotApplicable,False,,,False,True,False,Santa Clara Superior,C,OTHER MOTOR VEHICLE,,0,0,CLEAR,, NO UNUSUAL CONDITIONS,, ,A,DAYLIGHT,37.31589,-121.91587,,,,,A,NO PEDESTRIANS INVOLVED,7/29/2016 12:00:00 AM,A,21658A,False,1.0,I-280 N/B,,,8/4/2016 12:32:49 PM,A,N,500.0,Meridian Ave,F,,D,8/4/2016 12:33:17 PM,8/4/2016 12:33:17 PM,,,2,,,,,,,
237630,9340-2016-8890,1,False,9340,7/29/2016 7:20:00 AM,720,088,1368,4313,San Jose,43,True,True,C,REAR END,,Friday,NotApplicable,False,,,False,True,False,Santa Clara Superior,C,OTHER MOTOR VEHICLE,,0,0,CLEAR,, NO UNUSUAL CONDITIONS,, ,A,DAYLIGHT,37.326122,-121.940811,,,,,A,NO PEDESTRIANS INVOLVED,7/29/2016 12:00:00 AM,A,22350 VC,False,1.0,INTERSTATE 880 SOUTHBOUND,,,8/4/2016 11:42:36 AM,A,N,1000.0,STEVENS CREEK BOULEVARD,F,,D,8/4/2016 11:43:04 AM,8/4/2016 11:43:04 AM,,,2,,,,,,,
237484,9340-2016-8917,1,False,9340,7/30/2016 4:30:00 PM,1630,087,1368,4313,San Jose,43,True,True,C,REAR END,,Saturday,NotApplicable,False,,,False,True,False,Santa Clara Superior,C,OTHER MOTOR VEHICLE,,0,0,CLEAR,, NO UNUSUAL CONDITIONS,, ,A,DAYLIGHT,37.3067,-121.8805,,,,,A,NO PEDESTRIANS INVOLVED,7/30/2016 12:00:00 AM,A,22350,False,1.0,SR-87 N/B,,,8/4/2016 10:17:15 AM,A,N,2000.0,Almaden Expy,F,,D,8/4/2016 10:17:49 AM,8/4/2016 10:17:49 AM,,,2,,,,,,,
237254,9340-2016-8898,1,False,9340,7/29/2016 3:30:00 PM,1530,087,1368,4313,San Jose,43,True,True,B,SIDE SWIPE,,Friday,NotApplicable,False,M,,False,True,False,Santa Clara Superior,C,OTHER MOTOR VEHICLE,,0,0,CLEAR,, NO UNUSUAL CONDITIONS,, ,A,DAYLIGHT,37.31621,-121.88892,,,,,A,NO PEDESTRIANS INVOLVED,7/29/2016 12:00:00 AM,A,21658(a),False,1.0,SR-87 S/B,,,8/4/2016 8:25:44 AM,A,N,400.0,Willow St,F,,D,8/4/2016 8:26:16 AM,8/4/2016 8:26:16 AM,,,2,,,,,,,
237241,9340-2016-8997,1,False,9340,8/3/2016 4:04:00 AM,404,110,1368,4313,San Jose,43,True,True,C,REAR END,,Wednesday,NotApplicable,False,,,False,True,True,Santa Clara Superior,C,OTHER MOTOR VEHICLE,,0,0,CLEAR,, NO UNUSUAL CONDITIONS,, ,C,DARK-STREET LIGHTS,37.354563,-121.86566,,,,,A,NO PEDESTRIANS INVOLVED,8/3/2016 12:00:00 AM,A,23152(a),True,1.0,US-101 NB TO MCKEE RD,,,8/4/2016 8:17:05 AM,A,S,15.0,McKee Rd,F,,D,8/4/2016 8:17:50 AM,8/4/2016 8:17:50 AM,,,2,,,,,,,