Collision Id,	Report Number,	Report Version,	Is Preliminary,	NCIC Code,Crash Date Time,	Crash Time Description,	Beat,City Id,	City Code,	City Name,County Code,	City Is Active,	City Is Incorporated,	Collision Type Code,Collision Type Description,	Collision Type Other Desc,	Day Of Week,	DispatchNotified,	HasPhotographs,	HitRun,	IsAttachmentsMailed,	IsDeleted,	IsHighwayRelated,	IsTowAway,	JudicialDistrict,	MotorVehicleInvolvedWithCode,	MotorVehicleInvolvedWithDesc,MotorVehicleInvolvedWithOtherDesc,	NumberInjured,	NumberKilled,Weather 1, Weather 2, Road Condition 1, Road Condition 2, Special Condition,LightingCode, LightingDescription,Latitude,Longitude,MilepostDirection,MilepostDistance,MilepostMarker,MilepostUnitOfMeasure,	PedestrianActionCode,PedestrianActionDesc,PreparedDate,	Primary Collision Factor Code,Primary Collision Factor Violation,PrimaryCollisionFactorIsCited,	PrimaryCollisionPartyNumber,	PrimaryRoad,	ReportingDistrict,	ReportingDistrictCode,ReviewedDate,	RoadwaySurfaceCode,SecondaryDirection,	SecondaryDistance,	SecondaryRoad,	SecondaryUnitOfMeasure,	SketchDesc,	TrafficControlDeviceCode,CreatedDate,	ModifiedDate,IsCountyRoad,IsFreeway,CHP555Version,	IsAdditonalObjectStruck,NotificationDate,	NotificationTimeDescription,	HasDigitalMediaFiles,	EvidenceNumber,	IsLocationReferToNarrative,	IsAOIOneSameAsLocation
249772,9340-2016-9226,1,False,9340,8/14/2016 5:43:00 PM,1743,120,1368,4313,San Jose,43,True,True,C,REAR END,,Sunday,NotApplicable,False,,,False,True,True,Santa Clara Superior,C,OTHER MOTOR VEHICLE,,2,0,CLEAR,, NO UNUSUAL CONDITIONS,, ,A,DAYLIGHT,37.363113,-121.892033,,,,,A,NO PEDESTRIANS INVOLVED,8/14/2016 12:00:00 AM,A,22350,False,1.0,US-101 N/B,,,8/22/2016 1:23:24 PM,A,N,370.0,13th St,F,,D,8/22/2016 1:24:05 PM,8/22/2016 1:24:05 PM,,,2,,,,,,,
249554,9340-2016-9193,1,False,9340,8/12/2016 3:52:00 PM,1552,282,1368,4313,San Jose,43,True,True,C,REAR END,,Friday,NotApplicable,False,,,False,True,True,Santa Clara Superior,C,OTHER MOTOR VEHICLE,,1,0,CLEAR,, NO UNUSUAL CONDITIONS,, ,A,DAYLIGHT,37.316515,-121.950903,,,,,A,NO PEDESTRIANS INVOLVED,8/12/2016 12:00:00 AM,A,22350,True,1.0,I-280 N/B,,,8/22/2016 10:49:51 AM,A,N,60.0,Winchester Blvd,F,,D,8/22/2016 10:50:37 AM,8/22/2016 10:50:37 AM,,,2,,,,,,,
249525,9340-2016-8793,1,False,9340,7/25/2016 2:29:00 AM,229,088,1368,4313,San Jose,43,True,True,C,REAR END,,Monday,Yes,False,,,False,True,True,Santa Clara Superior,C,OTHER MOTOR VEHICLE,,2,0,CLEAR,, NO UNUSUAL CONDITIONS,, ,C,DARK-STREET LIGHTS,37.36332,-121.90218,,,,,A,NO PEDESTRIANS INVOLVED,7/25/2016 12:00:00 AM,A,22350 VC,False,1.0,I-880 S/B,,,8/22/2016 10:36:28 AM,A,S,210.0,US-101,F,,D,8/22/2016 10:37:19 AM,8/22/2016 10:37:19 AM,,,2,,,,,,,
249521,9340-2016-9267,1,False,9340,8/16/2016 4:10:00 PM,1610,281,1368,4313,San Jose,43,True,True,E,HIT OBJECT,,Tuesday,Yes,False,,,False,True,True,Santa Clara Superior,J,OTHER OBJECT,DIRT EMBANKMENT,2,0,CLEAR,, NO UNUSUAL CONDITIONS,, ,A,DAYLIGHT,37.3153,-121.912,,,,,A,NO PEDESTRIANS INVOLVED,8/16/2016 12:00:00 AM,A,22107,False,1.0,I-280 S/B FROM SOUTHWEST EXPY.,,,8/22/2016 10:35:08 AM,A,S,400.0,Meridian Ave,F,,D,8/22/2016 10:36:00 AM,8/22/2016 10:36:00 AM,,,2,,,,,,,
249394,9340-2016-9370,1,False,9340,8/21/2016 3:10:00 AM,310,083,1368,4313,San Jose,43,True,True,E,HIT OBJECT,,Sunday,Yes,False,M,,False,True,True,SANTA CLARA SUPERIOR,I,FIXED OBJECT,DIRT EMBANKMENT,0,0,CLEAR,, NO UNUSUAL CONDITIONS,, ,C,DARK-STREET LIGHTS,37.254328,-121.879232,,,,,A,NO PEDESTRIANS INVOLVED,8/21/2016 12:00:00 AM,A,23152(a),True,1.0,SR-85 SB,,,8/22/2016 9:17:42 AM,A,N,200.0,ALMADEN EXPRESSWAY,F,,D,8/22/2016 9:18:23 AM,8/22/2016 9:18:23 AM,,,2,,,,,,,
249365,9340-2016-9216,1,False,9340,8/14/2016 5:35:00 AM,535,089,1368,4313,San Jose,43,True,True,E,HIT OBJECT,,Sunday,Yes,False,,,False,True,True,Santa Clara Superior,I,FIXED OBJECT,Concrete divider,1,0,CLOUDY,, NO UNUSUAL CONDITIONS,, ,D,DARK-NO STREET LIGHTS,37.402237,-121.908725,,,,,A,NO PEDESTRIANS INVOLVED,8/14/2016 12:00:00 AM,A,22107 VC,True,1.0,I-880 Northbound,,,8/22/2016 8:58:29 AM,A,S,75.0,Montague Expressway,F,SEE PAGE # 4.,D,8/22/2016 8:59:01 AM,8/22/2016 8:59:01 AM,,,2,,,,,,,
249336,9340-2016-9203,1,False,9340,8/12/2016 10:33:00 PM,2233,110,1368,4313,San Jose,43,True,True,C,REAR END,,Friday,Yes,False,,,False,True,True,Santa Clara Superior,C,OTHER MOTOR VEHICLE,,0,0,CLEAR,, NO UNUSUAL CONDITIONS,, ,C,DARK-STREET LIGHTS,37.35411,-121.865249,,,,,A,NO PEDESTRIANS INVOLVED,8/12/2016 12:00:00 AM,A,23152(a),True,1.0,US-101 N/B TO MCKEE RD,,,8/22/2016 8:37:04 AM,A,S,100.0,McKee Rd,F,,D,8/22/2016 8:37:57 AM,8/22/2016 8:37:57 AM,,,2,,,,,,,
249302,9340-2016-9178,1,False,9340,8/11/2016 3:05:00 PM,1505,281,1368,4313,San Jose,43,True,True,C,REAR END,,Thursday,NotApplicable,False,,,False,True,False,Santa Clara Superior,C,OTHER MOTOR VEHICLE,,0,0,CLEAR,, NO UNUSUAL CONDITIONS,, ,A,DAYLIGHT,37.330018,-121.867987,,,,,A,NO PEDESTRIANS INVOLVED,8/11/2016 12:00:00 AM,A,22350,False,1.0,I-280 N/B (TO 11TH STREET),,,8/22/2016 8:19:18 AM,A,S,1050.0,11th St,F,,D,8/22/2016 8:19:52 AM,8/22/2016 8:19:52 AM,,,2,,,,,,,
249296,9340-2016-8903,1,False,9340,7/25/2016 1:45:00 AM,145,110,1368,4313,San Jose,43,True,True,C,REAR END,,Monday,NotApplicable,False,M,,False,True,True,Santa Clara Superior,C,OTHER MOTOR VEHICLE,,0,0,CLEAR,, NO UNUSUAL CONDITIONS,, ,D,DARK-NO STREET LIGHTS,37.35494,-121.86715,,,,,A,NO PEDESTRIANS INVOLVED,7/25/2016 12:00:00 AM,A,22350,False,1.0,US101 S/B,,,8/22/2016 8:14:41 AM,A,N,250.0,MCKEE ROAD,F,,D,8/22/2016 8:15:39 AM,8/22/2016 8:15:39 AM,,,2,,,,,,,
249231,9725-2016-8610,1,False,9725,8/13/2016 4:35:00 PM,1635,015,1368,4313,San Jose,43,True,True,E,HIT OBJECT,,Saturday,Yes,False,,,False,True,True,Santa Clara Superior,I,FIXED OBJECT,METAL GUARD RAIL,2,0,CLEAR,, NO UNUSUAL CONDITIONS,, ,A,DAYLIGHT,37.247527,-121.778319,N,0.4,101 SCL 27.005,M,A,NO PEDESTRIANS INVOLVED,8/13/2016 12:00:00 AM,A,22107,False,1.0,US-101 N/B,,,8/22/2016 7:25:08 AM,A,N,0.4,BERNAL ROAD,M,,D,8/22/2016 7:25:55 AM,8/22/2016 7:25:55 AM,,,2,,,,,,,
249194,9725-2016-8605,1,False,9725,8/12/2016 3:45:00 PM,1545,085,1368,4313,San Jose,43,True,True,C,REAR END,,Friday,NotApplicable,False,,,False,True,False,Santa Clara Superior,C,OTHER MOTOR VEHICLE,,0,0,CLEAR,, NO UNUSUAL CONDITIONS,, ,A,DAYLIGHT,37.240812,-121.777714,,,,,A,NO PEDESTRIANS INVOLVED,8/12/2016 12:00:00 AM,A,22350,False,3.0,SR-85 S/B,,,8/22/2016 6:41:54 AM,A,N,0.2,Bernal Rd,M,,D,8/22/2016 6:42:30 AM,8/22/2016 6:42:30 AM,,,2,,,,,,,
248619,9340-2016-9213,1,False,9340,8/13/2016 8:20:00 PM,2020,901,1368,4313,San Jose,43,True,True,E,HIT OBJECT,,Saturday,Yes,False,,,False,False,True,Santa Clara Superior,I,FIXED OBJECT,CHAIN LINK FENCE,0,0,CLEAR,, NO UNUSUAL CONDITIONS,, ,C,DARK-STREET LIGHTS,37.316432,-121.966224,,,,,A,NO PEDESTRIANS INVOLVED,8/13/2016 12:00:00 AM,A,23152(a),True,1.0,Moorpark Ave,,,8/19/2016 1:50:44 PM,A,W,510.0,San Tomas Expy,F,,D,8/19/2016 1:51:23 PM,8/19/2016 1:51:23 PM,,,2,,,,,,,
248597,9340-2016-9187,1,False,9340,8/12/2016 12:11:00 PM,1211,172,1368,4313,San Jose,43,True,True,B,SIDE SWIPE,,Friday,NotApplicable,False,,,False,True,False,Santa Clara Superior,C,OTHER MOTOR VEHICLE,,0,0,CLEAR,, NO UNUSUAL CONDITIONS,, ,A,DAYLIGHT,37.254265,-121.953692,,,,,A,NO PEDESTRIANS INVOLVED,8/12/2016 12:00:00 AM,A,22350,False,2.0,SR-17 n/b to SR-85 s/b,,,8/19/2016 1:33:52 PM,A,N,400.0,Los Gatos Blvd,F,,D,8/19/2016 1:34:25 PM,8/19/2016 1:34:25 PM,,,2,,,,,,,
248555,9340-2016-9198,1,False,9340,8/12/2016 2:25:00 PM,1425,281,1368,4313,San Jose,43,True,True,C,REAR END,,Friday,NotApplicable,False,M,,False,True,False,Santa Clara Superior,C,OTHER MOTOR VEHICLE,,1,0,CLEAR,, NO UNUSUAL CONDITIONS,, ,A,DAYLIGHT,37.32319,-121.8983,,,,,A,NO PEDESTRIANS INVOLVED,8/12/2016 12:00:00 AM,A,22350,False,1.0,I-280 N/B,,,8/19/2016 12:31:29 PM,A,S,1000.0,SR-87,F,,D,8/19/2016 12:32:08 PM,8/19/2016 12:32:08 PM,,,2,,,,,,,
248548,9340-2016-9199,1,False,9340,8/12/2016 5:30:00 PM,1730,282,1368,4313,San Jose,43,True,True,C,REAR END,,Friday,Yes,False,,,False,True,True,Santa Clara Superior,C,OTHER MOTOR VEHICLE,,2,0,CLEAR,, NO UNUSUAL CONDITIONS,, ,A,DAYLIGHT,37.316528,-121.969573,,,,,A,NO PEDESTRIANS INVOLVED,8/12/2016 12:00:00 AM,A,22350,False,1.0,I-280 N/B,,,8/19/2016 12:23:20 PM,A,S,500.0,Saratoga Ave,F,,D,8/19/2016 12:24:10 PM,8/19/2016 12:24:10 PM,,,2,,,,,,,
248450,9340-2016-9250,1,False,9340,8/15/2016 6:00:00 PM,1800,110,1368,4313,San Jose,43,True,True,C,REAR END,,Monday,NotApplicable,False,,,False,True,False,Santa Clara Superior,C,OTHER MOTOR VEHICLE,,0,0,CLEAR,, NO UNUSUAL CONDITIONS,, ,A,DAYLIGHT,37.322977,-121.836055,,,,,A,NO PEDESTRIANS INVOLVED,8/15/2016 12:00:00 AM,A,22350,False,1.0,US-101 S/B,,,8/19/2016 10:42:35 AM,A,N,1120.0,Tully Rd,F,,D,8/19/2016 10:43:04 AM,8/19/2016 10:43:04 AM,,,2,,,,,,,
248427,9340-2016-9179,1,False,9340,8/11/2016 8:50:00 PM,2050,520,1368,4313,San Jose,43,True,True,D,BROADSIDE,,Thursday,NotApplicable,False,,,False,False,True,Santa Clara Superior,C,OTHER MOTOR VEHICLE,,2,0,CLEAR,, NO UNUSUAL CONDITIONS,, ,C,DARK-STREET LIGHTS,,,,,,,A,NO PEDESTRIANS INVOLVED,8/11/2016 12:00:00 AM,A,21453(c),False,1.0,San Tomas Expy,,,8/19/2016 10:24:26 AM,A,,,Payne Ave,,,A,8/19/2016 10:25:04 AM,8/19/2016 10:25:04 AM,,,2,,,,,,,
248408,9340-2016-9153,1,False,9340,8/10/2016 3:40:00 PM,1540,087,1368,4313,San Jose,43,True,True,C,REAR END,,Wednesday,NotApplicable,False,,,False,True,True,Santa Clara Superior,C,OTHER MOTOR VEHICLE,,0,0,CLEAR,, NO UNUSUAL CONDITIONS,, ,A,DAYLIGHT,37.17585,-121.52297,,,,,A,NO PEDESTRIANS INVOLVED,8/10/2016 12:00:00 AM,A,21658(a),False,1.0,SR-87 N/B,,,8/19/2016 10:04:52 AM,A,S,940.0,ALMADEN EXPRESSWAY,F,,D,8/19/2016 10:05:28 AM,8/19/2016 10:05:28 AM,,,2,,,,,,,
248376,9340-2016-9106,1,False,9340,8/8/2016 3:40:00 PM,1540,901,1368,4313,San Jose,43,True,True,B,SIDE SWIPE,,Monday,NotApplicable,False,,,False,False,False,Santa Clara Superior,C,OTHER MOTOR VEHICLE,,0,0,CLEAR,, NO UNUSUAL CONDITIONS,, ,A,DAYLIGHT,37.15649,-121.58462,,,,,A,NO PEDESTRIANS INVOLVED,8/8/2016 12:00:00 AM,A,22107,False,,MONTAGUE EXPY W/B,,,8/19/2016 9:42:44 AM,A,E,50.0,I-880,F,,D,8/19/2016 9:43:19 AM,8/19/2016 9:43:19 AM,,,2,,,,,,,
248347,9340-2016-9143,1,False,9340,8/10/2016 8:10:00 AM,810,901,1368,4313,San Jose,43,True,True,B,SIDE SWIPE,,Wednesday,NotApplicable,False,,,False,False,False,Santa Clara Superior,E,PARKED MOTOR VEHICLE,,0,0,CLEAR,, NO UNUSUAL CONDITIONS,, School Bus Collision,A,DAYLIGHT,37.18292,-121.49027,,,,,A,NO PEDESTRIANS INVOLVED,8/10/2016 12:00:00 AM,A,22107,False,1.0,Aborn Rd,,,8/19/2016 9:22:48 AM,A,E,61.0,Stallion Way,F,,D,8/19/2016 9:23:37 AM,8/19/2016 9:23:37 AM,,,2,,,,,,,
248344,9340-2016-9159,1,False,9340,8/10/2016 8:55:00 PM,2055,120,1368,4313,San Jose,43,True,True,B,SIDE SWIPE,,Wednesday,NotApplicable,False,,,False,True,True,Santa Clara Superior,C,OTHER MOTOR VEHICLE,,1,0,CLEAR,, NO UNUSUAL CONDITIONS,, ,D,DARK-NO STREET LIGHTS,37.36401,-121.901731,,,,,A,NO PEDESTRIANS INVOLVED,8/10/2016 12:00:00 AM,A,21658(a),False,,US101 S/B,,,8/19/2016 9:21:04 AM,A,N,25.0,I-880,F,,D,8/19/2016 9:21:50 AM,8/19/2016 9:21:50 AM,,,2,,,,,,,
248342,9340-2016-9145,2,False,9340,8/9/2016 4:00:00 PM,1600,110,1368,4313,San Jose,43,True,True,B,SIDE SWIPE,,Tuesday,NotApplicable,False,,,False,True,True,Santa Clara Superior,C,OTHER MOTOR VEHICLE,,1,0,CLEAR,, NO UNUSUAL CONDITIONS,, ,A,DAYLIGHT,37.295956,-121.810832,,,,,A,NO PEDESTRIANS INVOLVED,8/9/2016 12:00:00 AM,A,21658(a),False,1.0,US-101 S/B to Yerba Buena Road,,,12/12/2016 2:21:17 PM,A,N,150.0,Yerba Buena Road,F,,D,8/19/2016 9:20:36 AM,12/12/2016 2:21:28 PM,,,2,,,,,,,
248333,9340-2016-9194,1,False,9340,8/12/2016 3:10:00 PM,1510,010,1368,4313,San Jose,43,True,True,B,SIDE SWIPE,,Friday,NotApplicable,False,,,False,True,True,Santa Clara Superior,C,OTHER MOTOR VEHICLE,,0,0,CLEAR,, NO UNUSUAL CONDITIONS,, School Bus Collision,A,DAYLIGHT,37.4034,-121.84978,,,,,A,NO PEDESTRIANS INVOLVED,8/12/2016 12:00:00 AM,A,22107,False,1.0,RUSKIN DRIVE E/B,,,8/19/2016 9:14:24 AM,A,W,50.0,PIEDMONT ROAD,F,,D,8/19/2016 9:15:08 AM,8/19/2016 9:15:08 AM,,,2,,,,,,,
248328,9340-2016-9244,1,False,9340,8/15/2016 5:57:00 PM,1757,120,1368,4313,San Jose,43,True,True,C,REAR END,,Monday,NotApplicable,False,,,False,True,False,Santa Clara Superior,C,OTHER MOTOR VEHICLE,,0,0,CLEAR,, NO UNUSUAL CONDITIONS,, ,A,DAYLIGHT,37.37092,-121.91443,,,,,A,NO PEDESTRIANS INVOLVED,8/15/2016 12:00:00 AM,A,22350,False,1.0,US-101 S/B ,,,8/19/2016 9:08:56 AM,A,N,150.0,Brokaw Road,F,,D,8/19/2016 9:09:33 AM,8/19/2016 9:09:33 AM,,,2,,,,,,,
248305,9340-2016-9093,1,False,9340,8/6/2016 10:25:00 PM,2225,681,1368,4313,San Jose,43,True,True,E,HIT OBJECT,,Saturday,Yes,False,,,False,True,True,Santa Clara Superior,I,FIXED OBJECT,TRAFFIC SIGN,0,0,CLEAR,, NO UNUSUAL CONDITIONS,, ,D,DARK-NO STREET LIGHTS,37.235826,-121.523156,,,,,A,NO PEDESTRIANS INVOLVED,8/6/2016 12:00:00 AM,A,23152(a),False,1.0,I-680 n/b (to Capitol Ave.),,,8/19/2016 8:48:27 AM,A,N,200.0,Capitol Ave,F,,D,8/19/2016 8:49:03 AM,8/19/2016 8:49:03 AM,,,2,,,,,,,
247951,9340-2016-9293,1,False,9340,8/18/2016 9:15:00 AM,915,110,1368,4313,San Jose,43,True,True,C,REAR END,,Thursday,NotApplicable,False,,,False,True,False,Santa Clara Superior,C,OTHER MOTOR VEHICLE,,0,0,CLEAR,, NO UNUSUAL CONDITIONS,, ,A,DAYLIGHT,37.34011,-121.83928,,,,,A,NO PEDESTRIANS INVOLVED,8/18/2016 12:00:00 AM,A,22350,False,1.0,US101 N/B,,,8/18/2016 2:48:20 PM,A,S,44.0,Tully Rd,F,REFER TO PG. #3,D,8/18/2016 2:48:42 PM,8/18/2016 2:48:42 PM,,,2,,,,,,,
247858,9340-2016-9263,1,False,9340,8/16/2016 6:10:00 PM,1810,282,1368,4313,San Jose,43,True,True,C,REAR END,,Tuesday,NotApplicable,False,,,False,True,True,Santa Clara Superior,C,OTHER MOTOR VEHICLE,,0,0,CLEAR,, NO UNUSUAL CONDITIONS,, ,A,DAYLIGHT,37.31765,-121.97762,,,,,A,NO PEDESTRIANS INVOLVED,8/16/2016 12:00:00 AM,A,22350,False,1.0,I-280 S/B TO SARATOGA AVENUE,,,8/18/2016 1:49:35 PM,A,N,300.0,SARATOGA AVENUE,F,,D,8/18/2016 1:50:16 PM,8/18/2016 1:50:16 PM,,,2,,,,,,,
247766,9340-2016-9212,1,False,9340,8/13/2016 6:40:00 PM,1840,110,1368,4313,San Jose,43,True,True,C,REAR END,,Saturday,NotApplicable,False,,,False,True,True,Santa Clara Superior,C,OTHER MOTOR VEHICLE,,0,0,CLEAR,, NO UNUSUAL CONDITIONS,, ,A,DAYLIGHT,37.363073,-121.890429,,,,,A,NO PEDESTRIANS INVOLVED,8/13/2016 12:00:00 AM,A,22350,False,1.0,US-101 N/B,,,8/18/2016 12:38:22 PM,A,S,200.0,OAKLAND RD,F,,D,8/18/2016 12:38:55 PM,8/18/2016 12:38:55 PM,,,2,,,,,,,
247753,9340-2016-9146,1,False,9340,8/10/2016 3:20:00 AM,320,110,1368,4313,San Jose,43,True,True,E,HIT OBJECT,,Wednesday,Yes,False,,,False,True,True,Santa Clara Superior,I,FIXED OBJECT,DIRT EMBANKMENT,1,0,CLEAR,, NO UNUSUAL CONDITIONS,, ,D,DARK-NO STREET LIGHTS,37.152793,-121.475103,,,,,A,NO PEDESTRIANS INVOLVED,8/10/2016 12:00:00 AM,A,23152(a),True,1.0,US101 S/B,,,8/18/2016 12:30:10 PM,A,N,250.0,Hellyer Ave,F,,D,8/18/2016 12:30:52 PM,8/18/2016 12:30:52 PM,,,2,,,,,,,
247548,9340-2016-8313,1,False,9340,6/29/2016 9:00:00 AM,900,089,1368,4313,San Jose,43,True,True,B,SIDE SWIPE,,Wednesday,NotApplicable,False,F,,False,True,True,Santa Clara Superior,C,OTHER MOTOR VEHICLE,,1,0,CLEAR,, NO UNUSUAL CONDITIONS,, ,A,DAYLIGHT,37.37384,-121.90222,,,,,A,NO PEDESTRIANS INVOLVED,6/29/2016 12:00:00 AM,A,21750,False,1.0,I-880 N/B,,,8/18/2016 9:42:10 AM,A,N,500.0,Old Bayshore Hwy,F,,D,8/18/2016 9:42:55 AM,8/18/2016 9:42:55 AM,,,2,,,,,,,
247494,9340-2016-8360,1,False,9340,7/1/2016 9:35:00 AM,935,083,1368,4313,San Jose,43,True,True,E,HIT OBJECT,,Friday,NotApplicable,False,,,False,True,False,Santa Clara Superior,I,FIXED OBJECT,METERING LIGHT,0,0,CLEAR,, NO UNUSUAL CONDITIONS,, ,A,DAYLIGHT,37.25024,-121.835136,,,,,A,NO PEDESTRIANS INVOLVED,7/1/2016 12:00:00 AM,A,22350 VC,False,1.0,SR-85 N/B FROM BLOSSOM HILL RD. E/B,,,8/18/2016 9:12:25 AM,A,S,300.0,BLOSSOM HILL ROAD,F,,D,8/18/2016 9:14:31 AM,8/18/2016 9:14:31 AM,,,2,,,,,,,
247376,9340-2016-9291,1,False,9340,8/17/2016 6:50:00 AM,650,281,1368,4313,San Jose,43,True,True,C,REAR END,,Wednesday,NotApplicable,False,,,False,True,False,Santa Clara Superior,C,OTHER MOTOR VEHICLE,,0,0,CLEAR,, NO UNUSUAL CONDITIONS,, ,A,DAYLIGHT,,,,,,,A,NO PEDESTRIANS INVOLVED,8/17/2016 12:00:00 AM,A,22350,False,1.0,I-280 N/B,,,8/18/2016 7:58:39 AM,A,N,1500.0,US-101,F,,D,8/18/2016 7:59:11 AM,8/18/2016 7:59:11 AM,,,2,,,,,,,
247279,9340-2016-9268,1,False,9340,8/16/2016 9:30:00 AM,930,083,1368,4313,San Jose,43,True,True,E,HIT OBJECT,,Tuesday,Yes,False,,,False,True,True,Santa Clara Superior,I,FIXED OBJECT,Guardrail,1,0,CLEAR,, NO UNUSUAL CONDITIONS,, ,A,DAYLIGHT,37.25747,-121.85806,,,,,A,NO PEDESTRIANS INVOLVED,8/16/2016 12:00:00 AM,A,22107,False,1.0,SR-85 N/B to SR-87 N/B,,,8/18/2016 5:37:25 AM,A,S,1000.0,SR-87 N/B,F,,D,8/18/2016 5:38:05 AM,8/18/2016 5:38:05 AM,,,2,,,,,,,
247276,9340-2016-7989,1,False,9340,6/13/2016 9:45:00 PM,2145,230,1368,4313,San Jose,43,True,True,B,SIDE SWIPE,,Monday,NotApplicable,False,M,,False,True,False,Santa Clara Superior,C,OTHER MOTOR VEHICLE,,0,0,CLEAR,, NO UNUSUAL CONDITIONS,, ,C,DARK-STREET LIGHTS,37.419067,-121.965752,,,,,A,NO PEDESTRIANS INVOLVED,6/13/2016 12:00:00 AM,A,21658(a),False,2.0,SR-237 W/B,,,8/18/2016 5:31:11 AM,A,W,1500.0,First St,F,,D,8/18/2016 5:31:46 AM,8/18/2016 5:31:46 AM,,,2,,,,,,,
247001,9340-2016-8783,1,False,9340,7/24/2016 2:50:00 PM,1450,087,1368,4313,San Jose,43,True,True,C,REAR END,,Sunday,NotApplicable,False,M,,False,True,False,Santa Clara Superior,C,OTHER MOTOR VEHICLE,,0,0,CLEAR,, NO UNUSUAL CONDITIONS,, ,A,DAYLIGHT,37.3199,-121.8898,,,,,A,NO PEDESTRIANS INVOLVED,7/24/2016 12:00:00 AM,A,22350,False,1.0,SR-87 N/B TO I-280 S/B,,,8/17/2016 2:50:39 PM,A,S,100.0,I-280,F,,D,8/17/2016 2:51:20 PM,8/17/2016 2:51:20 PM,,,2,,,,,,,
246976,9340-2016-8731,1,False,9340,7/22/2016 4:20:00 AM,420,088,1368,4313,San Jose,43,True,True,E,HIT OBJECT,,Friday,NotApplicable,False,M,,False,True,True,Santa Clara Superior,I,FIXED OBJECT,GUARDRAIL,0,0,CLEAR,, NO UNUSUAL CONDITIONS,, ,C,DARK-STREET LIGHTS,37.18586,-121.56271,,,,,A,NO PEDESTRIANS INVOLVED,7/22/2016 12:00:00 AM,A,22107,False,1.0,I-880 S/B TO I-280 S/B,,,8/17/2016 2:33:18 PM,A,S,310.0,I-280 S/B,F,,D,8/17/2016 2:33:55 PM,8/17/2016 2:33:55 PM,,,2,,,,,,,
246973,9340-2016-9209,1,False,9340,8/13/2016 6:02:00 PM,1802,085,1368,4313,San Jose,43,True,True,C,REAR END,,Saturday,NotApplicable,False,,,False,True,False,Santa Clara Superior,C,OTHER MOTOR VEHICLE,,0,0,CLEAR,, NO UNUSUAL CONDITIONS,, ,A,DAYLIGHT,37.255388,-121.863338,,,,,A,NO PEDESTRIANS INVOLVED,8/13/2016 12:00:00 AM,A,22350,False,1.0,SR-85 S/B,,,8/17/2016 2:32:20 PM,A,N,1200.0,SR-87,F,,D,8/17/2016 2:32:59 PM,8/17/2016 2:32:59 PM,,,2,,,,,,,
246970,9340-2016-9112,1,False,9340,8/8/2016 8:45:00 PM,2045,110,1368,4313,San Jose,43,True,True,C,REAR END,,Monday,NotApplicable,False,M,,False,True,False,Santa Clara Superior,C,OTHER MOTOR VEHICLE,,0,0,CLEAR,, NO UNUSUAL CONDITIONS,, ,C,DARK-STREET LIGHTS,37.155099,-121.48355,,,,,A,NO PEDESTRIANS INVOLVED,8/8/2016 12:00:00 AM,A,22350,False,1.0,US-101 S/B,,,8/17/2016 2:29:16 PM,A,N,2750.0,BLOSSOM HILL ROAD,F,,D,8/17/2016 2:29:44 PM,8/17/2016 2:29:44 PM,,,2,,,,,,,
246910,9340-2016-7884,1,False,9340,6/8/2016 4:50:00 PM,1650,281,1368,4313,San Jose,43,True,True,C,REAR END,,Wednesday,NotApplicable,False,M,,False,True,False,Santa Clara Superior,C,OTHER MOTOR VEHICLE,,0,0,CLEAR,, NO UNUSUAL CONDITIONS,, ,A,DAYLIGHT,37.32096,-121.9,,,,,A,NO PEDESTRIANS INVOLVED,6/8/2016 12:00:00 AM,A,22350,False,1.0,I-280 S/B,,,8/17/2016 1:49:36 PM,A,N,500.0,Bird Ave,F,,D,8/17/2016 1:50:04 PM,8/17/2016 1:50:04 PM,,,2,,,,,,,
246880,9340-2016-8801,1,False,9340,7/25/2016 7:30:00 AM,730,087,1368,4313,San Jose,43,True,True,C,REAR END,,Monday,NotApplicable,False,F,,False,True,False,Santa Clara Superior,C,OTHER MOTOR VEHICLE,,1,0,CLEAR,, NO UNUSUAL CONDITIONS,, ,A,DAYLIGHT,37.365175,-121.919413,,,,,A,NO PEDESTRIANS INVOLVED,7/25/2016 12:00:00 AM,A,22350,False,1.0,SR-87 N/B,,,8/17/2016 1:34:55 PM,A,N,250.0,Skyport Dr,F,,D,8/17/2016 1:35:34 PM,8/17/2016 1:35:34 PM,,,2,,,,,,,