Collision Id,	Report Number,	Report Version,	Is Preliminary,	NCIC Code,Crash Date Time,	Crash Time Description,	Beat,City Id,	City Code,	City Name,County Code,	City Is Active,	City Is Incorporated,	Collision Type Code,Collision Type Description,	Collision Type Other Desc,	Day Of Week,	DispatchNotified,	HasPhotographs,	HitRun,	IsAttachmentsMailed,	IsDeleted,	IsHighwayRelated,	IsTowAway,	JudicialDistrict,	MotorVehicleInvolvedWithCode,	MotorVehicleInvolvedWithDesc,MotorVehicleInvolvedWithOtherDesc,	NumberInjured,	NumberKilled,Weather 1, Weather 2, Road Condition 1, Road Condition 2, Special Condition,LightingCode, LightingDescription,Latitude,Longitude,MilepostDirection,MilepostDistance,MilepostMarker,MilepostUnitOfMeasure,	PedestrianActionCode,PedestrianActionDesc,PreparedDate,	Primary Collision Factor Code,Primary Collision Factor Violation,PrimaryCollisionFactorIsCited,	PrimaryCollisionPartyNumber,	PrimaryRoad,	ReportingDistrict,	ReportingDistrictCode,ReviewedDate,	RoadwaySurfaceCode,SecondaryDirection,	SecondaryDistance,	SecondaryRoad,	SecondaryUnitOfMeasure,	SketchDesc,	TrafficControlDeviceCode,CreatedDate,	ModifiedDate,IsCountyRoad,IsFreeway,CHP555Version,	IsAdditonalObjectStruck,NotificationDate,	NotificationTimeDescription,	HasDigitalMediaFiles,	EvidenceNumber,	IsLocationReferToNarrative,	IsAOIOneSameAsLocation
302497,9720-2016-2647,1,False,9340,10/9/2016 12:30:00 PM,1230,172,1368,4313,San Jose,43,True,True,B,SIDE SWIPE,,Sunday,NotApplicable,False,M,,False,True,False,SANTA CLARA,C,OTHER MOTOR VEHICLE,,0,0,CLEAR,, NO UNUSUAL CONDITIONS,, ,A,DAYLIGHT,37.290841,-121.936573,,,,,A,NO PEDESTRIANS INVOLVED,10/9/2016 12:00:00 AM,A,21658(a),False,1.0,SR 17 n/b,,,10/27/2016 7:21:12 AM,A,S,0.1,HAMILTON AVE.,M,,D,10/27/2016 7:21:53 AM,10/27/2016 7:21:53 AM,,,2,,,,,,,
302210,9340-2016-10814,1,False,9340,10/20/2016 8:41:00 AM,841,281,1368,4313,San Jose,43,True,True,C,REAR END,,Thursday,NotApplicable,False,,,False,True,True,Santa Clara Superior,C,OTHER MOTOR VEHICLE,,0,0,CLEAR,, NO UNUSUAL CONDITIONS,, ,A,DAYLIGHT,37.1906,-121.55208,,,,,A,NO PEDESTRIANS INVOLVED,10/20/2016 12:00:00 AM,A,22350,False,1.0,I-280 S/B,,,10/26/2016 3:45:15 PM,A,S,340.0,Leigh Ave,F,,D,10/26/2016 3:46:00 PM,10/26/2016 3:46:00 PM,,,2,,,,,,,
302187,9340-2016-9991,1,False,9340,9/17/2016 10:23:00 PM,2223,681,1368,4313,San Jose,43,True,True,E,HIT OBJECT,,Saturday,NotApplicable,False,M,,False,True,True,Santa Clara Superior,I,FIXED OBJECT,METERING LIGHT ,0,0,CLEAR,, NO UNUSUAL CONDITIONS,, ,D,DARK-NO STREET LIGHTS,37.225697,-121.514026,,,,,A,NO PEDESTRIANS INVOLVED,9/17/2016 12:00:00 AM,A,22107,False,1.0,I-680 S/B FROM BERRYESSA ROAD,,,10/26/2016 3:27:21 PM,A,S,800.0,Berryessa Rd,F,,D,10/26/2016 3:27:49 PM,10/26/2016 3:27:49 PM,,,2,,,,,,,
302176,9340-2016-9978,1,False,9340,9/18/2016 10:10:00 AM,1010,088,1368,4313,San Jose,43,True,True,C,REAR END,,Sunday,NotApplicable,False,M,,False,True,False,Santa Clara Superior,C,OTHER MOTOR VEHICLE,,0,0,CLEAR,, NO UNUSUAL CONDITIONS,, Late-Reported,A,DAYLIGHT,37.341141,-121.927986,,,,,A,NO PEDESTRIANS INVOLVED,9/18/2016 12:00:00 AM,A,21658(a),False,1.0,INTERSTATE 880 SOUTHBOUND,,,10/26/2016 3:21:06 PM,A,S,600.0,COLEMAN AVENUE,F,,D,10/26/2016 3:21:40 PM,10/26/2016 3:21:40 PM,,,2,,,,,,,
302106,9340-2016-10686,1,False,9340,10/20/2016 8:40:00 AM,840,281,1368,4313,San Jose,43,True,True,C,REAR END,,Thursday,NotApplicable,False,,,False,True,False,Santa Clara Superior,C,OTHER MOTOR VEHICLE,,0,0,CLEAR,, NO UNUSUAL CONDITIONS,, ,A,DAYLIGHT,37.1906,-121.55208,,,,,A,NO PEDESTRIANS INVOLVED,10/20/2016 12:00:00 AM,A,22350,False,1.0,I-280 S/B,,,10/26/2016 2:48:01 PM,A,S,350.0,Leigh Ave,F,,D,10/26/2016 2:48:30 PM,10/26/2016 2:48:30 PM,,,2,,,,,,,
302101,9340-2016-10653,1,False,9340,10/19/2016 7:46:00 AM,746,120,1368,4313,San Jose,43,True,True,C,REAR END,,Wednesday,NotApplicable,False,,,False,True,False,Santa Clara Superior,C,OTHER MOTOR VEHICLE,,0,0,CLEAR,, NO UNUSUAL CONDITIONS,, ,A,DAYLIGHT,37.2231,-121.5001,,,,,A,NO PEDESTRIANS INVOLVED,10/19/2016 12:00:00 AM,D,,,,US101 N/B,,,10/26/2016 2:44:20 PM,A,N,2500.0,SR-87,F,,D,10/26/2016 2:44:53 PM,10/26/2016 2:44:53 PM,,,2,,,,,,,
301951,9340-2016-10644,1,False,9340,10/18/2016 4:10:00 PM,1610,282,1368,4313,San Jose,43,True,True,C,REAR END,,Tuesday,Yes,False,,,False,True,True,Santa Clara Superior,C,OTHER MOTOR VEHICLE,,0,0,CLEAR,, NO UNUSUAL CONDITIONS,, ,A,DAYLIGHT,37.19719,-121.592583,,,,,A,NO PEDESTRIANS INVOLVED,10/18/2016 12:00:00 AM,A,23152(a),True,1.0,I-280 N/B,,,10/26/2016 1:41:56 PM,A,S,1650.0,Lawrence Expy,F,,D,10/26/2016 1:42:35 PM,10/26/2016 1:42:35 PM,,,2,,,,,,,
301903,9340-2016-10662,1,False,9340,10/19/2016 3:30:00 PM,1530,087,1368,4313,San Jose,43,True,True,E,HIT OBJECT,,Wednesday,NotApplicable,False,,,False,True,False,Santa Clara Superior,I,FIXED OBJECT,CONCRETE WALL,0,0,CLEAR,, NO UNUSUAL CONDITIONS,, ,A,DAYLIGHT,37.19432,-121.53424,,,,,A,NO PEDESTRIANS INVOLVED,10/19/2016 12:00:00 AM,A,22107,False,1.0,SR-87 N/B,,,10/26/2016 1:18:46 PM,A,N,2000.0,I-280,F,,D,10/26/2016 1:19:27 PM,10/26/2016 1:19:27 PM,,,2,,,,,,,
301687,9340-2016-10013,1,False,9340,9/19/2016 8:23:00 PM,2023,089,1368,4313,San Jose,43,True,True,B,SIDE SWIPE,,Monday,NotApplicable,False,,,False,True,False,Santa Clara Superior,C,OTHER MOTOR VEHICLE,,0,0,CLEAR,, NO UNUSUAL CONDITIONS,, ,C,DARK-STREET LIGHTS,37.362311,-121.903046,,,,,A,NO PEDESTRIANS INVOLVED,9/19/2016 12:00:00 AM,A,21658(a),False,1.0,I-880 N/B,,,10/26/2016 10:33:44 AM,A,S,300.0,US101,F,,D,10/26/2016 10:34:28 AM,10/26/2016 10:34:28 AM,,,2,,,,,,,
301666,9340-2016-10788,1,False,9340,10/25/2016 4:10:00 PM,1610,282,1368,4313,San Jose,43,True,True,C,REAR END,,Tuesday,NotApplicable,False,,,False,True,True,Santa Clara Superior,C,OTHER MOTOR VEHICLE,,0,0,CLOUDY,, NO UNUSUAL CONDITIONS,, ,A,DAYLIGHT,37.32043,-121.99399,,,,,A,NO PEDESTRIANS INVOLVED,10/25/2016 12:00:00 AM,A,22350,False,1.0,I-280 N/B TO LAWRENCE EXPRESSWAY,,,10/26/2016 10:20:12 AM,A,S,300.0,LAWRENCE EXPRESSWAY,F,,D,10/26/2016 10:20:46 AM,10/26/2016 10:20:46 AM,,,2,,,,,,,
301664,9340-2016-10166,1,False,9340,9/20/2016 3:40:00 PM,1540,087,1368,4313,San Jose,43,True,True,C,REAR END,,Tuesday,NotApplicable,False,M,,False,True,False,Santa Clara Superior,C,OTHER MOTOR VEHICLE,,0,0,CLEAR,, NO UNUSUAL CONDITIONS,, ,A,DAYLIGHT,37.31778,-121.88928,,,,,A,NO PEDESTRIANS INVOLVED,9/20/2016 12:00:00 AM,A,22350,False,1.0,SR-87 N/B,,,10/26/2016 10:19:25 AM,A,S,1000.0,Virginia St,F,,D,10/26/2016 10:20:01 AM,10/26/2016 10:20:01 AM,,,2,,,,,,,
301634,9340-2016-9144,1,False,9340,8/9/2016 4:30:00 PM,1630,083,1368,4313,San Jose,43,True,True,C,REAR END,,Tuesday,NotApplicable,False,,,False,True,True,Santa Clara Superior,C,OTHER MOTOR VEHICLE,,1,0,CLEAR,, NO UNUSUAL CONDITIONS,, ,A,DAYLIGHT,37.250753,-121.930627,,,,,A,NO PEDESTRIANS INVOLVED,8/9/2016 12:00:00 AM,A,22350,False,1.0,SR-85 S/B,,,10/26/2016 10:05:27 AM,A,S,300.0,Union Avenue,F,,D,10/26/2016 10:06:01 AM,10/26/2016 10:06:01 AM,,,2,,,,,,,
301611,9340-2016-10781,1,False,9340,10/25/2016 9:30:00 AM,930,110,1368,4313,San Jose,43,True,True,C,REAR END,,Tuesday,NotApplicable,False,,,False,True,False,Santa Clara Superior,C,OTHER MOTOR VEHICLE,,0,0,CLOUDY,, NO UNUSUAL CONDITIONS,, ,A,DAYLIGHT,37.36302,-121.88938,N,10.0,101 SCL 37.726,F,A,NO PEDESTRIANS INVOLVED,10/25/2016 12:00:00 AM,A,22350,False,1.0,US-101 N.B.,,,10/26/2016 9:54:34 AM,A,S,200.0,OLD OAKLAND ROAD,F,,D,10/26/2016 9:55:06 AM,10/26/2016 9:55:06 AM,,,2,,,,,,,
301601,9340-2016-10777,1,False,9340,10/24/2016 11:40:00 PM,2340,900,1368,4313,San Jose,43,True,True,E,HIT OBJECT,,Monday,Yes,False,,,False,True,True,Santa Clara Superior,I,FIXED OBJECT,TREE,1,0,CLOUDY,, NO UNUSUAL CONDITIONS,, ,D,DARK-NO STREET LIGHTS,37.26657,-121.85945,,,,,A,NO PEDESTRIANS INVOLVED,10/24/2016 12:00:00 AM,A,22107,False,1.0,SR-87 S/B,,,10/26/2016 9:45:06 AM,A,N,80.0,Branham Ln,F,,D,10/26/2016 9:45:51 AM,10/26/2016 9:45:51 AM,,,2,,,,,,,
301590,9340-2016-10772,1,False,9340,10/24/2016 7:07:00 PM,1907,088,1368,4313,San Jose,43,True,True,C,REAR END,,Monday,NotApplicable,False,,,False,True,False,Santa Clara Superior,C,OTHER MOTOR VEHICLE,,0,0,CLOUDY,, NO UNUSUAL CONDITIONS,, ,D,DARK-NO STREET LIGHTS,37.326543,-121.940633,,,,,A,NO PEDESTRIANS INVOLVED,10/24/2016 12:00:00 AM,A,22350,False,1.0,I-880 N/B,,,10/26/2016 9:35:41 AM,A,N,1183.0,Stevens Creek Blvd,F,,D,10/26/2016 9:36:15 AM,10/26/2016 9:36:15 AM,,,2,,,,,,,
301555,9340-2016-10407,1,False,9340,9/23/2016 2:15:00 PM,1415,281,1368,4313,San Jose,43,True,True,C,REAR END,,Friday,NotApplicable,False,M,,False,True,False,Santa Clara Superior,C,OTHER MOTOR VEHICLE,,0,0,CLEAR,, NO UNUSUAL CONDITIONS,, Late-Reported,A,DAYLIGHT,37.3182,-121.9026,,,,,A,NO PEDESTRIANS INVOLVED,9/23/2016 12:00:00 AM,A,22350,False,1.0,I-280 S/B,,,10/26/2016 9:20:19 AM,A,N,2000.0,Bird Ave,F,,D,10/26/2016 9:21:11 AM,10/26/2016 9:21:11 AM,,,2,,,,,,,
301553,9340-2016-10778,1,False,9340,10/24/2016 10:55:00 PM,2255,281,1368,4313,San Jose,43,True,True,B,SIDE SWIPE,,Monday,Yes,False,,,False,True,True,Santa Clara Superior,C,OTHER MOTOR VEHICLE,,1,0,CLOUDY,, NO UNUSUAL CONDITIONS,, ,D,DARK-NO STREET LIGHTS,37.320419,-121.901088,,,,,A,NO PEDESTRIANS INVOLVED,10/24/2016 12:00:00 AM,A,23152(a),True,1.0,I-280 N/B,,,10/26/2016 9:20:04 AM,A,N,1500.0,Bird Ave,F,,D,10/26/2016 9:20:44 AM,10/26/2016 9:20:44 AM,,,2,,,,,,,
301527,9340-2016-10463,1,False,9340,10/9/2016 7:20:00 PM,1920,610,1368,4313,San Jose,43,True,True,C,REAR END,,Sunday,NotApplicable,False,F,,False,True,True,Santa Clara Superior,C,OTHER MOTOR VEHICLE,,0,0,CLEAR,, NO UNUSUAL CONDITIONS,, ,D,DARK-NO STREET LIGHTS,37.3307,-121.9949,,,,,A,NO PEDESTRIANS INVOLVED,10/9/2016 12:00:00 AM,A,22350,False,1.0,Lawrence Expy,,,10/26/2016 8:58:30 AM,A,S,440.0,Pruneridge Ave,F,,D,10/26/2016 8:59:07 AM,10/26/2016 8:59:07 AM,,,2,,,,,,,
301522,9340-2016-10722,1,False,9340,10/21/2016 6:45:00 PM,1845,089,1368,4313,San Jose,43,True,True,C,REAR END,,Friday,NotApplicable,False,,,False,True,False,Santa Clara Superior,C,OTHER MOTOR VEHICLE,,0,0,CLEAR,, NO UNUSUAL CONDITIONS,, ,C,DARK-STREET LIGHTS,37.23122,-121.54202,,,,,A,NO PEDESTRIANS INVOLVED,10/21/2016 12:00:00 AM,A,22350,False,1.0,I880 SB,,,10/26/2016 8:53:59 AM,A,N,1000.0,Brokaw Rd,F,,D,10/26/2016 8:55:08 AM,10/26/2016 8:55:08 AM,,,2,,,,,,,
301340,9340-2016-10786,1,False,9340,10/21/2016 5:00:00 PM,1700,120,1368,4313,San Jose,43,True,True,B,SIDE SWIPE,,Friday,NotApplicable,False,,,False,True,False,Santa Clara Superior,A,NON-COLLISION,,0,0,CLEAR,, NO UNUSUAL CONDITIONS,, ,A,DAYLIGHT,37.36351,-121.89725,,,,,A,NO PEDESTRIANS INVOLVED,10/21/2016 12:00:00 AM,A,21658(a),False,1.0,US-101 S/B,,,10/26/2016 6:32:38 AM,A,N,400.0,OAKLAND ROAD,F,,D,10/26/2016 6:33:07 AM,10/26/2016 6:33:07 AM,,,2,,,,,,,
301320,9340-2016-10714,1,False,9340,10/21/2016 5:25:00 PM,1725,087,1368,4313,San Jose,43,True,True,C,REAR END,,Friday,NotApplicable,False,,,False,True,False,Santa Clara Superior,C,OTHER MOTOR VEHICLE,,0,0,CLEAR,, NO UNUSUAL CONDITIONS,, ,A,DAYLIGHT,37.1916,-121.5324,,,,,A,NO PEDESTRIANS INVOLVED,10/21/2016 12:00:00 AM,A,22350,False,1.0,SR-87 N/B TO I-280 S/B,,,10/26/2016 6:21:50 AM,A,S,1000.0,I-280,F,,D,10/26/2016 6:22:20 AM,10/26/2016 6:22:20 AM,,,2,,,,,,,
301311,9340-2016-10700,1,False,9340,10/20/2016 6:10:00 PM,1810,681,1368,4313,San Jose,43,True,True,B,SIDE SWIPE,,Thursday,NotApplicable,False,,,False,True,True,Santa Clara Superior,C,OTHER MOTOR VEHICLE,,2,0,CLEAR,, NO UNUSUAL CONDITIONS,, ,A,DAYLIGHT,37.34622,-121.84248,,,,,A,NO PEDESTRIANS INVOLVED,10/20/2016 12:00:00 AM,A,21658(a),False,1.0,I-680 N/B,,,10/26/2016 6:02:43 AM,A,N,500.0,KING ROAD,F,,D,10/26/2016 6:03:16 AM,10/26/2016 6:03:16 AM,,,2,,,,,,,
301309,9340-2016-10663,1,False,9340,10/19/2016 5:25:00 PM,1725,901,1368,4313,San Jose,43,True,True,D,BROADSIDE,,Wednesday,NotApplicable,False,,,False,False,False,Santa Clara Superior,C,OTHER MOTOR VEHICLE,,0,0,CLEAR,, NO UNUSUAL CONDITIONS,, School Bus Collision,A,DAYLIGHT,37.42665,-121.97081,,,,,A,NO PEDESTRIANS INVOLVED,10/19/2016 12:00:00 AM,A,22107,False,1.0,Grand Ave,,,10/26/2016 5:59:30 AM,A,E,400.0,NORTH FIRST ST,F,,D,10/26/2016 6:00:13 AM,10/26/2016 6:00:13 AM,,,2,,,,,,,
301307,9340-2016-10634,1,False,9340,10/18/2016 5:50:00 AM,550,230,1368,4313,San Jose,43,True,True,C,REAR END,,Tuesday,NotApplicable,False,,,False,True,True,Santa Clara Superior,C,OTHER MOTOR VEHICLE,,1,0,CLEAR,, NO UNUSUAL CONDITIONS,, ,B,DUSK-DAWN,37.423123,-121.923236,,,,,A,NO PEDESTRIANS INVOLVED,10/18/2016 12:00:00 AM,A,22350,False,1.0,SR-237 E/B,,,10/26/2016 5:55:12 AM,A,W,10.0,McCarthy Blvd,F,,D,10/26/2016 5:55:45 AM,10/26/2016 5:55:45 AM,,,2,,,,,,,
301039,9340-2016-10638,1,False,9340,10/18/2016 8:17:00 AM,817,110,1368,4313,San Jose,43,True,True,C,REAR END,,Tuesday,NotApplicable,False,M,,False,True,True,Santa Clara Superior,C,OTHER MOTOR VEHICLE,,0,0,CLEAR,, NO UNUSUAL CONDITIONS,, ,A,DAYLIGHT,37.329515,-121.842133,,,,,A,NO PEDESTRIANS INVOLVED,10/18/2016 12:00:00 AM,A,21658(a),False,1.0,US101 S/B,,,10/25/2016 3:14:17 PM,A,N,2000.0,Tully Rd,F,,D,10/25/2016 3:14:50 PM,10/25/2016 3:14:50 PM,,,2,,,,,,,
300992,9340-2016-10410,1,False,9340,10/6/2016 8:40:00 PM,2040,240,1368,4313,San Jose,43,True,True,C,REAR END,,Thursday,NotApplicable,False,M,,False,True,False,Santa Clara Superior,C,OTHER MOTOR VEHICLE,,0,0,CLEAR,, NO UNUSUAL CONDITIONS,, ,D,DARK-NO STREET LIGHTS,37.416465,-121.975527,,,,,A,NO PEDESTRIANS INVOLVED,10/6/2016 12:00:00 AM,A,22350,False,1.0,SR-237 E/B,,,10/25/2016 2:52:47 PM,A,W,500.0,Great America Pky,F,,D,10/25/2016 2:53:17 PM,10/25/2016 2:53:17 PM,,,2,,,,,,,
300987,9340-2016-10768,1,False,9340,10/24/2016 4:15:00 PM,1615,281,1368,4313,San Jose,43,True,True,B,SIDE SWIPE,,Monday,Yes,False,,,False,True,True,Santa Clara Superior,C,OTHER MOTOR VEHICLE,,1,0,CLEAR,, NO UNUSUAL CONDITIONS,, ,A,DAYLIGHT,37.329012,-121.870211,,,,,A,NO PEDESTRIANS INVOLVED,10/24/2016 12:00:00 AM,A,21658(a),False,1.0,I-280 N/B,,,10/25/2016 2:50:42 PM,A,S,400.0,11th Street,F,,D,10/25/2016 2:51:28 PM,10/25/2016 2:51:28 PM,,,2,,,,,,,
300925,9340-2016-10774,1,False,9340,10/24/2016 7:08:00 PM,1908,088,1368,4313,San Jose,43,True,True,C,REAR END,,Monday,NotApplicable,False,,,False,True,False,Santa Clara Superior,C,OTHER MOTOR VEHICLE,,0,0,CLOUDY,, NO UNUSUAL CONDITIONS,, ,D,DARK-NO STREET LIGHTS,37.326543,-121.940633,,,,,A,NO PEDESTRIANS INVOLVED,10/24/2016 12:00:00 AM,A,22350,False,1.0,I-880 N/B,,,10/25/2016 2:24:15 PM,A,N,1174.0,Stevens Creek Blvd,F,,D,10/25/2016 2:24:48 PM,10/25/2016 2:24:48 PM,,,2,,,,,,,
300781,9340-2016-10717,1,False,9340,10/21/2016 7:45:00 PM,1945,282,1368,4313,San Jose,43,True,True,C,REAR END,,Friday,NotApplicable,False,,,False,True,True,Santa Clara Superior,C,OTHER MOTOR VEHICLE,,0,0,CLEAR,, NO UNUSUAL CONDITIONS,, ,D,DARK-NO STREET LIGHTS,37.31659,-121.9624,,,,,A,NO PEDESTRIANS INVOLVED,10/21/2016 12:00:00 AM,A,22350,False,1.0,I-280 S/B,,,10/25/2016 1:04:36 PM,A,N,3500.0,WINCHESTER BOULEVARD,F,,D,10/25/2016 1:05:21 PM,10/25/2016 1:05:21 PM,,,2,,,,,,,
300627,9340-2016-10767,1,False,9340,10/24/2016 3:10:00 PM,1510,120,1368,4313,San Jose,43,True,True,F,OVERTURNED,,Monday,NotApplicable,False,,,False,True,True,Santa Clara Superior,A,NON-COLLISION,,0,0,CLEAR,, NO UNUSUAL CONDITIONS,, ,A,DAYLIGHT,37.373717,-121.928355,,,,,A,NO PEDESTRIANS INVOLVED,10/24/2016 12:00:00 AM,A,22107,False,1.0,US-101 SOUTHBOUND,,,10/25/2016 11:43:13 AM,A,S,20.0,STATE ROUTE 87 O/C,F,,D,10/25/2016 11:43:46 AM,10/25/2016 11:43:46 AM,,,2,,,,,,,
300611,9340-2016-10761,1,False,9340,10/24/2016 9:05:00 AM,905,087,1368,4313,San Jose,43,True,True,C,REAR END,,Monday,NotApplicable,False,,,False,True,False,Santa Clara Superior,C,OTHER MOTOR VEHICLE,,0,0,CLOUDY,, NO UNUSUAL CONDITIONS,, ,A,DAYLIGHT,37.368629,-121.924637,,,,,A,NO PEDESTRIANS INVOLVED,10/24/2016 12:00:00 AM,A,22350 VC,False,1.0,STATE ROUTE 87 NORTHBOUND,,,10/25/2016 11:37:01 AM,A,N,300.0,SKYPORT DRIVE,F,,D,10/25/2016 11:37:29 AM,10/25/2016 11:37:29 AM,,,2,,,,,,,
300602,9340-2016-10748,1,False,9340,10/23/2016 6:45:00 PM,1845,681,1368,4313,San Jose,43,True,True,E,HIT OBJECT,,Sunday,NotApplicable,False,,,False,True,False,Santa Clara Superior,J,OTHER OBJECT,Tire Tread,0,0,CLEAR,, NO UNUSUAL CONDITIONS,, ,C,DARK-STREET LIGHTS,37.38566,-121.86395,,,,,A,NO PEDESTRIANS INVOLVED,10/23/2016 12:00:00 AM,C,,,,I-680 N/B,,,10/25/2016 11:32:45 AM,A,N,100.0,Berryessa Rd,F,,D,10/25/2016 11:33:15 AM,10/25/2016 11:33:15 AM,,,2,,,,,,,
300591,9340-2016-10740,1,False,9340,10/23/2016 10:00:00 AM,1000,240,1368,4313,San Jose,43,True,True,C,REAR END,,Sunday,NotApplicable,False,,,False,True,True,Santa Clara Superior,C,OTHER MOTOR VEHICLE,,0,0,CLEAR,, NO UNUSUAL CONDITIONS,, ,A,DAYLIGHT,37.42065,-121.93854,,,,,A,NO PEDESTRIANS INVOLVED,10/23/2016 12:00:00 AM,A,22350,False,1.0,SR-237 W/B,,,10/25/2016 11:28:59 AM,A,E,100.0,ZANKER ROAD,F,,D,10/25/2016 11:29:31 AM,10/25/2016 11:29:31 AM,,,2,,,,,,,
300583,9340-2016-10742,1,False,9340,10/23/2016 12:50:00 PM,1250,110,1368,4313,San Jose,43,True,True,C,REAR END,,Sunday,NotApplicable,False,,,False,True,False,Santa Clara Superior,C,OTHER MOTOR VEHICLE,,0,0,CLEAR,, NO UNUSUAL CONDITIONS,, ,A,DAYLIGHT,37.3501,-121.8608,,,,,A,NO PEDESTRIANS INVOLVED,10/23/2016 12:00:00 AM,A,22350,False,1.0, US101 NB TO ALUM ROCK AVE,,,10/25/2016 11:26:36 AM,A,S,20.0,Alum Rock Ave,F,,D,10/25/2016 11:27:11 AM,10/25/2016 11:27:11 AM,,,2,,,,,,,
300414,9340-2016-10736,1,False,9340,10/22/2016 6:45:00 PM,1845,282,1368,4313,San Jose,43,True,True,C,REAR END,,Saturday,NotApplicable,False,,,False,True,False,Santa Clara Superior,C,OTHER MOTOR VEHICLE,,0,0,CLEAR,, NO UNUSUAL CONDITIONS,, ,B,DUSK-DAWN,37.1958,-121.5828,,,,,A,NO PEDESTRIANS INVOLVED,10/22/2016 12:00:00 AM,A,22350,False,1.0,I-280 N/B TO SARATOGA AVE S/B,,,10/25/2016 10:22:10 AM,A,S,40.0,Saratoga Ave,F,,D,10/25/2016 10:22:43 AM,10/25/2016 10:22:43 AM,,,2,,,,,,,
300406,9340-2016-10735,1,False,9340,10/22/2016 7:00:00 PM,1900,681,1368,4313,San Jose,43,True,True,C,REAR END,,Saturday,NotApplicable,False,,,False,True,False,Santa Clara Superior,C,OTHER MOTOR VEHICLE,,1,0,CLEAR,, NO UNUSUAL CONDITIONS,, ,C,DARK-STREET LIGHTS,37.36832,-121.8467,,,,,A,NO PEDESTRIANS INVOLVED,10/22/2016 12:00:00 AM,A,22350,False,1.0,I-680 S/B,,,10/25/2016 10:18:29 AM,A,N,450.0,McKee Rd,F,,D,10/25/2016 10:19:02 AM,10/25/2016 10:19:02 AM,,,2,,,,,,,
300398,9340-2016-10727,1,False,9340,10/22/2016 12:10:00 PM,1210,281,1368,4313,San Jose,43,True,True,C,REAR END,,Saturday,NotApplicable,False,,,False,True,False,Santa Clara Superior,C,OTHER MOTOR VEHICLE,,1,0,CLEAR,, NO UNUSUAL CONDITIONS,, ,A,DAYLIGHT,37.1856,-121.5426,,,,,A,NO PEDESTRIANS INVOLVED,10/22/2016 12:00:00 AM,A,22350,False,1.0,I-280 N/B,,,10/25/2016 10:16:01 AM,A,S,250.0,Race St,F,,D,10/25/2016 10:16:33 AM,10/25/2016 10:16:33 AM,,,2,,,,,,,
300378,9340-2016-10725,1,False,9340,10/22/2016 5:20:00 AM,520,681,1368,4313,San Jose,43,True,True,B,SIDE SWIPE,,Saturday,NotApplicable,False,M,,False,True,True,Santa Clara Superior,C,OTHER MOTOR VEHICLE,,0,0,CLEAR,, NO UNUSUAL CONDITIONS,, ,D,DARK-NO STREET LIGHTS,37.34011,-121.85096,,,,,A,NO PEDESTRIANS INVOLVED,10/22/2016 12:00:00 AM,A,22107,False,1.0,I-680 N/B,,,10/25/2016 10:10:19 AM,A,S,500.0,King Rd,F,,D,10/25/2016 10:10:47 AM,10/25/2016 10:10:47 AM,,,2,,,,,,,
300357,9340-2016-10718,1,False,9340,10/21/2016 3:55:00 PM,1555,087,1368,4313,San Jose,43,True,True,B,SIDE SWIPE,,Friday,NotApplicable,False,,,False,True,False,Santa Clara Superior,C,OTHER MOTOR VEHICLE,,0,0,CLEAR,, NO UNUSUAL CONDITIONS,, ,A,DAYLIGHT,37.198,-121.5324,,,,,A,NO PEDESTRIANS INVOLVED,10/21/2016 12:00:00 AM,A,22107,False,1.0,SR-87 S/B TO ALMA AVE,,,10/25/2016 10:02:11 AM,A,N,300.0,Alma Ave,F,,D,10/25/2016 10:02:50 AM,10/25/2016 10:02:50 AM,,,2,,,,,,,
300312,9340-2016-10726,1,False,9340,10/21/2016 7:45:00 PM,1945,681,1368,4313,San Jose,43,True,True,C,REAR END,,Friday,NotApplicable,False,,,False,True,True,Santa Clara Superior,C,OTHER MOTOR VEHICLE,,0,0,CLEAR,, NO UNUSUAL CONDITIONS,, ,B,DUSK-DAWN,37.2054,-121.5024,,,,,A,NO PEDESTRIANS INVOLVED,10/21/2016 12:00:00 AM,A,22350,False,1.0,I-680 S/B,,,10/25/2016 9:43:26 AM,A,N,1000.0,King Rd,F,,D,10/25/2016 9:44:00 AM,10/25/2016 9:44:00 AM,,,2,,,,,,,