Collision Id,	Report Number,	Report Version,	Is Preliminary,	NCIC Code,Crash Date Time,	Crash Time Description,	Beat,City Id,	City Code,	City Name,County Code,	City Is Active,	City Is Incorporated,	Collision Type Code,Collision Type Description,	Collision Type Other Desc,	Day Of Week,	DispatchNotified,	HasPhotographs,	HitRun,	IsAttachmentsMailed,	IsDeleted,	IsHighwayRelated,	IsTowAway,	JudicialDistrict,	MotorVehicleInvolvedWithCode,	MotorVehicleInvolvedWithDesc,MotorVehicleInvolvedWithOtherDesc,	NumberInjured,	NumberKilled,Weather 1, Weather 2, Road Condition 1, Road Condition 2, Special Condition,LightingCode, LightingDescription,Latitude,Longitude,MilepostDirection,MilepostDistance,MilepostMarker,MilepostUnitOfMeasure,	PedestrianActionCode,PedestrianActionDesc,PreparedDate,	Primary Collision Factor Code,Primary Collision Factor Violation,PrimaryCollisionFactorIsCited,	PrimaryCollisionPartyNumber,	PrimaryRoad,	ReportingDistrict,	ReportingDistrictCode,ReviewedDate,	RoadwaySurfaceCode,SecondaryDirection,	SecondaryDistance,	SecondaryRoad,	SecondaryUnitOfMeasure,	SketchDesc,	TrafficControlDeviceCode,CreatedDate,	ModifiedDate,IsCountyRoad,IsFreeway,CHP555Version,	IsAdditonalObjectStruck,NotificationDate,	NotificationTimeDescription,	HasDigitalMediaFiles,	EvidenceNumber,	IsLocationReferToNarrative,	IsAOIOneSameAsLocation
315913,9340-2016-11049,1,False,9340,11/5/2016 7:50:00 AM,750,087,1368,4313,San Jose,43,True,True,F,OVERTURNED,,Saturday,Yes,False,,,False,True,True,Santa Clara Superior,A,NON-COLLISION,,0,0,CLEAR,, NO UNUSUAL CONDITIONS,, ,A,DAYLIGHT,37.26446,-121.85867,,,,,A,NO PEDESTRIANS INVOLVED,11/5/2016 12:00:00 AM,A,22107,False,1.0,SR-87 N/B,,,11/10/2016 8:16:55 AM,A,N,1300.0,Santa Teresa Blvd,F,,D,11/10/2016 8:17:25 AM,11/10/2016 8:17:25 AM,,,2,,,,,,,
315116,9340-2016-11023,1,False,9340,11/4/2016 3:00:00 PM,1500,281,1368,4313,San Jose,43,True,True,C,REAR END,,Friday,NotApplicable,False,,,False,True,True,Santa Clara Superior,C,OTHER MOTOR VEHICLE,,1,0,CLEAR,, NO UNUSUAL CONDITIONS,, ,A,DAYLIGHT,37.1925,-121.5335,,,,,A,NO PEDESTRIANS INVOLVED,11/4/2016 12:00:00 AM,A,22350,False,1.0,I-280 N/B,,,11/9/2016 12:10:31 PM,A,N,500.0,SR-87,F,,D,11/9/2016 12:11:20 PM,11/9/2016 12:11:20 PM,,,2,,,,,,,
315093,9340-2016-11041,1,False,9340,11/4/2016 4:05:00 PM,1605,089,1368,4313,San Jose,43,True,True,B,SIDE SWIPE,,Friday,NotApplicable,False,M,,False,True,False,Santa Clara Superior,C,OTHER MOTOR VEHICLE,,0,0,CLEAR,, NO UNUSUAL CONDITIONS,, ,A,DAYLIGHT,37.371394,-121.901943,,,,,A,NO PEDESTRIANS INVOLVED,11/4/2016 12:00:00 AM,A,22107,False,1.0,I-880 S/B,,,11/9/2016 11:52:12 AM,A,N,900.0,US-101,F,,D,11/9/2016 11:52:41 AM,11/9/2016 11:52:41 AM,,,2,,,,,,,
315076,9340-2016-11031,1,False,9340,11/4/2016 7:35:00 PM,1935,281,1368,4313,San Jose,43,True,True,B,SIDE SWIPE,,Friday,NotApplicable,False,,,False,True,False,Santa Clara Superior,C,OTHER MOTOR VEHICLE,,2,0,CLEAR,, NO UNUSUAL CONDITIONS,, ,D,DARK-NO STREET LIGHTS,37.3172,-121.9369,,,,,A,NO PEDESTRIANS INVOLVED,11/5/2016 12:00:00 AM,A,22350,False,1.0,I-280 S/B,,,11/9/2016 11:32:54 AM,A,S,350.0,I-880,F,,D,11/9/2016 11:33:29 AM,11/9/2016 11:33:29 AM,,,2,,,,,,,
314998,9340-2016-11024,1,False,9340,11/4/2016 6:50:00 PM,1850,110,1368,4313,San Jose,43,True,True,B,SIDE SWIPE,,Friday,NotApplicable,False,,,False,True,False,Santa Clara Superior,C,OTHER MOTOR VEHICLE,,0,0,CLEAR,, NO UNUSUAL CONDITIONS,, ,A,DAYLIGHT,37.34541,-121.8578,,,,,A,NO PEDESTRIANS INVOLVED,11/4/2016 12:00:00 AM,A,22107,False,1.0,US-101 S/B,,,11/9/2016 10:35:54 AM,A,S,2000.0,ALUM ROCK AVENUE,F,,D,11/9/2016 10:36:23 AM,11/9/2016 10:36:23 AM,,,2,,,,,,,
314957,9340-2016-10992,1,False,9340,11/3/2016 7:30:00 PM,1930,520,1368,4313,San Jose,43,True,True,C,REAR END,,Thursday,NotApplicable,False,,,False,False,False,Santa Clara Superior,C,OTHER MOTOR VEHICLE,,0,0,CLEAR,, NO UNUSUAL CONDITIONS,, ,D,DARK-NO STREET LIGHTS,37.1955,-121.57511,,,,,A,NO PEDESTRIANS INVOLVED,11/3/2016 12:00:00 AM,A,22350,False,1.0,SAN TOMAS EXPY S/B,,,11/9/2016 10:15:23 AM,A,N,850.0,Moorpark Ave,F,,D,11/9/2016 10:15:54 AM,11/9/2016 10:15:54 AM,,,2,,,,,,,
314944,9340-2016-10991,1,False,9340,11/3/2016 6:12:00 PM,1812,282,1368,4313,San Jose,43,True,True,C,REAR END,,Thursday,NotApplicable,False,,,False,True,False,Santa Clara Superior,C,OTHER MOTOR VEHICLE,,0,0,CLEAR,, NO UNUSUAL CONDITIONS,, ,D,DARK-NO STREET LIGHTS,37.19057,-121.56532,,,,,A,NO PEDESTRIANS INVOLVED,11/3/2016 12:00:00 AM,A,22350,False,1.0,I-280 N/B,,,11/9/2016 10:10:37 AM,A,N,2300.0,SR-17,F,,D,11/9/2016 10:11:11 AM,11/9/2016 10:11:11 AM,,,2,,,,,,,
314804,9340-2016-10995,1,False,9340,11/3/2016 4:50:00 PM,1650,282,1368,4313,San Jose,43,True,True,C,REAR END,,Thursday,NotApplicable,False,,,False,True,False,Santa Clara Superior,C,OTHER MOTOR VEHICLE,,0,0,CLEAR,, NO UNUSUAL CONDITIONS,, ,A,DAYLIGHT,37.3167,-121.94791,,,,,A,NO PEDESTRIANS INVOLVED,11/3/2016 12:00:00 AM,A,22350,False,1.0,I-280 S/B,,,11/9/2016 8:43:53 AM,A,N,1000.0,SR-17,F,,D,11/9/2016 8:44:37 AM,11/9/2016 8:44:37 AM,,,2,,,,,,,
314768,9340-2016-10997,1,False,9340,11/3/2016 6:45:00 PM,1845,281,1368,4313,San Jose,43,True,True,C,REAR END,,Thursday,Yes,False,,,False,True,True,Santa Clara Superior,C,OTHER MOTOR VEHICLE,,3,0,CLEAR,, NO UNUSUAL CONDITIONS,, ,C,DARK-STREET LIGHTS,37.19403,-121.52279,,,,,A,NO PEDESTRIANS INVOLVED,11/3/2016 12:00:00 AM,A,22350,False,1.0,i280 sb,,,11/9/2016 8:12:38 AM,A,S,500.0,7th St,F,,D,11/9/2016 8:13:21 AM,11/9/2016 8:13:21 AM,,,2,,,,,,,
314451,9340-2016-10826,1,False,9340,10/26/2016 5:55:00 PM,1755,089,1368,4313,San Jose,43,True,True,B,SIDE SWIPE,,Wednesday,NotApplicable,False,,,False,True,False,Santa Clara Superior,C,OTHER MOTOR VEHICLE,,0,0,CLEAR,, NO UNUSUAL CONDITIONS,, ,A,DAYLIGHT,37.224101,-121.541294,,,,,A,NO PEDESTRIANS INVOLVED,10/26/2016 12:00:00 AM,A,22350,False,1.0,I-880 S/B,,,11/8/2016 3:08:19 PM,A,S,1500.0,BROKAW ROAD,F,,D,11/8/2016 3:08:47 PM,11/8/2016 3:08:47 PM,,,2,,,,,,,
314351,9340-2016-11018,1,False,9340,11/3/2016 7:05:00 PM,1905,088,1368,4313,San Jose,43,True,True,B,SIDE SWIPE,,Thursday,NotApplicable,False,,,False,True,False,Santa Clara Superior,C,OTHER MOTOR VEHICLE,,0,0,CLEAR,, NO UNUSUAL CONDITIONS,, ,D,DARK-NO STREET LIGHTS,37.361052,-121.90428,,,,,A,NO PEDESTRIANS INVOLVED,11/3/2016 12:00:00 AM,A,21658(a),False,2.0,I-880 N/B,,,11/8/2016 2:14:33 PM,A,N,150.0,1st Street,F,,D,11/8/2016 2:15:06 PM,11/8/2016 2:15:06 PM,,,2,,,,,,,
314323,9340-2016-11003,1,False,9340,11/3/2016 7:00:00 PM,1900,681,1368,4313,San Jose,43,True,True,C,REAR END,,Thursday,NotApplicable,False,,,False,True,False,Santa Clara Superior,C,OTHER MOTOR VEHICLE,,0,0,CLEAR,, NO UNUSUAL CONDITIONS,, ,C,DARK-STREET LIGHTS,37.34758,-121.84133,,,,,A,NO PEDESTRIANS INVOLVED,11/3/2016 12:00:00 AM,A,22350,False,1.0,I-680 S/B,,,11/8/2016 2:02:44 PM,A,N,1000.0,KING ROAD,F,,D,11/8/2016 2:03:19 PM,11/8/2016 2:03:19 PM,,,2,,,,,,,
314236,9340-2016-11002,1,False,9340,11/3/2016 7:28:00 PM,1928,088,1368,4313,San Jose,43,True,True,C,REAR END,,Thursday,NotApplicable,False,,,False,True,False,Santa Clara Superior,C,OTHER MOTOR VEHICLE,,0,0,CLEAR,, NO UNUSUAL CONDITIONS,, ,C,DARK-STREET LIGHTS,37.343352,-121.925443,,,,,A,NO PEDESTRIANS INVOLVED,11/3/2016 12:00:00 AM,A,22350,False,2.0,INTERSTATE 880 SOUTHBOUND,,,11/8/2016 1:29:49 PM,A,N,300.0,THE ALAMEDA O/C,F,,D,11/8/2016 1:30:18 PM,11/8/2016 1:30:18 PM,,,2,,,,,,,
314189,9340-2016-10944,1,False,9340,11/1/2016 3:48:00 PM,1548,083,1368,4313,San Jose,43,True,True,B,SIDE SWIPE,,Tuesday,NotApplicable,False,,,False,True,False,Santa Clara Superior,C,OTHER MOTOR VEHICLE,,0,0,CLEAR,, NO UNUSUAL CONDITIONS,, ,A,DAYLIGHT,37.25314,-121.9444,,,,,A,NO PEDESTRIANS INVOLVED,11/1/2016 12:00:00 AM,A,21658(a),False,1.0,SR-85 S/B,,,11/8/2016 1:12:58 PM,A,S,2043.0,Bascom Ave,F,,D,11/8/2016 1:13:25 PM,11/8/2016 1:13:25 PM,,,2,,,,,,,
313908,9340-2016-10971,1,False,9340,11/2/2016 6:10:00 PM,1810,089,1368,4313,San Jose,43,True,True,C,REAR END,,Wednesday,NotApplicable,False,,,False,True,False,Santa Clara Superior,C,OTHER MOTOR VEHICLE,,0,0,CLEAR,, NO UNUSUAL CONDITIONS,, ,B,DUSK-DAWN,37.205048,-121.551202,,,,,A,NO PEDESTRIANS INVOLVED,11/2/2016 12:00:00 AM,A,22350,False,1.0,I-880 N/B,,,11/8/2016 10:44:37 AM,A,S,700.0,Coleman Ave,F,,D,11/8/2016 10:45:05 AM,11/8/2016 10:45:05 AM,,,2,,,,,,,
313878,9340-2016-10964,1,False,9340,11/2/2016 10:06:00 AM,1006,083,1368,4313,San Jose,43,True,True,C,REAR END,,Wednesday,NotApplicable,False,,,False,True,True,Santa Clara Superior,C,OTHER MOTOR VEHICLE,,0,0,CLEAR,, NO UNUSUAL CONDITIONS,, ,A,DAYLIGHT,37.250703,-121.927709,,,,,A,NO PEDESTRIANS INVOLVED,11/2/2016 12:00:00 AM,A,22350,False,1.0,State Route 85 (northbound),,,11/8/2016 10:35:27 AM,A,S,0.2,Union Avenue,M,,D,11/8/2016 10:35:59 AM,11/8/2016 10:35:59 AM,,,2,,,,,,,
313859,9340-2016-10920,1,False,9340,11/1/2016 12:05:00 AM,5,681,1368,4313,San Jose,43,True,True,E,HIT OBJECT,,Tuesday,NotApplicable,False,,,False,True,True,Santa Clara Superior,J,OTHER OBJECT,METAL DEBRIS,0,0,CLEAR,, NO UNUSUAL CONDITIONS,, ,D,DARK-NO STREET LIGHTS,37.34632,-121.84244,,,,,A,NO PEDESTRIANS INVOLVED,11/1/2016 12:00:00 AM,C,,,,I-680 N/B,,,11/8/2016 10:28:07 AM,B,S,1500.0,Jackson Ave,F,,D,11/8/2016 10:28:44 AM,11/8/2016 10:28:44 AM,,,2,,,,,,,
313858,9340-2016-10921,1,False,9340,11/1/2016 12:10:00 AM,10,681,1368,4313,San Jose,43,True,True,E,HIT OBJECT,,Tuesday,NotApplicable,False,,,False,True,False,Santa Clara Superior,J,OTHER OBJECT,METAL DEBRIS,0,0,CLEAR,, NO UNUSUAL CONDITIONS,, ,C,DARK-STREET LIGHTS,37.34638,-121.84186,,,,,A,NO PEDESTRIANS INVOLVED,11/1/2016 12:00:00 AM,C,,,,I-680 N/B,,,11/8/2016 10:28:09 AM,B,S,1500.0,Jackson Ave,F,,D,11/8/2016 10:28:41 AM,11/8/2016 10:28:41 AM,,,2,,,,,,,
313844,9340-2016-10952,1,False,9340,11/1/2016 6:50:00 AM,650,172,1368,4313,San Jose,43,True,True,C,REAR END,,Tuesday,NotApplicable,False,,,False,True,True,Santa Clara Superior,C,OTHER MOTOR VEHICLE,,0,0,CLOUDY,, NO UNUSUAL CONDITIONS,, ,A,DAYLIGHT,37.182661,-121.562582,,,,,A,NO PEDESTRIANS INVOLVED,11/1/2016 12:00:00 AM,A,22350,False,1.0,SR-17N/B,,,11/8/2016 10:24:39 AM,B,S,3100.0,I-280,F,,D,11/8/2016 10:25:07 AM,11/8/2016 10:25:07 AM,,,2,,,,,,,
313841,9340-2016-10917,1,False,9340,10/31/2016 7:55:00 PM,1955,281,1368,4313,San Jose,43,True,True,C,REAR END,,Monday,NotApplicable,False,,,False,True,True,Santa Clara Superior,C,OTHER MOTOR VEHICLE,,0,0,CLOUDY,, NO UNUSUAL CONDITIONS,, ,C,DARK-STREET LIGHTS,37.316126,-121.917641,,,,,A,NO PEDESTRIANS INVOLVED,10/31/2016 12:00:00 AM,A,22350,False,1.0,I-280 S/B (FROM MOORPARK AVE.),,,11/8/2016 10:22:52 AM,A,N,367.0,Meridian Ave,F,,B,11/8/2016 10:23:21 AM,11/8/2016 10:23:21 AM,,,2,,,,,,,
313807,9340-2016-10903,1,False,9340,10/31/2016 11:00:00 AM,1100,083,1368,4313,San Jose,43,True,True,B,SIDE SWIPE,,Monday,NotApplicable,False,,,False,True,True,Santa Clara Superior,C,OTHER MOTOR VEHICLE,,0,0,CLEAR,, NO UNUSUAL CONDITIONS,, ,A,DAYLIGHT,37.254911,-121.95256,,,,,A,NO PEDESTRIANS INVOLVED,10/31/2016 12:00:00 AM,A,22107,False,1.0,State Route 85 (northbound),,,11/8/2016 10:03:05 AM,A,S,900.0,State Route 17,F,,D,11/8/2016 10:03:39 AM,11/8/2016 10:03:39 AM,,,2,,,,,,,
313785,9390-2016-8422,1,False,9340,10/27/2016 6:50:00 AM,650,083,1368,4313,San Jose,43,True,True,C,REAR END,,Thursday,NotApplicable,False,,,False,True,True,Santa Clara Superior,C,OTHER MOTOR VEHICLE,,0,0,CLOUDY,, NO UNUSUAL CONDITIONS,, ,B,DUSK-DAWN,,,N,0.3,85 SCL 1.80,M,A,NO PEDESTRIANS INVOLVED,10/27/2016 12:00:00 AM,A,22350,False,1.0,SR-85 NB,,,11/8/2016 9:47:18 AM,A,N,0.3,COTTLE RD O/C,M,,D,11/8/2016 9:47:51 AM,11/8/2016 9:47:51 AM,,,2,,,,,,,
313779,9340-2016-10928,1,False,9340,10/31/2016 4:25:00 PM,1625,120,1368,4313,San Jose,43,True,True,B,SIDE SWIPE,,Monday,Yes,False,,,False,True,True,Santa Clara Superior,C,OTHER MOTOR VEHICLE,,2,0,CLEAR,, NO UNUSUAL CONDITIONS,, ,A,DAYLIGHT,37.374407,-121.930914,,,,,A,NO PEDESTRIANS INVOLVED,10/31/2016 12:00:00 AM,A,21658(a),False,1.0,US-101 S/B,,,11/8/2016 9:45:28 AM,A,N,150.0,SR-87,F,,D,11/8/2016 9:46:08 AM,11/8/2016 9:46:08 AM,,,2,,,,,,,
313739,9330-2016-7750,1,False,9340,10/27/2016 7:55:00 AM,755,281,1368,4313,San Jose,43,True,True,C,REAR END,,Thursday,NotApplicable,False,,,False,True,True,Santa Clara Superior,C,OTHER MOTOR VEHICLE,,0,0,CLOUDY,, NO UNUSUAL CONDITIONS,, ,A,DAYLIGHT,37.334765,-121.860174,,,,,A,NO PEDESTRIANS INVOLVED,10/27/2016 12:00:00 AM,A,22107,False,1.0,I-280 N/B,,,11/8/2016 9:23:48 AM,B,N,200.0,McLAUGHIN Avenue,F,,D,11/8/2016 9:24:17 AM,11/8/2016 9:24:17 AM,,,2,,,,,,,
313729,9340-2016-10884,1,False,9340,10/30/2016 4:55:00 PM,1655,281,1368,4313,San Jose,43,True,True,C,REAR END,,Sunday,NotApplicable,False,M,,False,True,False,Santa Clara Superior,C,OTHER MOTOR VEHICLE,,0,0,CLEAR,, NO UNUSUAL CONDITIONS,, ,A,DAYLIGHT,37.3252,-121.88612,,,,,A,NO PEDESTRIANS INVOLVED,10/30/2016 12:00:00 AM,A,22350,False,1.0,I-280 N/B,,,11/8/2016 9:13:39 AM,A,S,200.0,Race St,F,,D,11/8/2016 9:14:06 AM,11/8/2016 9:14:06 AM,,,2,,,,,,,
313650,9340-2016-11028,1,False,9340,11/5/2016 12:50:00 AM,50,681,1368,4313,San Jose,43,True,True,E,HIT OBJECT,,Saturday,Yes,True,,,False,True,True,Santa Clara Superior,I,FIXED OBJECT,TREE,0,0,CLEAR,, NO UNUSUAL CONDITIONS,, ,C,DARK-STREET LIGHTS,37.39371,-121.87192,,,,,A,NO PEDESTRIANS INVOLVED,11/5/2016 12:00:00 AM,A,23152(a),True,1.0,I-680 N/B TO HOSTETTER RD,,,11/8/2016 8:25:23 AM,A,S,750.0,Hostetter Rd,F,,D,11/8/2016 8:26:00 AM,11/8/2016 8:26:00 AM,,,2,,,,,,,
313477,9340-2016-10730,1,False,9340,10/21/2016 11:00:00 PM,2300,681,1368,4313,San Jose,43,True,True,B,SIDE SWIPE,,Friday,NotApplicable,False,,,False,True,False,Santa Clara Superior,C,OTHER MOTOR VEHICLE,,0,0,CLEAR,, NO UNUSUAL CONDITIONS,, ,C,DARK-STREET LIGHTS,37.36668,-121.84508,,,,,A,NO PEDESTRIANS INVOLVED,10/22/2016 12:00:00 AM,A,21658(a),False,1.0,I-680 N/B,,,11/8/2016 4:58:01 AM,A,S,500.0,McKee Rd,F,,D,11/8/2016 4:58:35 AM,11/8/2016 4:58:35 AM,,,2,,,,,,,
313309,9725-2016-9088,1,False,9725,11/3/2016 12:00:00 PM,1200,085,1368,4313,San Jose,43,True,True,E,HIT OBJECT,,Thursday,NotApplicable,False,,,False,True,True,Santa Clara Superior,I,FIXED OBJECT,CONCRETE WALL,0,0,CLEAR,, NO UNUSUAL CONDITIONS,, ,A,DAYLIGHT,37.24102,-121.78025,,,,,A,NO PEDESTRIANS INVOLVED,11/3/2016 12:00:00 AM,A,22107,False,1.0,SR-85 N/b from Great Oaks Blvd. ,,,11/7/2016 3:40:29 PM,A,N,50.0,GREAT OAKS BLVD.,F,,D,11/7/2016 3:41:09 PM,11/7/2016 3:41:09 PM,,,2,,,,,,,
313292,9340-2016-10828,1,False,9340,10/26/2016 1:25:00 PM,1325,088,1368,4313,San Jose,43,True,True,C,REAR END,,Wednesday,NotApplicable,False,,,False,True,False,Santa Clara Superior,C,OTHER MOTOR VEHICLE,,0,0,CLEAR,, NO UNUSUAL CONDITIONS,, ,A,DAYLIGHT,37.35591,-121.90974,,,,,A,NO PEDESTRIANS INVOLVED,10/26/2016 12:00:00 AM,A,21658(a),False,1.0,I-880 S/B,,,11/7/2016 3:23:46 PM,A,S,1146.0,FIRST STREET,F,,D,11/7/2016 3:25:00 PM,11/7/2016 3:25:00 PM,,,2,,,,,,,
313281,9340-2016-10888,1,False,9340,10/30/2016 6:05:00 PM,1805,281,1368,4313,San Jose,43,True,True,B,SIDE SWIPE,,Sunday,Yes,False,,,False,True,True,Santa Clara Superior,C,OTHER MOTOR VEHICLE,,2,0,CLOUDY,, NO UNUSUAL CONDITIONS,, ,B,DUSK-DAWN,37.1928,-121.5322,,,,,A,NO PEDESTRIANS INVOLVED,10/30/2016 12:00:00 AM,A,22107,False,1.0,I-280 N/B,,,11/7/2016 3:18:02 PM,B,S,500.0,SR-87,F,,D,11/7/2016 3:19:07 PM,11/7/2016 3:19:07 PM,,,2,,,,,,,
313135,9340-2016-10894,1,False,9340,10/30/2016 10:00:00 PM,2200,120,1368,4313,San Jose,43,True,True,C,REAR END,,Sunday,NotApplicable,False,M,,False,True,False,Santa Clara Superior,C,OTHER MOTOR VEHICLE,,0,0,CLEAR,, NO UNUSUAL CONDITIONS,, ,C,DARK-STREET LIGHTS,37.39236,-122.00026,,,,,A,NO PEDESTRIANS INVOLVED,10/30/2016 12:00:00 AM,A,22350,False,1.0,US101 S/B,,,11/7/2016 2:02:56 PM,A,N,0.25,Lawrence Expy,M,,D,11/7/2016 2:03:25 PM,11/7/2016 2:03:25 PM,,,2,,,,,,,
313081,9340-2016-10846,1,False,9340,10/28/2016 8:40:00 AM,840,087,1368,4313,San Jose,43,True,True,E,HIT OBJECT,,Friday,NotApplicable,False,,,False,True,True,Santa Clara Superior,I,FIXED OBJECT,CONCRETE BARRIER,0,0,RAINING,, NO UNUSUAL CONDITIONS,, On-Duty Emergency Vehicle,A,DAYLIGHT,37.5041,-121.354,,,,,A,NO PEDESTRIANS INVOLVED,10/28/2016 12:00:00 AM,A,22107,False,1.0,SR-87 S/B,,,11/7/2016 1:34:04 PM,B,S,1115.0,Julian St,F,,D,11/7/2016 1:34:34 PM,11/7/2016 1:34:34 PM,,,2,,,,,,,
313036,9340-2016-10820,1,False,9340,10/26/2016 3:25:00 PM,1525,510,1368,4313,San Jose,43,True,True,B,SIDE SWIPE,,Wednesday,NotApplicable,True,M,,False,False,False,Santa Clara Superior,C,OTHER MOTOR VEHICLE,,0,0,CLEAR,, NO UNUSUAL CONDITIONS,, ,A,DAYLIGHT,37.32158,-121.96396,,,,,A,NO PEDESTRIANS INVOLVED,10/26/2016 12:00:00 AM,A,22107,False,1.0,SAN TOMAS EXPRESSWAY N/B,,,11/7/2016 1:16:49 PM,A,S,800.0,STEVENS CREEK BOULEVARD,F,,D,11/7/2016 1:17:29 PM,11/7/2016 1:17:29 PM,,,2,,,,,,,
313030,9340-2016-10912,1,False,9340,10/31/2016 3:40:00 PM,1540,901,1368,4313,San Jose,43,True,True,D,BROADSIDE,,Monday,NotApplicable,False,,,False,False,False,Santa Clara Superior,C,OTHER MOTOR VEHICLE,,0,0,CLEAR,, NO UNUSUAL CONDITIONS,, ,A,DAYLIGHT,37.344,-121.8471,,,,,A,NO PEDESTRIANS INVOLVED,10/31/2016 12:00:00 AM,A,22107,False,1.0,KING ROAD AND LAVONNE AVENUE,,,11/7/2016 1:13:48 PM,A,E,10.0,KING ROAD,F,,D,11/7/2016 1:14:26 PM,11/7/2016 1:14:26 PM,,,2,,,,,,,
313001,9340-2016-10904,1,False,9340,10/31/2016 6:00:00 AM,600,120,1368,4313,San Jose,43,True,True,E,HIT OBJECT,,Monday,Yes,False,,,False,True,True,Santa Clara Superior,I,FIXED OBJECT,CONCRETE MEDIAN,1,0,CLEAR,, NO UNUSUAL CONDITIONS,, ,C,DARK-STREET LIGHTS,37.374585,-121.929862,,,,,A,NO PEDESTRIANS INVOLVED,10/31/2016 12:00:00 AM,A,22107,False,1.0,US-101 NB (to trimble AVE.),,,11/7/2016 1:01:26 PM,B,N,500.0,SR-87,F,,D,11/7/2016 1:02:10 PM,11/7/2016 1:02:10 PM,,,2,,,,,,,
312977,9340-2016-10886,1,False,9340,10/30/2016 8:40:00 PM,2040,070,1368,4313,San Jose,43,True,True,C,REAR END,,Sunday,Yes,False,,,False,True,True,Santa Clara Superior,C,OTHER MOTOR VEHICLE,,0,0,CLOUDY,, NO UNUSUAL CONDITIONS,, ,C,DARK-STREET LIGHTS,37.1953,-121.5533,,,,,A,NO PEDESTRIANS INVOLVED,10/30/2016 12:00:00 AM,A,23152(a),True,1.0,Basile Ave W/B,,,11/7/2016 12:51:10 PM,B,W,30.0,Rutland Ave,F,,D,11/7/2016 12:51:50 PM,11/7/2016 12:51:50 PM,,,2,,,,,,,
312712,9725-2016-9083,2,False,9725,10/31/2016 12:32:00 AM,32,015,1368,4313,San Jose,43,True,True,C,REAR END,,Monday,Yes,False,,,False,True,True,Santa Clara Superior,C,OTHER MOTOR VEHICLE,,0,0,CLOUDY,, NO UNUSUAL CONDITIONS,, ,D,DARK-NO STREET LIGHTS,37.237269,-121.760512,,,,,A,NO PEDESTRIANS INVOLVED,11/2/2016 12:00:00 AM,A,22350,False,2.0,US-101 N/B,,,12/20/2016 8:40:37 AM,B,S,0.3,SR-85,M,,D,11/7/2016 10:34:59 AM,12/20/2016 8:43:29 AM,,,2,,,,,,,
312644,9340-2016-10845,1,False,9340,10/28/2016 4:45:00 AM,445,281,1368,4313,San Jose,43,True,True,B,SIDE SWIPE,,Friday,NotApplicable,False,,,False,True,True,Santa Clara Superior,C,OTHER MOTOR VEHICLE,,1,0,RAINING,, NO UNUSUAL CONDITIONS,, ,A,DAYLIGHT,37.312,-121.684,,,,,A,NO PEDESTRIANS INVOLVED,10/28/2016 12:00:00 AM,A,22107,False,1.0,I-280 N/B,,,11/7/2016 10:11:52 AM,B,N,500.0,7th St,F,,D,11/7/2016 10:12:27 AM,11/7/2016 10:12:27 AM,,,2,,,,,,,
312637,9725-2016-9048,1,False,9340,10/27/2016 10:20:00 AM,1020,520,1368,4313,San Jose,43,True,True,C,REAR END,,Thursday,NotApplicable,False,,,False,False,False,Santa Clara Superior,C,OTHER MOTOR VEHICLE,,0,0,CLOUDY,RAINING, NO UNUSUAL CONDITIONS,, ,A,DAYLIGHT,37.314895,-121.963816,,,,,A,NO PEDESTRIANS INVOLVED,10/27/2016 12:00:00 AM,A,22350,False,1.0,SAN TOMAS EXPRESSWAY N/B,,,11/7/2016 10:08:39 AM,B,S,200.0,MOORPARK AVE.,F,,D,11/7/2016 10:09:09 AM,11/7/2016 10:09:09 AM,,,2,,,,,,,
312475,9725-2016-9079,1,False,9725,10/31/2016 12:30:00 AM,30,015,1368,4313,San Jose,43,True,True,C,REAR END,,Monday,Yes,False,,,False,True,True,Santa Clara Superior,C,OTHER MOTOR VEHICLE,,1,0,CLOUDY,, NO UNUSUAL CONDITIONS,, ,D,DARK-NO STREET LIGHTS,37.237269,-121.760512,,,,,A,NO PEDESTRIANS INVOLVED,10/31/2016 12:00:00 AM,A,22350,False,1.0,US-101 N/B,,,11/7/2016 8:41:31 AM,B,S,0.3,SR-85 N/B,M,,D,11/7/2016 8:42:27 AM,11/7/2016 8:42:27 AM,,,2,,,,,,,
312460,9340-2016-10808,1,False,9340,10/25/2016 6:55:00 PM,1855,120,1368,4313,San Jose,43,True,True,C,REAR END,,Tuesday,NotApplicable,False,,,False,True,False,Santa Clara Superior,C,OTHER MOTOR VEHICLE,,0,0,CLEAR,, NO UNUSUAL CONDITIONS,, ,C,DARK-STREET LIGHTS,37.39155,-121.99883,,,,,A,NO PEDESTRIANS INVOLVED,10/25/2016 12:00:00 AM,A,22350,False,1.0,US-101 S/B,,,11/7/2016 8:28:37 AM,A,N,300.0,Lawrence Expy,F,,D,11/7/2016 8:29:43 AM,11/7/2016 8:29:43 AM,,,2,,,,,,,