Collision Id,	Report Number,	Report Version,	Is Preliminary,	NCIC Code,Crash Date Time,	Crash Time Description,	Beat,City Id,	City Code,	City Name,County Code,	City Is Active,	City Is Incorporated,	Collision Type Code,Collision Type Description,	Collision Type Other Desc,	Day Of Week,	DispatchNotified,	HasPhotographs,	HitRun,	IsAttachmentsMailed,	IsDeleted,	IsHighwayRelated,	IsTowAway,	JudicialDistrict,	MotorVehicleInvolvedWithCode,	MotorVehicleInvolvedWithDesc,MotorVehicleInvolvedWithOtherDesc,	NumberInjured,	NumberKilled,Weather 1, Weather 2, Road Condition 1, Road Condition 2, Special Condition,LightingCode, LightingDescription,Latitude,Longitude,MilepostDirection,MilepostDistance,MilepostMarker,MilepostUnitOfMeasure,	PedestrianActionCode,PedestrianActionDesc,PreparedDate,	Primary Collision Factor Code,Primary Collision Factor Violation,PrimaryCollisionFactorIsCited,	PrimaryCollisionPartyNumber,	PrimaryRoad,	ReportingDistrict,	ReportingDistrictCode,ReviewedDate,	RoadwaySurfaceCode,SecondaryDirection,	SecondaryDistance,	SecondaryRoad,	SecondaryUnitOfMeasure,	SketchDesc,	TrafficControlDeviceCode,CreatedDate,	ModifiedDate,IsCountyRoad,IsFreeway,CHP555Version,	IsAdditonalObjectStruck,NotificationDate,	NotificationTimeDescription,	HasDigitalMediaFiles,	EvidenceNumber,	IsLocationReferToNarrative,	IsAOIOneSameAsLocation
308024,9340-2016-10844,1,False,9340,10/28/2016 11:55:00 AM,1155,088,1368,4313,San Jose,43,True,True,C,REAR END,,Friday,NotApplicable,False,,,False,True,True,Santa Clara Superior,C,OTHER MOTOR VEHICLE,,0,0,CLOUDY,, NO UNUSUAL CONDITIONS,, ,A,DAYLIGHT,37.358983,-121.907205,,,,,A,NO PEDESTRIANS INVOLVED,10/28/2016 12:00:00 AM,A,22350 VC,False,1.0,I-880 Southbound,,,11/1/2016 7:46:00 AM,B,S,500.0,First Street,F,SEE PAGE # 3.,D,11/1/2016 7:46:24 AM,11/1/2016 7:46:24 AM,,,2,,,,,,,
308020,9725-2016-9060,1,False,9725,10/28/2016 7:30:00 AM,730,015,1368,4313,San Jose,43,True,True,C,REAR END,,Friday,NotApplicable,False,,,False,True,True,Santa Clara Superior,C,OTHER MOTOR VEHICLE,,0,0,RAINING,, NO UNUSUAL CONDITIONS,, ,A,DAYLIGHT,37.24204,-121.7691,,,,,A,NO PEDESTRIANS INVOLVED,10/28/2016 12:00:00 AM,A,22107,False,1.0,US-101 N/B,,,11/1/2016 7:40:31 AM,B,N,200.0,Bernal Rd,F,,D,11/1/2016 7:41:11 AM,11/1/2016 7:41:11 AM,,,2,,,,,,,
308019,9340-2016-10836,1,False,9340,10/27/2016 4:50:00 PM,1650,089,1368,4313,San Jose,43,True,True,C,REAR END,,Thursday,NotApplicable,False,,,False,True,False,Santa Clara Superior,C,OTHER MOTOR VEHICLE,,0,0,CLEAR,, NO UNUSUAL CONDITIONS,, ,A,DAYLIGHT,37.343979,-121.924742,,,,,A,NO PEDESTRIANS INVOLVED,10/27/2016 12:00:00 AM,A,21703,False,1.0,I-880 S/B,,,11/1/2016 7:39:49 AM,A,N,0.25,The Alameda,M,,D,11/1/2016 7:40:19 AM,11/1/2016 7:40:19 AM,,,2,,,,,,,
308009,9340-2016-10819,1,False,9340,10/26/2016 5:20:00 PM,1720,083,1368,4313,San Jose,43,True,True,C,REAR END,,Wednesday,NotApplicable,False,,,False,True,True,Santa Clara Superior,C,OTHER MOTOR VEHICLE,,0,0,CLEAR,, NO UNUSUAL CONDITIONS,, ,B,DUSK-DAWN,37.25537,-121.86581,,,,,A,NO PEDESTRIANS INVOLVED,10/26/2016 12:00:00 AM,A,22107,False,1.0,SR-85 S/B,,,11/1/2016 7:29:42 AM,A,N,1900.0,Santa Teresa Blvd,F,,D,11/1/2016 7:30:16 AM,11/1/2016 7:30:16 AM,,,2,,,,,,,
307988,9340-2016-10838,1,False,9340,10/26/2016 6:05:00 PM,1805,510,1368,4313,San Jose,43,True,True,C,REAR END,,Wednesday,NotApplicable,False,,,False,False,False,Santa Clara Superior,C,OTHER MOTOR VEHICLE,,0,0,CLEAR,, NO UNUSUAL CONDITIONS,, ,A,DAYLIGHT,37.308472,-121.963938,,,,,A,NO PEDESTRIANS INVOLVED,10/26/2016 12:00:00 AM,A,22350,False,1.0,San Tomas Expy,,,11/1/2016 7:10:32 AM,A,S,30.0,Williams Road,F,,A,11/1/2016 7:11:02 AM,11/1/2016 7:11:02 AM,,,2,,,,,,,
307976,9340-2016-10785,1,False,9340,10/25/2016 2:10:00 PM,1410,110,1368,4313,San Jose,43,True,True,C,REAR END,,Tuesday,NotApplicable,False,,,False,True,False,Santa Clara Superior,C,OTHER MOTOR VEHICLE,,0,0,CLEAR,, NO UNUSUAL CONDITIONS,, ,A,DAYLIGHT,37.211588,-121.515605,,,,,A,NO PEDESTRIANS INVOLVED,10/25/2016 12:00:00 AM,A,22350,True,1.0,US101 N/B TO MCKEE ROAD,,,11/1/2016 6:57:31 AM,A,S,46.0,McKee Rd,F,,D,11/1/2016 6:58:10 AM,11/1/2016 6:58:10 AM,,,2,,,,,,,
307934,9340-2016-10729,1,False,9340,10/22/2016 3:00:00 PM,1500,089,1368,4313,San Jose,43,True,True,B,SIDE SWIPE,,Saturday,NotApplicable,False,,,False,True,False,Santa Clara Superior,C,OTHER MOTOR VEHICLE,,0,0,CLEAR,, NO UNUSUAL CONDITIONS,, ,A,DAYLIGHT,37.27478,-121.55182,,,,,A,NO PEDESTRIANS INVOLVED,10/22/2016 12:00:00 AM,A,21658a,False,1.0,I-880 N/B,,,11/1/2016 6:36:29 AM,A,S,1000.0,Dixon Landing Rd,F,,D,11/1/2016 6:37:03 AM,11/1/2016 6:37:03 AM,,,2,,,,,,,
307925,9340-2016-10703,1,False,9340,10/21/2016 12:55:00 AM,55,681,1368,4313,San Jose,43,True,True,E,HIT OBJECT,,Friday,Yes,False,,,False,True,True,Santa Clara Superior,J,OTHER OBJECT,BUSH,0,0,CLEAR,, NO UNUSUAL CONDITIONS,, ,D,DARK-NO STREET LIGHTS,37.2334,-121.8116,,,,,A,NO PEDESTRIANS INVOLVED,10/21/2016 12:00:00 AM,A,23152(a),True,1.0,SR-85 N/B,,,11/1/2016 6:31:19 AM,A,S,200.0,Blossom Hill Rd,F,,D,11/1/2016 6:31:53 AM,11/1/2016 6:31:53 AM,,,2,,,,,,,
307901,9340-2016-10897,1,False,9340,10/31/2016 3:45:00 AM,345,087,1368,4313,San Jose,43,True,True,E,HIT OBJECT,,Monday,Yes,False,,,False,True,True,Santa Clara Superior,I,FIXED OBJECT,CENTER MEDIAN,2,0,CLEAR,, NO UNUSUAL CONDITIONS,, ,C,DARK-STREET LIGHTS,,,,,,,A,NO PEDESTRIANS INVOLVED,10/31/2016 12:00:00 AM,A,23152(a),True,1.0,SR-87 SB,,,11/1/2016 5:57:49 AM,A,N,100.0,Capitol Expy,F,,D,11/1/2016 5:58:38 AM,11/1/2016 5:58:38 AM,,,2,,,,,,,
331707,9340-2016-11434,1,False,9340,11/20/2016 2:20:00 AM,220,110,1368,4313,San Jose,43,True,True,B,SIDE SWIPE,,Sunday,Yes,False,F,,False,True,True,Santa Clara Superior,I,FIXED OBJECT,Concrete wall,1,0,CLEAR,, NO UNUSUAL CONDITIONS,, ,C,DARK-STREET LIGHTS,37.27546,-121.18488,,,,,A,NO PEDESTRIANS INVOLVED,11/20/2016 12:00:00 AM,A,22107,False,1.0,US-101,,,11/29/2016 8:37:22 AM,B,S,3000.0,Hellyer Ave,F,,D,11/29/2016 8:38:03 AM,11/29/2016 8:38:03 AM,,,2,,,,,,,
331704,9340-2016-11341,1,False,9340,11/19/2016 6:15:00 PM,1815,110,1368,4313,San Jose,43,True,True,C,REAR END,,Saturday,NotApplicable,False,M,,False,True,True,Santa Clara Superior,C,OTHER MOTOR VEHICLE,,0,0,CLEAR,, NO UNUSUAL CONDITIONS,, ,A,DAYLIGHT,37.3222,-121.8349,,,,,A,NO PEDESTRIANS INVOLVED,11/19/2016 12:00:00 AM,A,22350,False,1.0,US-101 N/B,,,11/29/2016 8:34:54 AM,B,N,1500.0,TULLY ROAD,F,,D,11/29/2016 8:35:22 AM,11/29/2016 8:35:22 AM,,,2,,,,,,,
331664,9725-2016-9206,1,False,9725,11/24/2016 2:57:00 PM,1457,015,1368,4313,San Jose,43,True,True,C,REAR END,,Thursday,NotApplicable,False,,,False,True,True,Santa Clara Superior,C,OTHER MOTOR VEHICLE,,1,0,CLEAR,, NO UNUSUAL CONDITIONS,, ,A,DAYLIGHT,37.23667,-121.75916,S,0.6,101 SCL 26.779,M,A,NO PEDESTRIANS INVOLVED,11/24/2016 12:00:00 AM,A,22350,False,2.0,US-101 NORTHBOUND,,,11/29/2016 8:18:37 AM,A,S,0.6,SR-85,M,,D,11/29/2016 8:19:27 AM,11/29/2016 8:19:27 AM,,,2,,,,,,,
331661,9340-2016-11336,2,False,9340,11/19/2016 8:45:00 AM,845,110,1368,4313,San Jose,43,True,True,B,SIDE SWIPE,,Saturday,Yes,False,F,,False,True,True,Santa Clara Superior,C,OTHER MOTOR VEHICLE,,1,0,CLOUDY,, NO UNUSUAL CONDITIONS,, ,A,DAYLIGHT,37.0873,-121.0732,,,,,A,NO PEDESTRIANS INVOLVED,11/19/2016 12:00:00 AM,A,21658(a),False,1.0,US101 S/B,,,4/25/2017 12:18:45 PM,A,S,545.0,Yerba Buena Rd,F,,D,11/29/2016 8:18:34 AM,4/25/2017 12:19:03 PM,,,2,,,,,,,
331624,9340-2016-11521,1,False,9340,11/28/2016 2:20:00 PM,1420,110,1368,4313,San Jose,43,True,True,C,REAR END,,Monday,Yes,False,,,False,True,True,Santa Clara Superior,C,OTHER MOTOR VEHICLE,,1,0,CLEAR,, NO UNUSUAL CONDITIONS,, ,A,DAYLIGHT,37.32817,-121.84097,,,,,A,NO PEDESTRIANS INVOLVED,11/28/2016 12:00:00 AM,A,23153(f) VC,False,1.0,US-101 S/B,,,11/29/2016 7:49:48 AM,A,N,0.09,TULLY ROAD,M,,D,11/29/2016 7:50:30 AM,11/29/2016 7:50:30 AM,,,2,,,,,,,
331600,9340-2016-11324,1,False,9340,11/18/2016 2:45:00 PM,1445,282,1368,4313,San Jose,43,True,True,B,SIDE SWIPE,,Friday,NotApplicable,False,M,,False,True,True,Santa Clara Superior,C,OTHER MOTOR VEHICLE,,0,0,CLEAR,, NO UNUSUAL CONDITIONS,, ,A,DAYLIGHT,37.320322,-121.97161,,,,,A,NO PEDESTRIANS INVOLVED,11/18/2016 12:00:00 AM,A,21658(a),False,1.0,I-280 S/B,,,11/29/2016 7:39:53 AM,A,N,200.0,Saratoga Ave,F,,D,11/29/2016 7:40:43 AM,11/29/2016 7:40:43 AM,,,2,,,,,,,
331580,9340-2016-11373,1,False,9340,11/20/2016 9:15:00 PM,2115,904,1368,4313,San Jose,43,True,True,E,HIT OBJECT,,Sunday,NotApplicable,False,,,False,True,True,Santa Clara Superior,I,FIXED OBJECT,CONC CENTER DIVIDE,0,0,CLOUDY,, NO UNUSUAL CONDITIONS,, ,D,DARK-NO STREET LIGHTS,37.24235,-121.80209,,,,,A,NO PEDESTRIANS INVOLVED,11/20/2016 12:00:00 AM,A,22107,False,1.0,SR-85 S/B,,,11/29/2016 7:31:52 AM,A,S,200.0,Cottle Rd,F,,D,11/29/2016 7:32:25 AM,11/29/2016 7:32:25 AM,,,2,,,,,,,
331461,9340-2016-11352,1,False,9340,11/20/2016 8:30:00 AM,830,083,1368,4313,San Jose,43,True,True,E,HIT OBJECT,,Sunday,NotApplicable,False,,,False,True,True,Santa Clara Superior,I,FIXED OBJECT,CONCRETE CURB,0,0,CLOUDY,, NO UNUSUAL CONDITIONS,, ,A,DAYLIGHT,37.256124,-121.875232,,,,,A,NO PEDESTRIANS INVOLVED,11/20/2016 12:00:00 AM,A,22350,False,1.0,SR-85 N/B,,,11/29/2016 5:43:14 AM,B,S,140.0,Almaden Expy,F,,D,11/29/2016 5:43:42 AM,11/29/2016 5:43:42 AM,,,2,,,,,,,
331455,9340-2016-11351,1,False,9340,11/20/2016 7:25:00 AM,725,110,1368,4313,San Jose,43,True,True,E,HIT OBJECT,,Sunday,NotApplicable,False,,,False,True,True,Santa Clara Superior,H,ANIMAL,BIRD,1,0,CLOUDY,, NO UNUSUAL CONDITIONS,, ,A,DAYLIGHT,37.271353,-121.803497,,,,,A,NO PEDESTRIANS INVOLVED,11/20/2016 12:00:00 AM,C,,,,US101 S/B,,,11/29/2016 5:33:58 AM,B,S,2000.0,Coyote Rd,F,,D,11/29/2016 5:34:40 AM,11/29/2016 5:34:40 AM,,,2,,,,,,,
331415,9340-2016-11353,1,False,9340,11/20/2016 7:50:00 AM,750,087,1368,4313,San Jose,43,True,True,E,HIT OBJECT,,Sunday,NotApplicable,False,,,False,True,True,Santa Clara Superior,I,FIXED OBJECT,CONCRETE DIVIDER,1,0,CLOUDY,, NO UNUSUAL CONDITIONS,, ,A,DAYLIGHT,37.6538,-121.654,,,,,A,NO PEDESTRIANS INVOLVED,11/20/2016 12:00:00 AM,A,22107,False,1.0,I-280 N/B TO SR-87 S/B,,,11/28/2016 10:14:20 PM,B,N,1230.0,Almaden Blvd,F,,D,11/28/2016 10:14:52 PM,11/28/2016 10:14:52 PM,,,2,,,,,,,
331414,9340-2016-11337,1,False,9340,11/19/2016 1:40:00 PM,1340,282,1368,4313,San Jose,43,True,True,D,BROADSIDE,,Saturday,Yes,False,,,False,True,True,Santa Clara Superior,C,OTHER MOTOR VEHICLE,,4,0,RAINING,, NO UNUSUAL CONDITIONS,, ,A,DAYLIGHT,37.316454,-121.970157,,,,,A,NO PEDESTRIANS INVOLVED,11/19/2016 12:00:00 AM,A,22107,False,1.0,I-280 N/B,,,11/28/2016 10:04:33 PM,B,S,900.0,Saratoga Ave,F,,D,11/28/2016 10:05:14 PM,11/28/2016 10:05:14 PM,,,2,,,,,,,
331398,9340-2016-11020,1,False,9340,10/31/2016 2:02:00 PM,1402,281,1368,4313,San Jose,43,True,True,C,REAR END,,Monday,NotApplicable,False,,,False,True,False,Santa Clara Superior,C,OTHER MOTOR VEHICLE,,0,0,CLEAR,, NO UNUSUAL CONDITIONS,, ,A,DAYLIGHT,37.335692,-121.857422,,,,,A,NO PEDESTRIANS INVOLVED,10/31/2016 12:00:00 AM,A,22350,False,1.0,I-280 S/B to McLaughlin Avenue,,,11/28/2016 7:04:20 PM,A,N,30.0,McLaughlin Ave,F,,D,11/28/2016 7:05:00 PM,11/28/2016 7:05:00 PM,,,2,,,,,,,
331361,9340-2016-11457,1,False,9340,10/30/2016 12:30:00 AM,30,110,1368,4313,San Jose,43,True,True,E,HIT OBJECT,,Sunday,NotApplicable,False,,,False,True,False,Santa Clara Superior,I,FIXED OBJECT,METERING LIGHT,0,0,CLEAR,, NO UNUSUAL CONDITIONS,, ,C,DARK-STREET LIGHTS,37.30288,-121.81599,,,,,A,NO PEDESTRIANS INVOLVED,10/30/2016 12:00:00 AM,A,22350,False,1.0,CAPITOL EXPRESSWAY ONTO US-101 N/B,,,11/28/2016 5:12:09 PM,B,S,100.0,CAPITOL EXPRESSWAY,F,,D,11/28/2016 5:14:11 PM,11/28/2016 5:14:11 PM,,,2,,,,,,,
331240,9340-2016-10759,1,False,9340,10/17/2016 8:00:00 AM,800,088,1368,4313,San Jose,43,True,True,C,REAR END,,Monday,NotApplicable,False,M,,False,True,False,Santa Clara Superior,C,OTHER MOTOR VEHICLE,,0,0,CLEAR,, NO UNUSUAL CONDITIONS,, Counter Report / Late-Reported,A,DAYLIGHT,37.206911,-121.553984,,,,,A,NO PEDESTRIANS INVOLVED,10/17/2016 12:00:00 AM,A,21658(a),False,1.0,I-880 N/B,,,11/28/2016 3:27:49 PM,A,N,200.0,The Alameda,F,,D,11/28/2016 3:28:23 PM,11/28/2016 3:28:23 PM,,,2,,,,,,,
331135,9340-2016-11323,1,False,9340,11/18/2016 3:54:00 PM,1554,281,1368,4313,San Jose,43,True,True,C,REAR END,,Friday,NotApplicable,False,,,False,True,False,Santa Clara Superior,C,OTHER MOTOR VEHICLE,,0,0,CLEAR,, NO UNUSUAL CONDITIONS,, ,A,DAYLIGHT,37.18599,-121.55293,,,,,A,NO PEDESTRIANS INVOLVED,11/18/2016 12:00:00 AM,A,22350,False,1.0,I-280 S/B,,,11/28/2016 2:42:16 PM,A,N,2830.0,Meridian Ave,F,,D,11/28/2016 2:42:44 PM,11/28/2016 2:42:44 PM,,,2,,,,,,,
331080,9340-2016-11469,1,False,9340,11/25/2016 5:45:00 PM,1745,110,1368,4313,San Jose,43,True,True,B,SIDE SWIPE,,Friday,Yes,False,,,False,True,True,Santa Clara Superior,C,OTHER MOTOR VEHICLE,,0,0,CLOUDY,, NO UNUSUAL CONDITIONS,, ,D,DARK-NO STREET LIGHTS,37.36292,-121.88904,,,,,A,NO PEDESTRIANS INVOLVED,11/25/2016 12:00:00 AM,A,23152(a),True,1.0,US101 N/B,,,11/28/2016 2:13:05 PM,A,S,700.0,13th St,F,,D,11/28/2016 2:13:45 PM,11/28/2016 2:13:45 PM,,,2,,,,,,,
331078,9725-2016-9168,1,False,9725,11/16/2016 7:49:00 AM,749,015,1368,4313,San Jose,43,True,True,C,REAR END,,Wednesday,NotApplicable,False,,,False,True,False,Santa Clara Superior,C,OTHER MOTOR VEHICLE,,0,0,CLEAR,, NO UNUSUAL CONDITIONS,, ,A,DAYLIGHT,37.249008,-121.781907,,,,,A,NO PEDESTRIANS INVOLVED,11/16/2016 12:00:00 AM,A,22350,False,2.0,US-101 S/B,,,11/28/2016 2:02:14 PM,A,N,1530.0,BERNAL RD.,F,,D,11/28/2016 2:12:09 PM,11/28/2016 2:12:09 PM,,,2,,,,,,,
330986,9340-2016-11315,1,False,9340,11/18/2016 11:45:00 AM,1145,110,1368,4313,San Jose,43,True,True,H,OTHER,METAL DEBRIS,Friday,NotApplicable,False,,,False,True,True,Santa Clara Superior,J,OTHER OBJECT,METAL DEBRIS,0,0,CLEAR,, NO UNUSUAL CONDITIONS,, ,A,DAYLIGHT,37.354789,-121.866974,,,,,A,NO PEDESTRIANS INVOLVED,11/18/2016 12:00:00 AM,A,23114(a),False,1.0,US101 S/B,,,11/28/2016 1:34:00 PM,A,N,280.0,McKee Rd,F,,D,11/28/2016 1:34:37 PM,11/28/2016 1:34:37 PM,,,2,,,,,,,
330897,9340-2016-11271,1,False,9340,11/16/2016 7:15:00 AM,715,901,1368,4313,San Jose,43,True,True,B,SIDE SWIPE,,Wednesday,NotApplicable,False,M,,False,False,False,Santa Clara Superior,E,PARKED MOTOR VEHICLE,,0,0,CLOUDY,, NO UNUSUAL CONDITIONS,, School Bus Collision,A,DAYLIGHT,37.215336,-121.542846,,,,,A,NO PEDESTRIANS INVOLVED,11/16/2016 12:00:00 AM,A,22107,False,2.0,4TH ST.,,,11/28/2016 12:58:04 PM,A,N,652.0,Gish Rd,F,,D,11/28/2016 12:58:47 PM,11/28/2016 12:58:47 PM,,,2,,,,,,,
330839,9340-2016-11500,1,False,9340,11/27/2016 5:00:00 AM,500,282,1368,4313,San Jose,43,True,True,E,HIT OBJECT,,Sunday,Yes,False,,,False,True,True,Santa Clara Superior,I,FIXED OBJECT,CONC CENTER DIVIDE,0,0,RAINING,, NO UNUSUAL CONDITIONS,, ,D,DARK-NO STREET LIGHTS,37.31649,-121.97273,,,,,A,NO PEDESTRIANS INVOLVED,11/27/2016 12:00:00 AM,A,23152(a),True,1.0,I-280 S/B,,,11/28/2016 12:35:22 PM,B,S,700.0,Saratoga Ave,F,,D,11/28/2016 12:36:08 PM,11/28/2016 12:36:08 PM,,,2,,,,,,,
330824,9340-2016-11447,1,False,9340,11/24/2016 12:40:00 AM,40,087,1368,4313,San Jose,43,True,True,E,HIT OBJECT,,Thursday,Yes,False,,,False,True,True,Santa Clara Superior,I,FIXED OBJECT,METAL GUARD RAIL,0,0,CLEAR,, NO UNUSUAL CONDITIONS,, ,D,DARK-NO STREET LIGHTS,37.32064,-121.88998,,,,,A,NO PEDESTRIANS INVOLVED,11/24/2016 12:00:00 AM,A,23152(a),True,1.0,SR-87 N/B,,,11/28/2016 12:24:52 PM,A,N,215.0,Virginia St,F,,D,11/28/2016 12:25:35 PM,11/28/2016 12:25:35 PM,,,2,,,,,,,
330820,9340-2016-11313,1,False,9340,11/17/2016 1:50:00 PM,1350,120,1368,4313,San Jose,43,True,True,B,SIDE SWIPE,,Thursday,NotApplicable,False,M,,False,True,True,Santa Clara Superior,C,OTHER MOTOR VEHICLE,,0,0,CLEAR,, NO UNUSUAL CONDITIONS,, ,A,DAYLIGHT,37.214991,-121.535731,,,,,A,NO PEDESTRIANS INVOLVED,11/17/2016 12:00:00 AM,A,21658(a),False,1.0,US101 N/B,,,11/28/2016 12:24:10 PM,A,S,670.0,I-880,F,,D,11/28/2016 12:24:52 PM,11/28/2016 12:24:52 PM,,,2,,,,,,,
330768,9340-2016-11288,1,False,9340,11/17/2016 9:00:00 AM,900,087,1368,4313,San Jose,43,True,True,D,BROADSIDE,,Thursday,NotApplicable,False,,,False,True,True,Santa Clara Superior,C,OTHER MOTOR VEHICLE,,0,0,CLEAR,, NO UNUSUAL CONDITIONS,, ,A,DAYLIGHT,37.28433,-121.86705,,,,,A,NO PEDESTRIANS INVOLVED,11/17/2016 12:00:00 AM,A,21658(a),False,1.0,SR-87 N/B,,,11/28/2016 11:54:38 AM,A,S,4224.0,Curtner Ave,F,,D,11/28/2016 11:55:07 AM,11/28/2016 11:55:07 AM,,,2,,,,,,,
330638,9340-2016-11292,1,False,9340,11/17/2016 9:10:00 AM,910,088,1368,4313,San Jose,43,True,True,C,REAR END,,Thursday,NotApplicable,False,,,False,True,False,Santa Clara Superior,C,OTHER MOTOR VEHICLE,,0,0,CLEAR,, NO UNUSUAL CONDITIONS,, ,A,DAYLIGHT,37.33233,-121.93889,,,,,A,NO PEDESTRIANS INVOLVED,11/17/2016 12:00:00 AM,A,22350 VC,False,1.0,I-880 Northbound,,,11/28/2016 10:48:44 AM,A,S,50.0,Bascom Ave.,F,SEE PAGE # 3.,D,11/28/2016 10:49:25 AM,11/28/2016 10:49:25 AM,,,2,,,,,,,
330619,9340-2016-11229,1,False,9340,11/14/2016 6:05:00 PM,1805,087,1368,4313,San Jose,43,True,True,B,SIDE SWIPE,,Monday,Yes,False,F,,False,True,True,Santa Clara Superior,C,OTHER MOTOR VEHICLE,,1,0,CLEAR,, NO UNUSUAL CONDITIONS,, ,C,DARK-STREET LIGHTS,37.336372,-121.897789,,,,,A,NO PEDESTRIANS INVOLVED,11/14/2016 12:00:00 AM,A,21658(a),False,1.0,SR-87 S/B,,,11/28/2016 10:42:39 AM,A,S,100.0,Julian St,F,,D,11/28/2016 10:43:26 AM,11/28/2016 10:43:26 AM,,,2,,,,,,,
330600,9340-2016-11278,1,False,9340,11/16/2016 5:30:00 PM,1730,083,1368,4313,San Jose,43,True,True,C,REAR END,,Wednesday,NotApplicable,False,M,,False,True,False,Santa Clara Superior,C,OTHER MOTOR VEHICLE,,0,0,CLEAR,, NO UNUSUAL CONDITIONS,, ,C,DARK-STREET LIGHTS,37.152218,-121.521693,,,,,A,NO PEDESTRIANS INVOLVED,11/16/2016 12:00:00 AM,A,21658(a),False,1.0,SR-85 N/B,,,11/28/2016 10:37:06 AM,A,S,1200.0,Almaden Expy,F,,D,11/28/2016 10:38:08 AM,11/28/2016 10:38:08 AM,,,2,,,,,,,
330554,9340-2016-11262,1,False,9340,11/15/2016 4:52:00 PM,1652,089,1368,4313,San Jose,43,True,True,B,SIDE SWIPE,,Tuesday,NotApplicable,False,,,False,True,False,Santa Clara Superior,C,OTHER MOTOR VEHICLE,,0,0,CLOUDY,, NO UNUSUAL CONDITIONS,, ,A,DAYLIGHT,37.36498,-121.90158,,,,,A,NO PEDESTRIANS INVOLVED,11/15/2016 12:00:00 AM,A,21658(a),False,1.0,I-880 SB,,,11/28/2016 10:16:42 AM,A,N,300.0,US-101,F,,D,11/28/2016 10:17:14 AM,11/28/2016 10:17:14 AM,,,2,,,,,,,
330434,9340-2016-11322,1,False,9340,11/18/2016 4:40:00 PM,1640,088,1368,4313,San Jose,43,True,True,C,REAR END,,Friday,NotApplicable,False,,,False,True,True,Santa Clara Superior,C,OTHER MOTOR VEHICLE,,0,0,CLEAR,, NO UNUSUAL CONDITIONS,, ,A,DAYLIGHT,37.3505,-121.9156,,,,,A,NO PEDESTRIANS INVOLVED,11/18/2016 12:00:00 AM,A,22350,False,1.0,I-880 S/B,,,11/28/2016 9:25:13 AM,A,N,100.0,Coleman Ave,F,,D,11/28/2016 9:25:58 AM,11/28/2016 9:25:58 AM,,,2,,,,,,,
330407,9340-2016-11416,1,False,9340,11/22/2016 7:30:00 PM,1930,089,1368,4313,San Jose,43,True,True,C,REAR END,,Tuesday,NotApplicable,False,,,False,True,True,Santa Clara Superior,C,OTHER MOTOR VEHICLE,,0,0,CLEAR,, NO UNUSUAL CONDITIONS,, ,C,DARK-STREET LIGHTS,37.214954,-121.54838,,,,,A,NO PEDESTRIANS INVOLVED,11/22/2016 12:00:00 AM,A,23152(a),True,1.0,I-880 S/B,,,11/28/2016 9:15:49 AM,A,S,100.0,US101 S/B,F,,D,11/28/2016 9:16:32 AM,11/28/2016 9:16:32 AM,,,2,,,,,,,
330399,9340-2016-11302,2,False,9340,11/17/2016 5:50:00 PM,1750,281,1368,4313,San Jose,43,True,True,B,SIDE SWIPE,,Thursday,NotApplicable,False,,,False,True,False,Santa Clara Superior,C,OTHER MOTOR VEHICLE,,0,0,CLEAR,, NO UNUSUAL CONDITIONS,, ,A,DAYLIGHT,37.31727,-121.93317,,,,,A,NO PEDESTRIANS INVOLVED,11/17/2016 12:00:00 AM,A,21658(a),False,1.0,I-280 N/B,,,4/25/2017 12:10:27 PM,A,N,200.0,BASCOM AVENUE,F,,D,11/28/2016 9:13:00 AM,4/25/2017 12:10:47 PM,,,2,,,,,,,
330364,9340-2016-11460,1,False,9340,11/24/2016 11:25:00 PM,2325,230,1368,4313,San Jose,43,True,True,E,HIT OBJECT,,Thursday,NotApplicable,False,,,False,True,True,Santa Clara Superior,I,FIXED OBJECT,METAL GUARDRAIL,1,0,CLEAR,, NO UNUSUAL CONDITIONS,, ,D,DARK-NO STREET LIGHTS,37.41876,-121.96767,,,,,A,NO PEDESTRIANS INVOLVED,11/24/2016 12:00:00 AM,A,22107,False,1.0,SR-237 E/B,,,11/28/2016 8:53:36 AM,A,W,2200.0,FIRST ST.,F,,D,11/28/2016 8:54:10 AM,11/28/2016 8:54:10 AM,,,2,,,,,,,