Collision Id,	Report Number,	Report Version,	Is Preliminary,	NCIC Code,Crash Date Time,	Crash Time Description,	Beat,City Id,	City Code,	City Name,County Code,	City Is Active,	City Is Incorporated,	Collision Type Code,Collision Type Description,	Collision Type Other Desc,	Day Of Week,	DispatchNotified,	HasPhotographs,	HitRun,	IsAttachmentsMailed,	IsDeleted,	IsHighwayRelated,	IsTowAway,	JudicialDistrict,	MotorVehicleInvolvedWithCode,	MotorVehicleInvolvedWithDesc,MotorVehicleInvolvedWithOtherDesc,	NumberInjured,	NumberKilled,Weather 1, Weather 2, Road Condition 1, Road Condition 2, Special Condition,LightingCode, LightingDescription,Latitude,Longitude,MilepostDirection,MilepostDistance,MilepostMarker,MilepostUnitOfMeasure,	PedestrianActionCode,PedestrianActionDesc,PreparedDate,	Primary Collision Factor Code,Primary Collision Factor Violation,PrimaryCollisionFactorIsCited,	PrimaryCollisionPartyNumber,	PrimaryRoad,	ReportingDistrict,	ReportingDistrictCode,ReviewedDate,	RoadwaySurfaceCode,SecondaryDirection,	SecondaryDistance,	SecondaryRoad,	SecondaryUnitOfMeasure,	SketchDesc,	TrafficControlDeviceCode,CreatedDate,	ModifiedDate,IsCountyRoad,IsFreeway,CHP555Version,	IsAdditonalObjectStruck,NotificationDate,	NotificationTimeDescription,	HasDigitalMediaFiles,	EvidenceNumber,	IsLocationReferToNarrative,	IsAOIOneSameAsLocation
342659,9340-2016-11607,1,False,9340,12/2/2016 3:15:00 PM,1515,901,1368,4313,San Jose,43,True,True,A,HEAD-ON,,Friday,NotApplicable,False,,,False,False,False,Santa Clara Superior,C,OTHER MOTOR VEHICLE,,0,0,CLEAR,, NO UNUSUAL CONDITIONS,, School Bus Collision,A,DAYLIGHT,37.141092,-121.543887,,,,,A,NO PEDESTRIANS INVOLVED,12/2/2016 12:00:00 AM,D,,,,BLOSSOM HILL ROAD,,,12/12/2016 2:49:16 PM,A,,,BEGONIA DRIVE,,,D,12/12/2016 2:49:56 PM,12/12/2016 2:49:56 PM,,,2,,,,,,,
342624,9340-2016-11706,1,False,9340,12/6/2016 4:10:00 PM,1610,089,1368,4313,San Jose,43,True,True,B,SIDE SWIPE,,Tuesday,NotApplicable,False,,,False,True,False,Santa Clara Superior,C,OTHER MOTOR VEHICLE,,0,0,CLEAR,, NO UNUSUAL CONDITIONS,, ,A,DAYLIGHT,37.36095,-121.90439,,,,,A,NO PEDESTRIANS INVOLVED,12/6/2016 12:00:00 AM,A,21658(a),False,,I-880 N/B,,,12/12/2016 2:23:04 PM,A,N,500.0,FIRST STREET,F,,D,12/12/2016 2:23:32 PM,12/12/2016 2:23:32 PM,,,2,,,,,,,
342612,9340-2016-9554,1,False,9340,8/29/2016 5:55:00 PM,1755,087,1368,4313,San Jose,43,True,True,B,SIDE SWIPE,,Monday,NotApplicable,False,,,False,True,False,Santa Clara Superior,C,OTHER MOTOR VEHICLE,,0,0,CLEAR,, NO UNUSUAL CONDITIONS,, ,A,DAYLIGHT,37.33786,-121.898288,,,,,A,NO PEDESTRIANS INVOLVED,8/29/2016 12:00:00 AM,A,22107,False,1.0,SR-87 S/B,,,12/12/2016 2:18:28 PM,A,N,400.0,Julian Street,F,,D,12/12/2016 2:19:04 PM,12/12/2016 2:19:04 PM,,,2,,,,,,,
342608,9340-2016-11697,1,False,9340,12/6/2016 8:00:00 PM,2000,120,1368,4313,San Jose,43,True,True,C,REAR END,,Tuesday,Yes,False,,,False,True,True,Santa Clara Superior,C,OTHER MOTOR VEHICLE,,2,0,CLEAR,, NO UNUSUAL CONDITIONS,, ,D,DARK-NO STREET LIGHTS,37.38378,-121.97042,,,,,A,NO PEDESTRIANS INVOLVED,12/6/2016 12:00:00 AM,A,22350,False,1.0,US101 S/B,,,12/12/2016 2:16:57 PM,A,N,300.0,MONTAGUE EXWY,F,,D,12/12/2016 2:17:36 PM,12/12/2016 2:17:36 PM,,,2,,,,,,,
342601,9340-2016-11704,1,False,9340,12/6/2016 6:31:00 PM,1831,281,1368,4313,San Jose,43,True,True,C,REAR END,,Tuesday,NotApplicable,False,,,False,True,True,Santa Clara Superior,C,OTHER MOTOR VEHICLE,,0,0,CLEAR,, NO UNUSUAL CONDITIONS,, ,C,DARK-STREET LIGHTS,37.200921,-121.505887,,,,,A,NO PEDESTRIANS INVOLVED,12/6/2016 12:00:00 AM,C,,,,I-280 SB TRANSITION TO US-101 SB,,,12/12/2016 2:11:57 PM,A,S,0.2,INTERSTATE 280 O/C,M,,D,12/12/2016 2:12:33 PM,12/12/2016 2:12:33 PM,,,2,,,,,,,
342530,9340-2016-11710,1,False,9340,12/6/2016 5:15:00 PM,1715,087,1368,4313,San Jose,43,True,True,C,REAR END,,Tuesday,NotApplicable,False,,,False,True,True,Santa Clara Superior,C,OTHER MOTOR VEHICLE,,0,0,CLEAR,, NO UNUSUAL CONDITIONS,, ,A,DAYLIGHT,37.32992,-121.8963,,,,,A,NO PEDESTRIANS INVOLVED,12/6/2016 12:00:00 AM,A,22350,False,1.0,SR-87 S/B,,,12/12/2016 1:18:39 PM,A,N,500.0,Park Ave,F,,D,12/12/2016 1:19:10 PM,12/12/2016 1:19:10 PM,,,2,,,,,,,
342506,9340-2016-11695,1,False,9340,12/6/2016 5:05:00 AM,505,681,1368,4313,San Jose,43,True,True,C,REAR END,,Tuesday,NotApplicable,False,,,False,True,True,Santa Clara Superior,C,OTHER MOTOR VEHICLE,,0,0,CLEAR,, NO UNUSUAL CONDITIONS,, ,D,DARK-NO STREET LIGHTS,37.38827,-121.56702,,,,,A,NO PEDESTRIANS INVOLVED,12/6/2016 12:00:00 AM,A,22350,False,1.0,I-680 N/B,,,12/12/2016 12:07:12 PM,A,N,800.0,Berryessa Rd,F,,D,12/12/2016 12:07:40 PM,12/12/2016 12:07:40 PM,,,2,,,,,,,
342498,9340-2016-11693,1,False,9340,12/6/2016 1:35:00 PM,1335,281,1368,4313,San Jose,43,True,True,B,SIDE SWIPE,,Tuesday,NotApplicable,False,,,False,True,False,Santa Clara Superior,C,OTHER MOTOR VEHICLE,,0,0,CLOUDY,, NO UNUSUAL CONDITIONS,, ,A,DAYLIGHT,37.31584,-121.90728,,,,,A,NO PEDESTRIANS INVOLVED,12/6/2016 12:00:00 AM,A,22107,False,,I-280 S/B,,,12/12/2016 12:00:10 PM,A,N,0.5,Bird Ave,M,,D,12/12/2016 12:01:03 PM,12/12/2016 12:01:03 PM,,,2,,,,,,,
342492,9340-2016-11700,1,False,9340,12/6/2016 4:00:00 PM,1600,083,1368,4313,San Jose,43,True,True,C,REAR END,,Tuesday,NotApplicable,False,,,False,True,True,Santa Clara Superior,C,OTHER MOTOR VEHICLE,,1,0,CLEAR,, NO UNUSUAL CONDITIONS,, ,A,DAYLIGHT,37.152534,-121.523019,,,,,A,NO PEDESTRIANS INVOLVED,12/6/2016 12:00:00 AM,A,22350,False,3.0,STATE ROUTE 85 NB TO ALMADEN EXPY,,,12/12/2016 11:58:05 AM,A,N,250.0,ALMADEN EXPRESSWAY U/C,F,,D,12/12/2016 11:58:38 AM,12/12/2016 11:58:38 AM,,,2,,,,,,,
342338,9340-2016-11642,1,False,9340,12/4/2016 6:04:00 AM,604,281,1368,4313,San Jose,43,True,True,E,HIT OBJECT,,Sunday,NotApplicable,False,,,False,True,False,Santa Clara Superior,H,ANIMAL,DOG,0,0,CLEAR,, NO UNUSUAL CONDITIONS,, ,A,DAYLIGHT,37.32325,-121.894014,,,,,A,NO PEDESTRIANS INVOLVED,12/4/2016 12:00:00 AM,C,,,,I-280 S/B TO SR-87,,,12/12/2016 10:26:40 AM,A,N,550.0,SR-87,F,,D,12/12/2016 10:27:08 AM,12/12/2016 10:27:08 AM,,,2,,,,,,,
342211,9340-2016-11640,1,False,9340,12/3/2016 12:35:00 PM,1235,089,1368,4313,San Jose,43,True,True,C,REAR END,,Saturday,NotApplicable,False,,,False,True,False,Santa Clara Superior,C,OTHER MOTOR VEHICLE,,0,0,CLEAR,, NO UNUSUAL CONDITIONS,, ,A,DAYLIGHT,37.363439,-121.902681,,,,,A,NO PEDESTRIANS INVOLVED,12/3/2016 12:00:00 AM,A,22350 VC,False,1.0,I-880 S/B TO US-101 S/B,,,12/12/2016 9:13:23 AM,A,S,220.0,US-101,F,,D,12/12/2016 9:13:52 AM,12/12/2016 9:13:52 AM,,,2,,,,,,,
342121,9340-2016-11637,1,False,9340,12/4/2016 3:45:00 AM,345,281,1368,4313,San Jose,43,True,True,C,REAR END,,Sunday,Yes,False,,,False,True,True,Santa Clara Superior,C,OTHER MOTOR VEHICLE,,0,0,CLEAR,, NO UNUSUAL CONDITIONS,, ,D,DARK-NO STREET LIGHTS,37.33816,-121.8542,,,,,A,NO PEDESTRIANS INVOLVED,12/4/2016 12:00:00 AM,A,23152(a),True,1.0,I-280 S/B,,,12/12/2016 8:16:58 AM,A,N,900.0,US101,F,,D,12/12/2016 8:17:38 AM,12/12/2016 8:17:38 AM,,,2,,,,,,,
342115,9340-2016-11199,1,False,9340,11/13/2016 12:10:00 AM,10,110,1368,4313,San Jose,43,True,True,C,REAR END,,Sunday,Yes,False,,,False,True,True,Santa Clara Superior,E,PARKED MOTOR VEHICLE,,0,0,CLEAR,, NO UNUSUAL CONDITIONS,, On-Duty Emergency Vehicle,C,DARK-STREET LIGHTS,37.35897,-121.87182,,,,,A,NO PEDESTRIANS INVOLVED,11/13/2016 12:00:00 AM,A,23152(a),False,1.0,US-101,,,12/12/2016 8:09:59 AM,A,N,2300.0,McKee Rd,F,,D,12/12/2016 8:10:39 AM,12/12/2016 8:10:39 AM,,,2,,,,,,,
342114,9340-2016-11633,1,False,9340,12/3/2016 2:05:00 AM,205,083,1368,4313,San Jose,43,True,True,E,HIT OBJECT,,Saturday,Yes,False,,,False,True,True,Santa Clara Superior,I,FIXED OBJECT,Concrete wall,1,0,CLEAR,, NO UNUSUAL CONDITIONS,, ,C,DARK-STREET LIGHTS,37.24342,-121.81336,,,,,A,NO PEDESTRIANS INVOLVED,12/3/2016 12:00:00 AM,A,23152(a),True,1.0,SR-85,,,12/12/2016 8:09:10 AM,A,N,2200.0,Cottle Road,F,,D,12/12/2016 8:09:52 AM,12/12/2016 8:09:52 AM,,,2,,,,,,,
342050,9340-2016-11792,1,False,9340,12/9/2016 4:40:00 PM,1640,172,1368,4313,San Jose,43,True,True,F,OVERTURNED,,Friday,Yes,False,,,False,True,True,Santa Clara Superior,C,OTHER MOTOR VEHICLE,,0,0,CLOUDY,, NO UNUSUAL CONDITIONS,, ,B,DUSK-DAWN,37.196,-121.562,,,,,A,NO PEDESTRIANS INVOLVED,12/9/2016 12:00:00 AM,A,23152(a),True,1.0,SR-17 N/B TO I -280 N/B,,,12/12/2016 7:31:49 AM,A,N,350.0,I-280,F,,D,12/12/2016 7:32:28 AM,12/12/2016 7:32:28 AM,,,2,,,,,,,
341930,9340-2016-11800,1,False,9340,12/11/2016 3:40:00 PM,1540,120,1368,4313,San Jose,43,True,True,B,SIDE SWIPE,,Sunday,Yes,False,,,False,True,True,Santa Clara Superior,C,OTHER MOTOR VEHICLE,,2,0,CLEAR,, NO UNUSUAL CONDITIONS,, ,A,DAYLIGHT,37.36346,-121.89764,,,,,A,NO PEDESTRIANS INVOLVED,12/11/2016 12:00:00 AM,A,23152(a),True,1.0,US101 S/B,,,12/11/2016 11:36:05 PM,A,S,100.0,N. 10TH STREET,F,,D,12/11/2016 11:36:48 PM,12/11/2016 11:36:48 PM,,,2,,,,,,,
341878,9340-2016-11643,1,False,9340,12/4/2016 12:15:00 PM,1215,089,1368,4313,San Jose,43,True,True,B,SIDE SWIPE,,Sunday,NotApplicable,False,,,False,True,False,Santa Clara Superior,C,OTHER MOTOR VEHICLE,,0,0,CLEAR,, NO UNUSUAL CONDITIONS,, ,A,DAYLIGHT,37.364404,-121.902002,,,,,A,NO PEDESTRIANS INVOLVED,12/4/2016 12:00:00 AM,A,21658(a),True,1.0,I-880 S/B,,,12/11/2016 3:38:45 PM,A,N,34.0,US-101,F,,D,12/11/2016 3:39:29 PM,12/11/2016 3:39:29 PM,,,2,,,,,,,
341870,9340-2016-11657,1,False,9340,12/4/2016 6:00:00 PM,1800,110,1368,4313,San Jose,43,True,True,B,SIDE SWIPE,,Sunday,NotApplicable,False,M,,False,True,False,Santa Clara Superior,A,NON-COLLISION,,0,0,CLEAR,, NO UNUSUAL CONDITIONS,, ,C,DARK-STREET LIGHTS,37.32364,-121.83613,,,,,A,NO PEDESTRIANS INVOLVED,12/4/2016 12:00:00 AM,A,21685A,False,1.0,US-101 N/B,,,12/11/2016 3:17:54 PM,A,N,200.0,Tully Rd,F,,D,12/11/2016 3:18:25 PM,12/11/2016 3:18:25 PM,,,2,,,,,,,
341846,9340-2016-11766,1,False,9340,12/9/2016 2:20:00 PM,1420,230,1368,4313,San Jose,43,True,True,C,REAR END,,Friday,NotApplicable,False,,,False,True,True,Santa Clara Superior,C,OTHER MOTOR VEHICLE,,0,0,CLEAR,CLOUDY, NO UNUSUAL CONDITIONS,, ,A,DAYLIGHT,37.4168,-121.9748,,,,,A,NO PEDESTRIANS INVOLVED,12/9/2016 12:00:00 AM,A,22350,False,1.0,SR-237 E/B,,,12/11/2016 1:24:56 PM,A,E,500.0,Great America Pky,F,,D,12/11/2016 1:25:25 PM,12/11/2016 1:25:25 PM,,,2,,,,,,,
341834,9340-2016-11674,1,False,9340,12/5/2016 3:50:00 PM,1550,088,1368,4313,San Jose,43,True,True,C,REAR END,,Monday,NotApplicable,False,,,False,True,False,Santa Clara Superior,C,OTHER MOTOR VEHICLE,,0,0,CLEAR,, NO UNUSUAL CONDITIONS,, ,A,DAYLIGHT,37.35386,-121.9116,,,,,A,NO PEDESTRIANS INVOLVED,12/5/2016 12:00:00 AM,A,22350,False,1.0,I-880 N/B,,,12/11/2016 12:17:12 PM,A,S,50.0,SR-87,F,,D,12/11/2016 12:17:44 PM,12/11/2016 12:17:44 PM,,,2,,,,,,,
341833,9340-2016-11654,1,False,9340,12/4/2016 2:30:00 AM,230,681,1368,4313,San Jose,43,True,True,E,HIT OBJECT,,Sunday,Yes,False,M,,False,True,True,Santa Clara Superior,I,FIXED OBJECT,Concrete Wall,0,0,CLEAR,, NO UNUSUAL CONDITIONS,, ,D,DARK-NO STREET LIGHTS,37.2126,-121.50222,,,,,A,NO PEDESTRIANS INVOLVED,12/4/2016 12:00:00 AM,A,22107,False,1.0,I-680 S/B,,,12/11/2016 12:13:11 PM,A,N,1000.0,Alum Rock Ave,F,,D,12/11/2016 12:13:47 PM,12/11/2016 12:13:47 PM,,,2,,,,,,,
341830,9340-2016-11707,1,False,9340,12/6/2016 7:00:00 PM,1900,281,1368,4313,San Jose,43,True,True,C,REAR END,,Tuesday,NotApplicable,False,M,,False,True,False,Santa Clara Superior,C,OTHER MOTOR VEHICLE,,0,0,CLEAR,, NO UNUSUAL CONDITIONS,, ,D,DARK-NO STREET LIGHTS,37.31723,-121.93984,,,,,A,NO PEDESTRIANS INVOLVED,12/6/2016 12:00:00 AM,A,22350,False,1.0,I-280 S/B,,,12/11/2016 12:08:15 PM,A,S,5.0,SR-17,F,,D,12/11/2016 12:08:54 PM,12/11/2016 12:08:54 PM,,,2,,,,,,,
341747,9340-2016-11703,1,False,9340,12/6/2016 6:10:00 PM,1810,088,1368,4313,San Jose,43,True,True,C,REAR END,,Tuesday,NotApplicable,False,M,,False,True,False,Santa Clara Superior,C,OTHER MOTOR VEHICLE,,0,0,CLEAR,, NO UNUSUAL CONDITIONS,, ,D,DARK-NO STREET LIGHTS,37.34528,-121.92292,,,,,A,NO PEDESTRIANS INVOLVED,12/6/2016 12:00:00 AM,A,22106,False,1.0,I-880 N/B,,,12/10/2016 3:25:54 PM,A,N,1200.0,The Alameda,F,,D,12/10/2016 3:26:36 PM,12/10/2016 3:26:36 PM,,,2,,,,,,,
341737,9340-2016-11696,1,False,9340,12/6/2016 6:05:00 PM,1805,120,1368,4313,San Jose,43,True,True,C,REAR END,,Tuesday,NotApplicable,False,,,False,True,False,Santa Clara Superior,C,OTHER MOTOR VEHICLE,,0,0,CLEAR,, NO UNUSUAL CONDITIONS,, ,D,DARK-NO STREET LIGHTS,37.37755,-121.94549,,,,,A,NO PEDESTRIANS INVOLVED,12/6/2016 12:00:00 AM,A,22350,False,1.0,US101 N/B,,,12/10/2016 1:54:43 PM,A,N,500.0,Trimble Rd,F,,D,12/10/2016 1:55:21 PM,12/10/2016 1:55:21 PM,,,2,,,,,,,
341735,9340-2016-11650,1,False,9340,12/4/2016 2:50:00 PM,1450,120,1368,4313,San Jose,43,True,True,E,HIT OBJECT,,Sunday,Yes,False,,,False,True,True,Santa Clara Superior,A,NON-COLLISION,,1,0,CLEAR,, NO UNUSUAL CONDITIONS,, ,A,DAYLIGHT,37.37482,-121.93273,,,,,A,NO PEDESTRIANS INVOLVED,12/4/2016 12:00:00 AM,A,22107,False,1.0,US101 S/B,,,12/10/2016 1:38:05 PM,A,N,1320.0,SR-87,F,,D,12/10/2016 1:38:45 PM,12/10/2016 1:38:45 PM,,,2,,,,,,,
341730,9340-2016-11677,1,False,9340,12/5/2016 2:45:00 PM,1445,085,1368,4313,San Jose,43,True,True,C,REAR END,,Monday,NotApplicable,False,,,False,True,False,Santa Clara Superior,C,OTHER MOTOR VEHICLE,,0,0,CLEAR,, NO UNUSUAL CONDITIONS,, ,A,DAYLIGHT,37.15161,-121.52381,,,,,A,NO PEDESTRIANS INVOLVED,12/5/2016 12:00:00 AM,A,22350,False,1.0,SR-85 S/B TO ALMADEN EXPRESSWAY,,,12/10/2016 12:30:16 PM,A,N,375.0,Almaden Expy,F,,D,12/10/2016 12:30:49 PM,12/10/2016 12:30:49 PM,,,2,,,,,,,
341718,9340-2016-11047,1,False,9340,11/4/2016 4:06:00 PM,1606,089,1368,4313,San Jose,43,True,True,C,REAR END,,Friday,NotApplicable,False,M,,False,True,False,Santa Clara Superior,C,OTHER MOTOR VEHICLE,,0,0,CLEAR,, NO UNUSUAL CONDITIONS,, ,A,DAYLIGHT,37.318928,-121.94051,,,,,A,NO PEDESTRIANS INVOLVED,11/4/2016 12:00:00 AM,A,22107,False,1.0,I-880 S/B TO I-280 N/B,,,12/10/2016 10:14:52 AM,A,N,500.0,I-280,F,,D,12/10/2016 10:15:21 AM,12/10/2016 10:15:21 AM,,,2,,,,,,,
341713,9340-2016-11570,1,False,9340,12/1/2016 8:04:00 AM,804,230,1368,4313,San Jose,43,True,True,B,SIDE SWIPE,,Thursday,NotApplicable,False,,,False,True,False,Santa Clara Superior,C,OTHER MOTOR VEHICLE,,0,0,CLEAR,, NO UNUSUAL CONDITIONS,, ,A,DAYLIGHT,37.9872,-121.7923,,,,,A,NO PEDESTRIANS INVOLVED,12/1/2016 12:00:00 AM,A,21658(a),False,1.0,SR-237 W/B,,,12/10/2016 9:38:28 AM,A,E,2070.0,Zanker Rd,F,,D,12/10/2016 9:39:03 AM,12/10/2016 9:39:03 AM,,,2,,,,,,,
341539,9340-2016-11685,1,False,9340,12/6/2016 7:35:00 AM,735,120,1368,4313,San Jose,43,True,True,C,REAR END,,Tuesday,NotApplicable,False,M,,False,True,False,Santa Clara Superior,C,OTHER MOTOR VEHICLE,,0,0,CLEAR,, NO UNUSUAL CONDITIONS,, ,A,DAYLIGHT,37.36312,-121.89564,,,,,A,NO PEDESTRIANS INVOLVED,12/6/2016 12:00:00 AM,A,22350,False,1.0,US-101 N/B,,,12/9/2016 3:22:11 PM,A,N,200.0,13th St,F,,D,12/9/2016 3:22:56 PM,12/9/2016 3:22:56 PM,,,2,,,,,,,
341528,9340-2016-11701,1,False,9340,12/6/2016 2:50:00 PM,1450,110,1368,4313,San Jose,43,True,True,C,REAR END,,Tuesday,NotApplicable,False,,,False,True,False,Santa Clara Superior,C,OTHER MOTOR VEHICLE,,0,0,CLEAR,, NO UNUSUAL CONDITIONS,, ,A,DAYLIGHT,37.190471,-121.495919,,,,,A,NO PEDESTRIANS INVOLVED,12/6/2016 12:00:00 AM,A,21658(a),False,1.0,US-101 SOUTHBOUND,,,12/9/2016 3:12:01 PM,A,N,100.0,TULLY ROAD O/C,F,,D,12/9/2016 3:12:29 PM,12/9/2016 3:12:29 PM,,,2,,,,,,,
341335,9340-2016-11655,1,False,9340,12/4/2016 5:32:00 PM,1732,083,1368,4313,San Jose,43,True,True,C,REAR END,,Sunday,NotApplicable,False,,,False,True,True,Santa Clara Superior,C,OTHER MOTOR VEHICLE,,0,0,CLEAR,, NO UNUSUAL CONDITIONS,, ,C,DARK-STREET LIGHTS,37.25638,-121.87093,,,,,A,NO PEDESTRIANS INVOLVED,12/4/2016 12:00:00 AM,A,22350 VC,False,1.0,SR-85 N/B,,,12/9/2016 1:00:36 PM,A,S,100.0,ALMADEN EXPWY,F,,D,12/9/2016 1:01:06 PM,12/9/2016 1:01:06 PM,,,2,,,,,,,
341327,9340-2016-11625,1,False,9340,12/3/2016 7:50:00 AM,750,089,1368,4313,San Jose,43,True,True,E,HIT OBJECT,,Saturday,NotApplicable,False,,,False,True,True,Santa Clara Superior,J,OTHER OBJECT,WOOD DEBRIS,0,0,CLEAR,, NO UNUSUAL CONDITIONS,, ,A,DAYLIGHT,37.9873,-121.9864,,,,,A,NO PEDESTRIANS INVOLVED,12/3/2016 12:00:00 AM,A,22350,False,1.0,I-880 N/B,,,12/9/2016 12:54:18 PM,A,S,1500.0,FIRST ST.,F,,D,12/9/2016 12:54:47 PM,12/9/2016 12:54:47 PM,,,2,,,,,,,
341316,9340-2016-11623,1,False,9340,12/3/2016 12:40:00 PM,1240,089,1368,4313,San Jose,43,True,True,C,REAR END,,Saturday,NotApplicable,False,,,False,True,False,Santa Clara Superior,C,OTHER MOTOR VEHICLE,,0,0,CLEAR,, NO UNUSUAL CONDITIONS,, ,A,DAYLIGHT,37.534,-121.684,,,,,A,NO PEDESTRIANS INVOLVED,12/3/2016 12:00:00 AM,A,22350,False,1.0,I-880 S/B,,,12/9/2016 12:46:00 PM,A,N,1250.0,Old Bayshore Hwy,F,,D,12/9/2016 12:46:27 PM,12/9/2016 12:46:27 PM,,,2,,,,,,,
341289,9340-2016-11615,1,False,9340,12/2/2016 4:05:00 PM,1605,681,1368,4313,San Jose,43,True,True,C,REAR END,,Friday,NotApplicable,False,,,False,True,False,Santa Clara Superior,C,OTHER MOTOR VEHICLE,,2,0,CLEAR,, NO UNUSUAL CONDITIONS,, ,A,DAYLIGHT,37.36176,-121.84255,,,,,A,NO PEDESTRIANS INVOLVED,12/2/2016 12:00:00 AM,A,22350,False,1.0,I-680 S/B,,,12/9/2016 12:21:05 PM,A,N,830.0,Alum Rock Ave,F,,D,12/9/2016 12:21:37 PM,12/9/2016 12:21:37 PM,,,2,,,,,,,
341262,9340-2016-11555,1,False,9340,11/30/2016 7:45:00 PM,1945,282,1368,4313,San Jose,43,True,True,C,REAR END,,Wednesday,NotApplicable,False,M,,False,True,False,Santa Clara Superior,C,OTHER MOTOR VEHICLE,,0,0,CLOUDY,, NO UNUSUAL CONDITIONS,, ,D,DARK-NO STREET LIGHTS,37.31809,-121.98826,,,,,A,NO PEDESTRIANS INVOLVED,11/30/2016 12:00:00 AM,A,22350,False,1.0,I-280 S/B,,,12/9/2016 11:55:49 AM,B,S,2300.0,LAWRENCE EXPRESSWAY,F,,D,12/9/2016 11:56:25 AM,12/9/2016 11:56:25 AM,,,2,,,,,,,
341119,9340-2016-11751,1,False,9340,11/29/2016 7:30:00 AM,730,681,1368,4313,San Jose,43,True,True,C,REAR END,,Tuesday,NotApplicable,False,M,,False,True,True,Santa Clara Superior,C,OTHER MOTOR VEHICLE,,0,0,CLEAR,, NO UNUSUAL CONDITIONS,, Late-Reported,A,DAYLIGHT,,,,,,,A,NO PEDESTRIANS INVOLVED,11/29/2016 12:00:00 AM,A,22350,False,1.0,I-680 N/B,,,12/9/2016 9:30:03 AM,A,N,1500.0,McKee Rd,F,,D,12/9/2016 9:31:21 AM,12/9/2016 9:31:21 AM,,,2,,,,,,,
341071,9340-2016-11565,1,False,9340,11/30/2016 10:20:00 PM,2220,083,1368,4313,San Jose,43,True,True,E,HIT OBJECT,,Wednesday,Yes,False,F,,False,True,True,Santa Clara Superior,I,FIXED OBJECT,SOUND WALL,1,0,CLEAR,, NO UNUSUAL CONDITIONS,, ,C,DARK-STREET LIGHTS,37.24165,-121.80498,,,,,A,NO PEDESTRIANS INVOLVED,11/30/2016 12:00:00 AM,A,22350,False,1.0,SR-85 S/B,,,12/9/2016 9:02:07 AM,A,N,265.0,COTTLE ROAD,F,,D,12/9/2016 9:02:47 AM,12/9/2016 9:02:47 AM,,,2,,,,,,,
340614,9340-2016-11610,1,False,9340,12/2/2016 7:30:00 PM,1930,281,1368,4313,San Jose,43,True,True,C,REAR END,,Friday,NotApplicable,False,,,False,True,True,Santa Clara Superior,C,OTHER MOTOR VEHICLE,,1,0,CLEAR,, NO UNUSUAL CONDITIONS,, ,C,DARK-STREET LIGHTS,37.3163,-121.9181,,,,,A,NO PEDESTRIANS INVOLVED,12/2/2016 12:00:00 AM,A,22350,False,2.0,I-280 S/B TO MERIDIAN AVE.,,,12/8/2016 2:00:17 PM,A,N,400.0,MERIDIAN AVE.,F,,D,12/8/2016 2:01:21 PM,12/8/2016 2:01:21 PM,,,2,,,,,,,
340589,9340-2016-11581,1,False,9340,12/1/2016 3:20:00 PM,1520,088,1368,4313,San Jose,43,True,True,F,OVERTURNED,,Thursday,Yes,False,,,False,True,True,Santa Clara Superior,A,NON-COLLISION,,0,0,CLEAR,, NO UNUSUAL CONDITIONS,, ,A,DAYLIGHT,37.19066,-121.56298,,,,,A,NO PEDESTRIANS INVOLVED,12/1/2016 12:00:00 AM,A,23152(a),True,1.0,I-880 S/B TO I-280 S/B,,,12/8/2016 1:48:53 PM,A,N,14.0,I-280,F,,D,12/8/2016 1:49:32 PM,12/8/2016 1:49:32 PM,,,2,,,,,,,
340415,9725-2016-9264,1,False,9725,12/5/2016 2:15:00 AM,215,013,1368,4313,San Jose,43,True,True,E,HIT OBJECT,,Monday,Yes,False,,,False,True,True,San Jose Superior,I,FIXED OBJECT,Cement median wall,0,0,CLOUDY,, NO UNUSUAL CONDITIONS,, ,C,DARK-STREET LIGHTS,37.213379,-121.726699,,,,,A,NO PEDESTRIANS INVOLVED,12/5/2016 12:00:00 AM,A,23152(a),True,1.0,US-101 S/B,,,12/8/2016 11:55:52 AM,A,N,0.4,Bailey Avenue,M,,D,12/8/2016 11:56:45 AM,12/8/2016 11:56:45 AM,,,2,,,,,,,
340292,9725-2016-9246,1,False,9725,12/2/2016 4:15:00 PM,1615,013,1368,4313,San Jose,43,True,True,E,HIT OBJECT,,Friday,NotApplicable,False,,,False,True,False,Santa Clara Superior,J,OTHER OBJECT,Fiberglass Ladder,0,0,CLEAR,, NO UNUSUAL CONDITIONS,, ,A,DAYLIGHT,37.20636,-121.71745,,,,,A,NO PEDESTRIANS INVOLVED,12/2/2016 12:00:00 AM,A,23114(a),False,1.0,US-101 N/B,,,12/8/2016 10:46:42 AM,A,S,0.25,Bailey Avenue,M,,D,12/8/2016 10:47:29 AM,12/8/2016 10:47:29 AM,,,2,,,,,,,