Collision Id,	Report Number,	Report Version,	Is Preliminary,	NCIC Code,Crash Date Time,	Crash Time Description,	Beat,City Id,	City Code,	City Name,County Code,	City Is Active,	City Is Incorporated,	Collision Type Code,Collision Type Description,	Collision Type Other Desc,	Day Of Week,	DispatchNotified,	HasPhotographs,	HitRun,	IsAttachmentsMailed,	IsDeleted,	IsHighwayRelated,	IsTowAway,	JudicialDistrict,	MotorVehicleInvolvedWithCode,	MotorVehicleInvolvedWithDesc,MotorVehicleInvolvedWithOtherDesc,	NumberInjured,	NumberKilled,Weather 1, Weather 2, Road Condition 1, Road Condition 2, Special Condition,LightingCode, LightingDescription,Latitude,Longitude,MilepostDirection,MilepostDistance,MilepostMarker,MilepostUnitOfMeasure,	PedestrianActionCode,PedestrianActionDesc,PreparedDate,	Primary Collision Factor Code,Primary Collision Factor Violation,PrimaryCollisionFactorIsCited,	PrimaryCollisionPartyNumber,	PrimaryRoad,	ReportingDistrict,	ReportingDistrictCode,ReviewedDate,	RoadwaySurfaceCode,SecondaryDirection,	SecondaryDistance,	SecondaryRoad,	SecondaryUnitOfMeasure,	SketchDesc,	TrafficControlDeviceCode,CreatedDate,	ModifiedDate,IsCountyRoad,IsFreeway,CHP555Version,	IsAdditonalObjectStruck,NotificationDate,	NotificationTimeDescription,	HasDigitalMediaFiles,	EvidenceNumber,	IsLocationReferToNarrative,	IsAOIOneSameAsLocation
334784,9340-2016-11507,1,False,9340,11/28/2016 8:30:00 AM,830,110,1368,4313,San Jose,43,True,True,B,SIDE SWIPE,,Monday,NotApplicable,False,,,False,True,True,Santa Clara Superior,C,OTHER MOTOR VEHICLE,,1,0,CLOUDY,RAINING, NO UNUSUAL CONDITIONS,, ,A,DAYLIGHT,37.33538,-121.84793,S,50.0,101 SCL 34.546,F,A,NO PEDESTRIANS INVOLVED,11/28/2016 12:00:00 AM,A,21658(a),False,1.0,US-101 N.B.,,,12/1/2016 12:41:00 PM,B,S,50.0,Story Rd,F,,D,12/1/2016 12:41:43 PM,12/1/2016 12:41:43 PM,,,2,,,,,,,
334765,9340-2016-11430,1,False,9340,11/22/2016 4:11:00 PM,1611,110,1368,4313,San Jose,43,True,True,C,REAR END,,Tuesday,NotApplicable,False,,,False,True,True,Santa Clara Superior,C,OTHER MOTOR VEHICLE,,1,0,CLEAR,, NO UNUSUAL CONDITIONS,, ,D,DARK-NO STREET LIGHTS,37.314683,-121.827535,,,,,A,NO PEDESTRIANS INVOLVED,11/22/2016 12:00:00 AM,A,22350,False,1.0,US-101 N/B,,,12/1/2016 12:28:54 PM,A,S,1000.0,Tully Road,F,,D,12/1/2016 12:29:45 PM,12/1/2016 12:29:45 PM,,,2,,,,,,,
334761,9340-2016-11523,1,False,9340,11/28/2016 8:15:00 PM,2015,087,1368,4313,San Jose,43,True,True,C,REAR END,,Monday,NotApplicable,False,M,,False,True,False,Santa Clara Superior,C,OTHER MOTOR VEHICLE,,0,0,CLEAR,, NO UNUSUAL CONDITIONS,, ,C,DARK-STREET LIGHTS,37.32127,-121.89071,,,,,A,NO PEDESTRIANS INVOLVED,11/28/2016 12:00:00 AM,A,22350 VC,False,1.0,SR-87 N/B,,,12/1/2016 12:26:34 PM,A,S,400.0,I-280,F,,D,12/1/2016 12:27:05 PM,12/1/2016 12:27:05 PM,,,2,,,,,,,
334701,9340-2016-11494,1,False,9340,11/27/2016 3:25:00 PM,1525,110,1368,4313,San Jose,43,True,True,E,HIT OBJECT,,Sunday,NotApplicable,False,,,False,True,False,Santa Clara Superior,J,OTHER OBJECT,Metal storage shed,1,0,CLEAR,, NO UNUSUAL CONDITIONS,, ,A,DAYLIGHT,37.34796,-121.85957,,,,,A,NO PEDESTRIANS INVOLVED,11/27/2016 12:00:00 AM,C,,,,N/B US-101 TO ALUM ROCK AVENUE,,,12/1/2016 11:54:19 AM,A,S,860.0,Alum Rock Ave,F,,A,12/1/2016 11:54:58 AM,12/1/2016 11:54:58 AM,,,2,,,,,,,
334681,9725-2016-9235,1,False,9725,11/29/2016 2:30:00 AM,230,015,1368,4313,San Jose,43,True,True,E,HIT OBJECT,,Tuesday,Yes,False,,,False,True,True,Santa Clara Superior,I,FIXED OBJECT,PLASTIC BARRELS,1,0,CLEAR,, NO UNUSUAL CONDITIONS,, ,D,DARK-NO STREET LIGHTS,37.238538,-121.762893,,,,,A,NO PEDESTRIANS INVOLVED,11/29/2016 12:00:00 AM,A,22107,False,1.0,US-101 N/B,,,12/1/2016 11:39:27 AM,A,S,580.0,COYOTE CREEK U/C,F,,D,12/1/2016 11:40:13 AM,12/1/2016 11:40:13 AM,,,2,,,,,,,
334592,9340-2016-11490,1,False,9340,11/27/2016 8:20:00 AM,820,681,1368,4313,San Jose,43,True,True,E,HIT OBJECT,,Sunday,NotApplicable,False,,,False,True,True,Santa Clara Superior,I,FIXED OBJECT,TIRE,0,0,CLEAR,, NO UNUSUAL CONDITIONS,, ,A,DAYLIGHT,37.35359,-121.83781,,,,,A,NO PEDESTRIANS INVOLVED,11/27/2016 12:00:00 AM,A,22350,False,1.0,I-680 N/B,,,12/1/2016 10:48:02 AM,A,S,0.25,Alum Rock Ave,M,,D,12/1/2016 10:48:31 AM,12/1/2016 10:48:31 AM,,,2,,,,,,,
334589,9340-2016-11117,1,False,9340,11/8/2016 6:05:00 PM,1805,281,1368,4313,San Jose,43,True,True,C,REAR END,,Tuesday,NotApplicable,False,M,,False,True,False,Santa Clara Superior,C,OTHER MOTOR VEHICLE,,0,0,CLEAR,, NO UNUSUAL CONDITIONS,, ,D,DARK-NO STREET LIGHTS,37.329904,-121.870012,,,,,A,NO PEDESTRIANS INVOLVED,11/8/2016 12:00:00 AM,A,22350,False,2.0,I-280 N/B,,,12/1/2016 10:47:24 AM,A,S,400.0,11th Street,F,,D,12/1/2016 10:47:55 AM,12/1/2016 10:47:55 AM,,,2,,,,,,,
334573,9340-2016-11489,1,False,9340,11/27/2016 6:00:00 AM,600,282,1368,4313,San Jose,43,True,True,B,SIDE SWIPE,,Sunday,NotApplicable,False,,,False,True,True,Santa Clara Superior,C,OTHER MOTOR VEHICLE,,1,0,CLOUDY,RAINING, NO UNUSUAL CONDITIONS,, ,C,DARK-STREET LIGHTS,37.31702,-121.97498,,,,,A,NO PEDESTRIANS INVOLVED,11/27/2016 12:00:00 AM,A,22107,False,1.0,I-280 S/B,,,12/1/2016 10:38:14 AM,B,S,10.0,Saratoga Ave,F,,D,12/1/2016 10:38:49 AM,12/1/2016 10:38:49 AM,,,2,,,,,,,
334552,9340-2016-11403,1,False,9340,11/21/2016 10:17:00 PM,2217,282,1368,4313,San Jose,43,True,True,C,REAR END,,Monday,NotApplicable,False,M,,False,True,False,Santa Clara Superior,C,OTHER MOTOR VEHICLE,,0,0,CLEAR,, NO UNUSUAL CONDITIONS,, ,C,DARK-STREET LIGHTS,37.2787,-121.8063,,,,,A,NO PEDESTRIANS INVOLVED,11/21/2016 12:00:00 AM,A,21658(a),False,1.0,US101 N/B,,,12/1/2016 10:28:56 AM,A,S,500.0,Hellyer Ave,F,,D,12/1/2016 10:29:28 AM,12/1/2016 10:29:28 AM,,,2,,,,,,,
334549,9340-2016-10943,1,False,9340,10/31/2016 3:15:00 PM,1515,110,1368,4313,San Jose,43,True,True,B,SIDE SWIPE,,Monday,Yes,False,,,False,False,False,Santa Clara Superior,A,NON-COLLISION,,1,0,CLEAR,, NO UNUSUAL CONDITIONS,, ,A,DAYLIGHT,37.29552,-121.810073,,,,,A,NO PEDESTRIANS INVOLVED,10/31/2016 12:00:00 AM,A,22107,False,1.0,US-101 N/B,,,12/1/2016 10:26:40 AM,A,S,50.0,Yerba Buena Rd,F,,D,12/1/2016 10:28:32 AM,12/1/2016 10:28:32 AM,,,2,,,,,,,
334481,9725-2016-9234,1,False,9725,11/29/2016 6:18:00 PM,1818,085,1368,4313,San Jose,43,True,True,C,REAR END,,Tuesday,NotApplicable,False,M,,False,True,True,Santa Clara Superior,C,OTHER MOTOR VEHICLE,,1,0,CLEAR,, NO UNUSUAL CONDITIONS,, ,C,DARK-STREET LIGHTS,37.24584,-121.80153,S,425.0,85 SCL 1.973,F,A,NO PEDESTRIANS INVOLVED,11/29/2016 12:00:00 AM,A,22350,False,2.0,SR-85 NORTHBOUND,,,12/1/2016 9:44:08 AM,A,S,425.0,COTTLE ROAD,F,,D,12/1/2016 9:44:52 AM,12/1/2016 9:44:52 AM,,,2,,,,,,,
334370,9340-2016-11477,1,False,9340,11/26/2016 7:10:00 PM,1910,282,1368,4313,San Jose,43,True,True,E,HIT OBJECT,,Saturday,NotApplicable,False,,,False,True,False,Santa Clara Superior,I,FIXED OBJECT,GUARDRAIL,0,0,CLOUDY,, NO UNUSUAL CONDITIONS,, ,D,DARK-NO STREET LIGHTS,37.31718,-121.94073,,,,,A,NO PEDESTRIANS INVOLVED,11/26/2016 12:00:00 AM,A,22107,False,1.0,I-280 S/B,,,12/1/2016 8:40:22 AM,B,N,50.0,I-880,F,,D,12/1/2016 8:40:51 AM,12/1/2016 8:40:51 AM,,,2,,,,,,,
334351,9340-2016-11439,1,False,9340,11/23/2016 1:30:00 PM,1330,089,1368,4313,San Jose,43,True,True,B,SIDE SWIPE,,Wednesday,NotApplicable,False,M,,False,True,False,Santa Clara Superior,C,OTHER MOTOR VEHICLE,,0,0,CLEAR,, NO UNUSUAL CONDITIONS,, ,A,DAYLIGHT,37.36782,-121.90126,,,,,A,NO PEDESTRIANS INVOLVED,11/23/2016 12:00:00 AM,A,22107,False,1.0,I-880 S/B,,,12/1/2016 8:30:13 AM,A,N,160.0,Old Bayshore Hwy,F,,D,12/1/2016 8:30:49 AM,12/1/2016 8:30:49 AM,,,2,,,,,,,
334329,9340-2016-11525,1,False,9340,11/29/2016 12:25:00 AM,25,172,1368,4313,San Jose,43,True,True,E,HIT OBJECT,,Tuesday,NotApplicable,False,,,False,True,True,Santa Clara Superior,I,FIXED OBJECT,FENCE,1,0,CLEAR,, NO UNUSUAL CONDITIONS,, ,C,DARK-STREET LIGHTS,37.3169,-121.9397,,,,,A,NO PEDESTRIANS INVOLVED,11/29/2016 12:00:00 AM,A,23152A,False,1.0,SR-17 N/B TO I-280 S/B,,,12/1/2016 8:17:28 AM,A,S,12.0,I-280 S/B,F,,D,12/1/2016 8:18:27 AM,12/1/2016 8:18:27 AM,,,2,,,,,,,
334315,9340-2016-11360,1,False,9340,11/20/2016 7:10:00 PM,1910,110,1368,4313,San Jose,43,True,True,C,REAR END,,Sunday,Yes,False,,,False,True,False,Santa Clara Superior,C,OTHER MOTOR VEHICLE,,1,0,CLOUDY,, NO UNUSUAL CONDITIONS,, ,D,DARK-NO STREET LIGHTS,37.30259,-121.81836,,,,,A,NO PEDESTRIANS INVOLVED,11/20/2016 12:00:00 AM,A,22350,False,1.0,US-101 S/B (TO CAPITOL EXPRESSWAY),,,12/1/2016 8:11:39 AM,B,N,50.0,CAPITOL EXPRESSWAY,F,,D,12/1/2016 8:12:21 AM,12/1/2016 8:12:21 AM,,,2,,,,,,,
334310,9340-2016-11374,1,False,9340,11/20/2016 2:00:00 AM,200,110,1368,4313,San Jose,43,True,True,C,REAR END,,Sunday,NotApplicable,False,,,False,True,True,Santa Clara Superior,C,OTHER MOTOR VEHICLE,,0,0,CLEAR,, NO UNUSUAL CONDITIONS,, ,D,DARK-NO STREET LIGHTS,37.27022,-121.803,,,,,A,NO PEDESTRIANS INVOLVED,11/20/2016 12:00:00 AM,A,22350,False,1.0,US-101 S/B,,,12/1/2016 8:09:51 AM,B,S,2575.0,Hellyer Ave,F,,D,12/1/2016 8:10:22 AM,12/1/2016 8:10:22 AM,,,2,,,,,,,
333720,9340-2016-11474,1,False,9340,11/26/2016 1:40:00 PM,1340,087,1368,4313,San Jose,43,True,True,B,SIDE SWIPE,,Saturday,NotApplicable,False,,,False,True,False,Santa Clara Superior,C,OTHER MOTOR VEHICLE,,1,0,CLEAR,, NO UNUSUAL CONDITIONS,, ,A,DAYLIGHT,37.32448,-121.8923,,,,,A,NO PEDESTRIANS INVOLVED,11/26/2016 12:00:00 AM,A,21658(a),False,1.0,SR-87 N/B TO AUZERAIS AVENUE,,,11/30/2016 1:46:44 PM,B,N,140.0,I-280,F,,D,11/30/2016 1:47:17 PM,11/30/2016 1:47:17 PM,,,2,,,,,,,
333705,9340-2016-11444,1,False,9340,11/24/2016 4:15:00 AM,415,088,1368,4313,San Jose,43,True,True,B,SIDE SWIPE,,Thursday,NotApplicable,False,,,False,True,False,Santa Clara Superior,C,OTHER MOTOR VEHICLE,,0,0,CLEAR,, NO UNUSUAL CONDITIONS,, ,D,DARK-NO STREET LIGHTS,37.35118,-121.91456,,,,,A,NO PEDESTRIANS INVOLVED,11/24/2016 12:00:00 AM,A,22350,False,1.0,I-880 N/B,,,11/30/2016 1:32:02 PM,A,N,1168.0,Coleman Ave,F,,D,11/30/2016 1:39:33 PM,11/30/2016 1:39:33 PM,,,2,,,,,,,
333676,9340-2016-11478,1,False,9340,11/26/2016 4:50:00 PM,1650,281,1368,4313,San Jose,43,True,True,B,SIDE SWIPE,,Saturday,NotApplicable,False,,,False,True,True,Santa Clara Superior,C,OTHER MOTOR VEHICLE,,0,0,CLOUDY,RAINING, NO UNUSUAL CONDITIONS,, ,B,DUSK-DAWN,37.1923,-121.5557,,,,,A,NO PEDESTRIANS INVOLVED,11/26/2016 12:00:00 AM,A,21658(a),False,1.0,I-280 N/B TO SR-17 S/B,,,11/30/2016 1:29:20 PM,B,S,1000.0,SR-17,F,,D,11/30/2016 1:29:57 PM,11/30/2016 1:29:57 PM,,,2,,,,,,,
333527,9340-2016-11488,1,False,9340,11/26/2016 9:25:00 AM,925,681,1368,4313,San Jose,43,True,True,C,REAR END,,Saturday,NotApplicable,False,,,False,True,True,Santa Clara Superior,C,OTHER MOTOR VEHICLE,,2,0,CLOUDY,RAINING, NO UNUSUAL CONDITIONS,, ,A,DAYLIGHT,37.393587,-121.872794,,,,,A,NO PEDESTRIANS INVOLVED,11/26/2016 12:00:00 AM,A,22107,False,1.0,I-680 S/B,,,11/30/2016 12:17:17 PM,B,S,600.0,Hostetter Rd,F,,D,11/30/2016 12:17:50 PM,11/30/2016 12:17:50 PM,,,2,,,,,,,
333351,9340-2016-11476,1,False,9340,11/26/2016 4:18:00 PM,1618,110,1368,4313,San Jose,43,True,True,C,REAR END,,Saturday,NotApplicable,False,,,False,True,True,Santa Clara Superior,C,OTHER MOTOR VEHICLE,,0,0,RAINING,, NO UNUSUAL CONDITIONS,, ,A,DAYLIGHT,37.36297,-121.88936,,,,,A,NO PEDESTRIANS INVOLVED,11/26/2016 12:00:00 AM,A,22350 VC,False,1.0,US-101 N/B,,,11/30/2016 10:42:55 AM,B,S,100.0,13th St,F,,D,11/30/2016 10:43:38 AM,11/30/2016 10:43:38 AM,,,2,,,,,,,
333342,9340-2016-11473,1,False,9340,11/26/2016 8:52:00 AM,852,281,1368,4313,San Jose,43,True,True,B,SIDE SWIPE,,Saturday,NotApplicable,False,,,False,True,False,Santa Clara Superior,C,OTHER MOTOR VEHICLE,,0,0,RAINING,, NO UNUSUAL CONDITIONS,, ,A,DAYLIGHT,37.1939,-121.5251,,,,,A,NO PEDESTRIANS INVOLVED,11/26/2016 12:00:00 AM,A,21658A,False,1.0,I-280 N/B,,,11/30/2016 10:37:54 AM,B,N,1500.0,4th St,F,,D,11/30/2016 10:38:28 AM,11/30/2016 10:38:28 AM,,,2,,,,,,,
333337,9340-2016-11466,1,False,9340,11/25/2016 1:10:00 PM,1310,087,1368,4313,San Jose,43,True,True,C,REAR END,,Friday,Yes,False,,,False,True,True,Santa Clara Superior,C,OTHER MOTOR VEHICLE,,1,0,CLEAR,, NO UNUSUAL CONDITIONS,, ,A,DAYLIGHT,37.34269,-121.90119,,,,,A,NO PEDESTRIANS INVOLVED,11/25/2016 12:00:00 AM,A,21658(a),False,1.0,SR-87 N/B,,,11/30/2016 10:34:55 AM,A,S,1500.0,Taylor St,F,,D,11/30/2016 10:35:36 AM,11/30/2016 10:35:36 AM,,,2,,,,,,,
333303,9340-2016-11454,1,False,9340,11/24/2016 2:10:00 PM,1410,681,1368,4313,San Jose,43,True,True,C,REAR END,,Thursday,Yes,False,,,False,True,True,Santa Clara Superior,C,OTHER MOTOR VEHICLE,,0,0,CLEAR,, NO UNUSUAL CONDITIONS,, ,A,DAYLIGHT,37.368743,-121.844457,,,,,A,NO PEDESTRIANS INVOLVED,11/24/2016 12:00:00 AM,A,22350,False,1.0,I-680 N/B (TO E/B MCKEE RD),,,11/30/2016 10:17:21 AM,A,S,100.0,McKee Rd,F,,D,11/30/2016 10:17:57 AM,11/30/2016 10:17:57 AM,,,2,,,,,,,
333288,9340-2016-11464,1,False,9340,11/24/2016 6:10:00 PM,1810,120,1368,4313,San Jose,43,True,True,D,BROADSIDE,,Thursday,Yes,False,,,False,True,True,Santa Clara Superior,C,OTHER MOTOR VEHICLE,,1,0,CLEAR,, NO UNUSUAL CONDITIONS,, ,C,DARK-STREET LIGHTS,37.69426,-121.91047,,,,,A,NO PEDESTRIANS INVOLVED,11/24/2016 12:00:00 AM,A,21803(a),False,1.0,us-101 s/b from first st.,,,11/30/2016 10:09:20 AM,A,S,1850.0,N. FIRST ST.,F,,D,11/30/2016 10:10:02 AM,11/30/2016 10:10:02 AM,,,2,,,,,,,
333250,9340-2016-11446,1,False,9340,11/24/2016 4:10:00 AM,410,088,1368,4313,San Jose,43,True,True,E,HIT OBJECT,,Thursday,NotApplicable,False,,,False,True,True,Santa Clara Superior,I,FIXED OBJECT,Concrete wall,2,0,CLEAR,, NO UNUSUAL CONDITIONS,, ,C,DARK-STREET LIGHTS,37.35122,-121.91454,,,,,A,NO PEDESTRIANS INVOLVED,11/24/2016 12:00:00 AM,A,22107,False,1.0,I-880,,,11/30/2016 9:58:30 AM,A,N,1300.0,Coleman Ave,F,,D,11/30/2016 9:59:03 AM,11/30/2016 9:59:03 AM,,,2,,,,,,,
333208,9340-2016-11427,1,False,9340,11/22/2016 9:25:00 PM,2125,087,1368,4313,San Jose,43,True,True,E,HIT OBJECT,,Tuesday,Yes,False,,,False,True,True,Santa Clara Superior,I,FIXED OBJECT,Concrete wall,0,0,CLEAR,, OBSTRUCTION ON ROADWAY*,, ,D,DARK-NO STREET LIGHTS,37.313525,-122.152887,,,,,A,NO PEDESTRIANS INVOLVED,11/22/2016 12:00:00 AM,A,22107,False,1.0,SR-87 S/B,,,11/30/2016 9:45:52 AM,A,N,300.0,I-280,F,,D,11/30/2016 9:46:32 AM,11/30/2016 9:46:32 AM,,,2,,,,,,,
333154,9340-2016-11400,1,False,9340,11/22/2016 7:30:00 AM,730,901,1368,4313,San Jose,43,True,True,D,BROADSIDE,,Tuesday,NotApplicable,False,,,False,True,False,Santa Clara Superior,C,OTHER MOTOR VEHICLE,,0,0,CLEAR,, NO UNUSUAL CONDITIONS,, School Bus Collision,A,DAYLIGHT,37.1955,-121.4921,,,,,A,NO PEDESTRIANS INVOLVED,11/22/2016 12:00:00 AM,A,22106,False,1.0,BAYHAVEN DR E/B,,,11/30/2016 9:28:38 AM,A,N,900.0,Waverly Ave,F,,D,11/30/2016 9:29:22 AM,11/30/2016 9:29:22 AM,,,2,,,,,,,
333150,9340-2016-11451,1,False,9340,11/24/2016 8:50:00 AM,850,681,1368,4313,San Jose,43,True,True,E,HIT OBJECT,,Thursday,NotApplicable,False,,,False,True,False,Santa Clara Superior,J,OTHER OBJECT,Bedliner,0,0,CLEAR,, NO UNUSUAL CONDITIONS,, ,A,DAYLIGHT,37.37257,-121.85092,,,,,A,NO PEDESTRIANS INVOLVED,11/24/2016 12:00:00 AM,A,23114(a),False,1.0,I-680 S/B,,,11/30/2016 9:26:48 AM,A,N,2000.0,McKee Rd,F,,D,11/30/2016 9:27:24 AM,11/30/2016 9:27:24 AM,,,2,,,,,,,
333031,9340-2016-11462,1,False,9340,11/25/2016 12:20:00 AM,20,281,1368,4313,San Jose,43,True,True,E,HIT OBJECT,,Friday,Yes,False,,,False,True,False,Santa Clara Superior,I,FIXED OBJECT,GUARD RAIL,0,0,CLEAR,, NO UNUSUAL CONDITIONS,, ,D,DARK-NO STREET LIGHTS,37.325324,-121.88453,,,,,A,NO PEDESTRIANS INVOLVED,11/25/2016 12:00:00 AM,A,23152(a),False,1.0,I-280 S/B,,,11/30/2016 8:20:38 AM,A,S,2200.0,SR-87,F,,D,11/30/2016 8:21:21 AM,11/30/2016 8:21:21 AM,,,2,,,,,,,
332880,9340-2016-11384,1,False,9340,11/21/2016 5:00:00 PM,1700,120,1368,4313,San Jose,43,True,True,C,REAR END,,Monday,NotApplicable,False,,,False,True,True,Santa Clara Superior,C,OTHER MOTOR VEHICLE,,0,0,CLEAR,, NO UNUSUAL CONDITIONS,, ,D,DARK-NO STREET LIGHTS,37.363437,-121.897697,,,,,A,NO PEDESTRIANS INVOLVED,11/21/2016 12:00:00 AM,A,22350,False,1.0,US-101 S/B,,,11/30/2016 6:52:45 AM,A,S,100.0,10th St,F,,D,11/30/2016 6:53:16 AM,11/30/2016 6:53:16 AM,,,2,,,,,,,
332583,9340-2016-11443,1,False,9340,11/23/2016 9:45:00 PM,2145,120,1368,4313,San Jose,43,True,True,C,REAR END,,Wednesday,NotApplicable,False,M,,False,True,False,Santa Clara Superior,C,OTHER MOTOR VEHICLE,,0,0,CLEAR,, NO UNUSUAL CONDITIONS,, ,C,DARK-STREET LIGHTS,37.39654,-121.01594,,,,,A,NO PEDESTRIANS INVOLVED,11/23/2016 12:00:00 AM,A,22350,False,1.0,US-101,,,11/29/2016 3:13:25 PM,A,S,860.0,Mathilda Ave,F,,D,11/29/2016 3:13:54 PM,11/29/2016 3:13:54 PM,,,2,,,,,,,
332520,9340-2016-11445,1,False,9340,11/23/2016 9:40:00 PM,2140,110,1368,4313,San Jose,43,True,True,C,REAR END,,Wednesday,NotApplicable,False,M,,False,True,True,Santa Clara Superior,C,OTHER MOTOR VEHICLE,,0,0,CLEAR,, NO UNUSUAL CONDITIONS,, ,A,DAYLIGHT,37.33962,-121.84999,,,,,A,NO PEDESTRIANS INVOLVED,11/23/2016 12:00:00 AM,A,21658(a),False,1.0,US-101 N/B TO I-280 N/B,,,11/29/2016 2:42:44 PM,A,S,500.0,I-280,F,,D,11/29/2016 2:43:15 PM,11/29/2016 2:43:15 PM,,,2,,,,,,,
332449,9340-2016-11432,1,False,9340,11/23/2016 3:45:00 PM,1545,282,1368,4313,San Jose,43,True,True,C,REAR END,,Wednesday,NotApplicable,False,M,,False,True,False,Santa Clara Superior,C,OTHER MOTOR VEHICLE,,0,0,CLEAR,, NO UNUSUAL CONDITIONS,, ,A,DAYLIGHT,37.3182,-121.97565,,,,,A,NO PEDESTRIANS INVOLVED,11/23/2016 12:00:00 AM,A,22350,False,1.0,I-280 N/B TO SARATOGA AVE. W/B,,,11/29/2016 1:56:22 PM,A,S,50.0,SARATOGA AVE.,F,,D,11/29/2016 1:56:54 PM,11/29/2016 1:56:54 PM,,,2,,,,,,,
332430,9340-2016-11417,1,False,9340,11/22/2016 11:30:00 PM,2330,110,1368,4313,San Jose,43,True,True,B,SIDE SWIPE,,Tuesday,NotApplicable,False,,,False,True,False,Santa Clara Superior,C,OTHER MOTOR VEHICLE,,0,0,CLEAR,, NO UNUSUAL CONDITIONS,, ,C,DARK-STREET LIGHTS,37.1912,-121.5,,,,,A,NO PEDESTRIANS INVOLVED,11/22/2016 12:00:00 AM,A,21658(a),False,1.0,US101 S/B,,,11/29/2016 1:46:06 PM,A,N,600.0,Tully Rd,F,,D,11/29/2016 1:46:40 PM,11/29/2016 1:46:40 PM,,,2,,,,,,,
332388,9340-2016-11424,1,False,9340,11/22/2016 10:40:00 PM,2240,120,1368,4313,San Jose,43,True,True,B,SIDE SWIPE,,Tuesday,NotApplicable,False,M,,False,True,False,Santa Clara Superior,C,OTHER MOTOR VEHICLE,,0,0,CLOUDY,, NO UNUSUAL CONDITIONS,, ,C,DARK-STREET LIGHTS,37.231539,-121.59007,,,,,A,NO PEDESTRIANS INVOLVED,11/22/2016 12:00:00 AM,A,21658(a),False,,US-101 N/B,,,11/29/2016 1:21:05 PM,A,N,0.36,GREAT AMERICA PARKWAY O/C,M,,D,11/29/2016 1:21:42 PM,11/29/2016 1:21:42 PM,,,2,,,,,,,
332271,9340-2016-11412,1,False,9340,11/22/2016 3:30:00 PM,1530,120,1368,4313,San Jose,43,True,True,C,REAR END,,Tuesday,NotApplicable,False,M,,False,True,False,Santa Clara Superior,C,OTHER MOTOR VEHICLE,,0,0,CLEAR,, NO UNUSUAL CONDITIONS,, ,A,DAYLIGHT,37.36409,-121.90209,,,,,A,NO PEDESTRIANS INVOLVED,11/22/2016 12:00:00 AM,A,22350,False,1.0,US101 SB,,,11/29/2016 12:40:59 PM,A,N,50.0,I880,F,,D,11/29/2016 12:41:34 PM,11/29/2016 12:41:34 PM,,,2,,,,,,,
332234,9340-2016-11410,1,False,9340,11/22/2016 4:25:00 PM,1625,282,1368,4313,San Jose,43,True,True,C,REAR END,,Tuesday,Yes,False,,,False,True,False,Santa Clara Superior,C,OTHER MOTOR VEHICLE,,1,0,CLEAR,, NO UNUSUAL CONDITIONS,, ,B,DUSK-DAWN,37.31671,-121.9739,,,,,A,NO PEDESTRIANS INVOLVED,11/22/2016 12:00:00 AM,A,22350,False,1.0,I-280 S/B,,,11/29/2016 12:29:39 PM,A,S,80.0,SARATOGA AVENUE,F,,D,11/29/2016 12:30:40 PM,11/29/2016 12:30:40 PM,,,2,,,,,,,
332208,9340-2016-11407,1,False,9340,11/22/2016 4:15:00 PM,1615,681,1368,4313,San Jose,43,True,True,C,REAR END,,Tuesday,NotApplicable,False,,,False,True,False,Santa Clara Superior,C,OTHER MOTOR VEHICLE,,0,0,CLEAR,, NO UNUSUAL CONDITIONS,, ,A,DAYLIGHT,37.21987,-121.5015,,,,,A,NO PEDESTRIANS INVOLVED,11/22/2016 12:00:00 AM,A,22350,False,1.0,I-680 N/B to Capitol Expy,,,11/29/2016 12:16:06 PM,A,S,300.0,Capitol Expy,F,,D,11/29/2016 12:16:39 PM,11/29/2016 12:16:39 PM,,,2,,,,,,,
332204,9340-2016-11509,1,False,9340,11/28/2016 9:45:00 AM,945,281,1368,4313,San Jose,43,True,True,C,REAR END,,Monday,NotApplicable,False,,,False,True,False,Santa Clara Superior,C,OTHER MOTOR VEHICLE,,0,0,CLOUDY,, NO UNUSUAL CONDITIONS,, ,A,DAYLIGHT,37.1859,-121.5426,,,,,A,NO PEDESTRIANS INVOLVED,11/28/2016 12:00:00 AM,A,22350,False,1.0,I-280 S/B,,,11/29/2016 12:14:06 PM,B,S,100.0,race street,F,,D,11/29/2016 12:14:35 PM,11/29/2016 12:14:35 PM,,,2,,,,,,,