Collision Id,	Report Number,	Report Version,	Is Preliminary,	NCIC Code,Crash Date Time,	Crash Time Description,	Beat,City Id,	City Code,	City Name,County Code,	City Is Active,	City Is Incorporated,	Collision Type Code,Collision Type Description,	Collision Type Other Desc,	Day Of Week,	DispatchNotified,	HasPhotographs,	HitRun,	IsAttachmentsMailed,	IsDeleted,	IsHighwayRelated,	IsTowAway,	JudicialDistrict,	MotorVehicleInvolvedWithCode,	MotorVehicleInvolvedWithDesc,MotorVehicleInvolvedWithOtherDesc,	NumberInjured,	NumberKilled,Weather 1, Weather 2, Road Condition 1, Road Condition 2, Special Condition,LightingCode, LightingDescription,Latitude,Longitude,MilepostDirection,MilepostDistance,MilepostMarker,MilepostUnitOfMeasure,	PedestrianActionCode,PedestrianActionDesc,PreparedDate,	Primary Collision Factor Code,Primary Collision Factor Violation,PrimaryCollisionFactorIsCited,	PrimaryCollisionPartyNumber,	PrimaryRoad,	ReportingDistrict,	ReportingDistrictCode,ReviewedDate,	RoadwaySurfaceCode,SecondaryDirection,	SecondaryDistance,	SecondaryRoad,	SecondaryUnitOfMeasure,	SketchDesc,	TrafficControlDeviceCode,CreatedDate,	ModifiedDate,IsCountyRoad,IsFreeway,CHP555Version,	IsAdditonalObjectStruck,NotificationDate,	NotificationTimeDescription,	HasDigitalMediaFiles,	EvidenceNumber,	IsLocationReferToNarrative,	IsAOIOneSameAsLocation
332201,9340-2016-11405,1,False,9340,11/22/2016 4:10:00 PM,1610,281,1368,4313,San Jose,43,True,True,C,REAR END,,Tuesday,NotApplicable,False,,,False,True,True,Santa Clara Superior,C,OTHER MOTOR VEHICLE,,0,0,CLEAR,, NO UNUSUAL CONDITIONS,, ,A,DAYLIGHT,37.320361,-121.900627,,,,,A,NO PEDESTRIANS INVOLVED,11/22/2016 12:00:00 AM,A,22350,False,1.0,I-280 S/B,,,11/29/2016 12:12:54 PM,A,N,400.0,Bird Avenue,F,,D,11/29/2016 12:13:23 PM,11/29/2016 12:13:23 PM,,,2,,,,,,,
332110,9340-2016-11415,1,False,9340,11/22/2016 6:15:00 PM,1815,230,1368,4313,San Jose,43,True,True,C,REAR END,,Tuesday,NotApplicable,False,,,False,True,True,Santa Clara Superior,C,OTHER MOTOR VEHICLE,,0,0,CLEAR,, NO UNUSUAL CONDITIONS,, ,C,DARK-STREET LIGHTS,37.25874,-121.565153,,,,,A,NO PEDESTRIANS INVOLVED,11/22/2016 12:00:00 AM,A,22350,False,1.0,SR-237 E/B,,,11/29/2016 11:10:24 AM,A,W,2200.0,Zanker Rd,F,,D,11/29/2016 11:11:15 AM,11/29/2016 11:11:15 AM,,,2,,,,,,,
332052,9340-2016-11414,1,False,9340,11/22/2016 5:30:00 PM,1730,230,1368,4313,San Jose,43,True,True,C,REAR END,,Tuesday,NotApplicable,False,,,False,True,True,Santa Clara Superior,C,OTHER MOTOR VEHICLE,,0,0,CLEAR,, NO UNUSUAL CONDITIONS,, ,C,DARK-STREET LIGHTS,37.25831,-121.574108,,,,,A,NO PEDESTRIANS INVOLVED,11/22/2016 12:00:00 AM,A,22350,False,1.0,SR-237 E/B,,,11/29/2016 10:37:40 AM,A,W,500.0,1st St,F,,D,11/29/2016 10:38:10 AM,11/29/2016 10:38:10 AM,,,2,,,,,,,
332037,9340-2016-11413,1,False,9340,11/22/2016 4:00:00 PM,1600,089,1368,4313,San Jose,43,True,True,C,REAR END,,Tuesday,NotApplicable,False,,,False,True,True,Santa Clara Superior,C,OTHER MOTOR VEHICLE,,0,0,CLEAR,, NO UNUSUAL CONDITIONS,, ,A,DAYLIGHT,37.24095,-121.543159,,,,,A,NO PEDESTRIANS INVOLVED,11/22/2016 12:00:00 AM,A,22350,False,1.0,I-880 S/B,,,11/29/2016 10:32:07 AM,A,S,400.0,Montague Expy,F,,D,11/29/2016 10:32:42 AM,11/29/2016 10:32:42 AM,,,2,,,,,,,
331981,9340-2016-11385,1,False,9340,11/21/2016 5:15:00 PM,1715,083,1368,4313,San Jose,43,True,True,C,REAR END,,Monday,NotApplicable,False,,,False,True,False,Santa Clara Superior,C,OTHER MOTOR VEHICLE,,0,0,CLEAR,, NO UNUSUAL CONDITIONS,, ,D,DARK-NO STREET LIGHTS,37.25569,-121.85569,,,,,A,NO PEDESTRIANS INVOLVED,11/21/2016 12:00:00 AM,A,22350,False,1.0,SR-85 N/B,,,11/29/2016 10:05:34 AM,A,S,1000.0,Santa Teresa Boulevard,F,,D,11/29/2016 10:06:03 AM,11/29/2016 10:06:03 AM,,,2,,,,,,,
331971,9340-2016-11371,1,False,9340,11/21/2016 2:05:00 AM,205,087,1368,4313,San Jose,43,True,True,E,HIT OBJECT,,Monday,Yes,False,,,False,True,True,Santa Clara Superior,I,FIXED OBJECT,CENTER DIVIDE,0,0,CLEAR,, NO UNUSUAL CONDITIONS,, ,C,DARK-STREET LIGHTS,37.29801,-121.87452,,,,,A,NO PEDESTRIANS INVOLVED,11/21/2016 12:00:00 AM,A,23152(a),False,1.0,SR-87 S/B,,,11/29/2016 10:03:13 AM,B,N,1000.0,Curtner Ave,F,,D,11/29/2016 10:03:53 AM,11/29/2016 10:03:53 AM,,,2,,,,,,,
331956,9340-2016-11389,1,False,9340,11/21/2016 4:00:00 PM,1600,089,1368,4313,San Jose,43,True,True,C,REAR END,,Monday,NotApplicable,False,,,False,True,False,Santa Clara Superior,C,OTHER MOTOR VEHICLE,,0,0,CLEAR,, NO UNUSUAL CONDITIONS,, ,A,DAYLIGHT,37.37829,-121.90395,,,,,A,NO PEDESTRIANS INVOLVED,11/21/2016 12:00:00 AM,A,22350,False,1.0,I880 SB,,,11/29/2016 9:57:30 AM,A,S,300.0,Old Bayshore Hwy,F,,D,11/29/2016 9:58:13 AM,11/29/2016 9:58:13 AM,,,2,,,,,,,
331950,9340-2016-11395,1,False,9340,11/21/2016 5:55:00 PM,1755,089,1368,4313,San Jose,43,True,True,C,REAR END,,Monday,NotApplicable,False,,,False,True,False,Santa Clara Superior,C,OTHER MOTOR VEHICLE,,0,0,CLEAR,, NO UNUSUAL CONDITIONS,, ,C,DARK-STREET LIGHTS,37.20825,-121.56495,,,,,A,NO PEDESTRIANS INVOLVED,11/21/2016 12:00:00 AM,A,22350,False,1.0,I-880 N/B,,,11/29/2016 9:54:08 AM,A,N,680.0,Bascom Ave,F,,D,11/29/2016 9:54:36 AM,11/29/2016 9:54:36 AM,,,2,,,,,,,
331932,9340-2016-11393,1,False,9340,11/21/2016 5:30:00 PM,1730,901,1368,4313,San Jose,43,True,True,B,SIDE SWIPE,,Monday,NotApplicable,False,,,False,False,False,Santa Clara Superior,C,OTHER MOTOR VEHICLE,,0,0,CLEAR,, NO UNUSUAL CONDITIONS,, ,C,DARK-STREET LIGHTS,37.255572,-121.541929,,,,,A,NO PEDESTRIANS INVOLVED,11/21/2016 12:00:00 AM,D,,,,O'Toole Ave,,,11/29/2016 9:49:50 AM,A,,,Brokaw Rd,,,D,11/29/2016 9:50:20 AM,11/29/2016 9:50:20 AM,,,2,,,,,,,
331869,9340-2016-11381,1,False,9340,11/21/2016 2:50:00 PM,1450,083,1368,4313,San Jose,43,True,True,B,SIDE SWIPE,,Monday,NotApplicable,False,,,False,True,False,Santa Clara Superior,C,OTHER MOTOR VEHICLE,,0,0,CLEAR,, NO UNUSUAL CONDITIONS,, ,A,DAYLIGHT,37.25433,-121.87867,,,,,A,NO PEDESTRIANS INVOLVED,11/21/2016 12:00:00 AM,A,21658(a),False,1.0,SR-85 S/B,,,11/29/2016 9:32:52 AM,A,N,500.0,Almaden Expy,F,,D,11/29/2016 9:33:27 AM,11/29/2016 9:33:27 AM,,,2,,,,,,,
355044,9340-2016-12031,1,False,9340,12/22/2016 10:00:00 AM,1000,120,1368,4313,San Jose,43,True,True,C,REAR END,,Thursday,NotApplicable,False,,,False,True,True,Santa Clara Superior,C,OTHER MOTOR VEHICLE,,0,0,CLEAR,, NO UNUSUAL CONDITIONS,, ,A,DAYLIGHT,39.3782,-121.9491,,,,,A,NO PEDESTRIANS INVOLVED,12/22/2016 12:00:00 AM,A,22350,False,1.0,US101 N/B,,,12/27/2016 12:14:38 PM,A,N,220.0,Lafayette St,F,,D,12/27/2016 12:15:14 PM,12/27/2016 12:15:14 PM,,,2,,,,,,,
355039,9340-2016-12037,1,False,9340,12/22/2016 4:10:00 PM,1610,281,1368,4313,San Jose,43,True,True,C,REAR END,,Thursday,NotApplicable,False,,,False,True,False,Santa Clara Superior,C,OTHER MOTOR VEHICLE,,0,0,CLEAR,, NO UNUSUAL CONDITIONS,, ,D,DARK-NO STREET LIGHTS,37.32611,-121.88375,,,,,A,NO PEDESTRIANS INVOLVED,12/22/2016 12:00:00 AM,A,22350,False,1.0,I-280 N/B,,,12/27/2016 12:11:03 PM,A,N,150.0,1st St,F,,D,12/27/2016 12:11:31 PM,12/27/2016 12:11:31 PM,,,2,,,,,,,
354945,9340-2016-12035,1,False,9340,12/22/2016 8:00:00 PM,2000,110,1368,4313,San Jose,43,True,True,B,SIDE SWIPE,,Thursday,NotApplicable,False,M,,False,True,False,Santa Clara Superior,C,OTHER MOTOR VEHICLE,,0,0,CLEAR,, NO UNUSUAL CONDITIONS,, ,B,DUSK-DAWN,37.34748,-121.85973,,,,,A,NO PEDESTRIANS INVOLVED,12/22/2016 12:00:00 AM,A,21658(a),False,1.0,US101 S/B,,,12/27/2016 11:21:01 AM,A,S,900.0,Alum Rock Ave,F,,D,12/27/2016 11:21:31 AM,12/27/2016 11:21:31 AM,,,2,,,,,,,
354908,9340-2016-12020,1,False,9340,12/21/2016 2:50:00 PM,1450,681,1368,4313,San Jose,43,True,True,B,SIDE SWIPE,,Wednesday,NotApplicable,False,,,False,True,False,Santa Clara Superior,C,OTHER MOTOR VEHICLE,,0,0,CLEAR,, NO UNUSUAL CONDITIONS,, ,A,DAYLIGHT,37.3629,-121.84327,,,,,A,NO PEDESTRIANS INVOLVED,12/21/2016 12:00:00 AM,A,21658A,False,1.0,I-680 S/B,,,12/27/2016 11:06:34 AM,A,N,1200.0,Alum Rock Ave,F,,D,12/27/2016 11:07:08 AM,12/27/2016 11:07:08 AM,,,2,,,,,,,
354882,9340-2016-12018,1,False,9340,12/21/2016 6:30:00 PM,1830,120,1368,4313,San Jose,43,True,True,B,SIDE SWIPE,,Wednesday,Yes,False,,,False,True,True,Santa Clara Superior,C,OTHER MOTOR VEHICLE,,2,0,CLEAR,, NO UNUSUAL CONDITIONS,, ,C,DARK-STREET LIGHTS,37.370848,-121.932638,,,,,A,NO PEDESTRIANS INVOLVED,12/21/2016 12:00:00 AM,A,22107,False,1.0,US101 S/B,,,12/27/2016 10:55:29 AM,A,N,1515.0,SR-87,F,,D,12/27/2016 10:56:09 AM,12/27/2016 10:56:09 AM,,,2,,,,,,,
354829,9340-2016-12014,1,False,9340,12/21/2016 4:30:00 PM,1630,282,1368,4313,San Jose,43,True,True,C,REAR END,,Wednesday,NotApplicable,False,M,,False,True,False,Santa Clara Superior,C,OTHER MOTOR VEHICLE,,0,0,CLEAR,, NO UNUSUAL CONDITIONS,, ,A,DAYLIGHT,37.31738,-121.95165,,,,,A,NO PEDESTRIANS INVOLVED,12/21/2016 12:00:00 AM,A,22350,False,1.0,I-280 S/B,,,12/27/2016 10:37:51 AM,A,N,400.0,WINCHESTER BOULEVARD,F,,D,12/27/2016 10:38:32 AM,12/27/2016 10:38:32 AM,,,2,,,,,,,
354726,9340-2016-11932,1,False,9340,12/18/2016 1:50:00 AM,150,110,1368,4313,San Jose,43,True,True,B,SIDE SWIPE,,Sunday,Yes,False,F,,False,True,True,Santa Clara Superior,C,OTHER MOTOR VEHICLE,,1,0,CLEAR,, NO UNUSUAL CONDITIONS,, ,D,DARK-NO STREET LIGHTS,37.20218,-121.51681,,,,,A,NO PEDESTRIANS INVOLVED,12/18/2016 12:00:00 AM,A,21658(a),False,1.0,US-101 S/B,,,12/27/2016 9:57:07 AM,A,N,1580.0,STORY ROAD,F,,D,12/27/2016 9:57:47 AM,12/27/2016 9:57:47 AM,,,2,,,,,,,
354681,9340-2016-11919,1,False,9340,12/16/2016 6:25:00 PM,1825,083,1368,4313,San Jose,43,True,True,C,REAR END,,Friday,Yes,False,,,False,True,True,Santa Clara Superior,C,OTHER MOTOR VEHICLE,,1,0,CLEAR,, NO UNUSUAL CONDITIONS,, ,D,DARK-NO STREET LIGHTS,37.2538,-121.8435,,,,,A,NO PEDESTRIANS INVOLVED,12/16/2016 12:00:00 AM,A,22350,False,1.0,SR-85 S/B,,,12/27/2016 9:41:15 AM,A,N,500.0,Blossom Hill Rd,F,,D,12/27/2016 9:42:01 AM,12/27/2016 9:42:01 AM,,,2,,,,,,,
354662,9340-2016-11911,1,False,9340,12/16/2016 5:15:00 PM,1715,110,1368,4313,San Jose,43,True,True,C,REAR END,,Friday,Yes,False,F,,False,True,True,,C,OTHER MOTOR VEHICLE,,1,0,CLEAR,, NO UNUSUAL CONDITIONS,, ,A,DAYLIGHT,37.30306,-121.81498,,,,,A,NO PEDESTRIANS INVOLVED,12/16/2016 12:00:00 AM,A,22350,False,1.0,US-101 N/B (TO CAPITOL EXPRESSWAY),,,12/27/2016 9:35:12 AM,A,S,150.0,CAPITOL EXPRESSWAY,F,,D,12/27/2016 9:36:00 AM,12/27/2016 9:36:00 AM,,,2,,,,,,,
354535,9340-2016-11943,1,False,9340,12/18/2016 1:50:00 PM,1350,281,1368,4313,San Jose,43,True,True,E,HIT OBJECT,,Sunday,Yes,False,,,False,True,True,Santa Clara Superior,I,FIXED OBJECT,attenuator barrels,0,0,CLEAR,, NO UNUSUAL CONDITIONS,, ,A,DAYLIGHT,37.3156,-121.9087,,,,,A,NO PEDESTRIANS INVOLVED,12/18/2016 12:00:00 AM,A,22350,False,1.0,I-280 N/B,,,12/27/2016 8:47:54 AM,A,S,500.0,Race St,F,,D,12/27/2016 8:48:27 AM,12/27/2016 8:48:27 AM,,,2,,,,,,,
354514,9340-2016-12017,1,False,9340,12/21/2016 4:20:00 PM,1620,088,1368,4313,San Jose,43,True,True,B,SIDE SWIPE,,Wednesday,NotApplicable,False,,,False,True,False,Santa Clara Superior,C,OTHER MOTOR VEHICLE,,0,0,CLEAR,, NO UNUSUAL CONDITIONS,, ,A,DAYLIGHT,37.35879,-121.90703,,,,,A,NO PEDESTRIANS INVOLVED,12/21/2016 12:00:00 AM,A,21658a,False,1.0,I-880 S/B,,,12/27/2016 8:38:41 AM,A,N,200.0,N. First St.,F,,D,12/27/2016 8:39:24 AM,12/27/2016 8:39:24 AM,,,2,,,,,,,
354168,9725-2016-9310,1,False,9725,12/12/2016 1:25:00 PM,1325,015,1368,4313,San Jose,43,True,True,E,HIT OBJECT,,Monday,Yes,False,,,False,True,True,Santa Clara Superior,I,FIXED OBJECT,TREE,1,0,CLEAR,, NO UNUSUAL CONDITIONS,, ,A,DAYLIGHT,37.25148,-121.78563,,,,,A,NO PEDESTRIANS INVOLVED,12/12/2016 12:00:00 AM,A,22107,False,1.0,US-101 N/B,,,12/26/2016 1:45:20 PM,A,S,0.7,BLOSSOM HILL ROAD,M,,D,12/26/2016 1:46:13 PM,12/26/2016 1:46:13 PM,,,2,,,,,,,
354044,9725-2016-9327,1,False,9725,12/16/2016 3:05:00 AM,305,015,1368,4313,San Jose,43,True,True,E,HIT OBJECT,,Friday,NotApplicable,False,,,False,True,True,Santa Clara Superior,I,FIXED OBJECT,SOUND WALL,2,0,CLEAR,, NO UNUSUAL CONDITIONS,, ,D,DARK-NO STREET LIGHTS,37.25579,-121.79456,,,,,A,NO PEDESTRIANS INVOLVED,12/16/2016 12:00:00 AM,A,22107,False,1.0,US 101 S/B ,,,12/26/2016 10:12:05 AM,A,S,0.1,Blossom Hill Rd,M,,D,12/26/2016 10:12:58 AM,12/26/2016 10:12:58 AM,,,2,,,,,,,
354035,9725-2016-9326,1,False,9725,12/16/2016 2:50:00 AM,250,015,1368,4313,San Jose,43,True,True,E,HIT OBJECT,,Friday,Yes,False,,,False,True,True,Santa Clara Superior,I,FIXED OBJECT,Tree,1,0,CLOUDY,, NO UNUSUAL CONDITIONS,, ,D,DARK-NO STREET LIGHTS,37.25022,-121.78331,,,,,A,NO PEDESTRIANS INVOLVED,12/16/2016 12:00:00 AM,A,22107,False,1.0,US-101 N/B,,,12/26/2016 9:55:38 AM,B,S,0.7,Blossom Hill Road,M,,D,12/26/2016 9:57:56 AM,12/26/2016 9:57:56 AM,,,2,,,,,,,
353944,9340-2016-12044,1,False,9340,12/23/2016 6:40:00 AM,640,281,1368,4313,San Jose,43,True,True,E,HIT OBJECT,,Friday,Yes,False,,,False,True,True,Santa Clara Superior,I,FIXED OBJECT,CONCRETE DIVIDER,1,0,RAINING,, NO UNUSUAL CONDITIONS,, ,A,DAYLIGHT,37.835,-121.6804,,,,,A,NO PEDESTRIANS INVOLVED,12/23/2016 12:00:00 AM,A,22350,False,1.0,I-280 S/B,,,12/25/2016 9:30:38 PM,B,N,930.0,10th St,F,,D,12/25/2016 9:31:39 PM,12/25/2016 9:31:39 PM,,,2,,,,,,,
353844,9340-2016-11931,1,False,9340,12/17/2016 1:36:00 AM,136,088,1368,4313,San Jose,43,True,True,E,HIT OBJECT,,Saturday,Yes,False,M,,False,True,True,Santa Clara Superior,I,FIXED OBJECT,K-RAIL,0,0,CLEAR,, NO UNUSUAL CONDITIONS,, ,D,DARK-NO STREET LIGHTS,37.3347,-121.936,,,,,A,NO PEDESTRIANS INVOLVED,12/17/2016 12:00:00 AM,A,22107,False,1.0,I-880 N/B TO BASCOM AVENUE N/B,,,12/24/2016 11:38:30 PM,A,N,150.0,Bascom Ave,F,,D,12/24/2016 11:44:12 PM,12/24/2016 11:44:12 PM,,,2,,,,,,,
353363,9340-2016-11790,1,False,9340,12/11/2016 11:10:00 AM,1110,281,1368,4313,San Jose,43,True,True,B,SIDE SWIPE,,Sunday,NotApplicable,False,,,False,True,False,Santa Clara Superior,C,OTHER MOTOR VEHICLE,,0,0,CLEAR,, NO UNUSUAL CONDITIONS,, ,A,DAYLIGHT,37.31744,-121.933516,,,,,A,NO PEDESTRIANS INVOLVED,12/11/2016 12:00:00 AM,A,21658A,False,,I-280 N/B,,,12/23/2016 11:52:06 AM,A,N,400.0,Bascom Ave,F,,D,12/23/2016 11:52:41 AM,12/23/2016 11:52:41 AM,,,2,,,,,,,
353359,9340-2016-11958,1,False,9340,12/19/2016 3:20:00 PM,1520,110,1368,4313,San Jose,43,True,True,B,SIDE SWIPE,,Monday,NotApplicable,False,,,False,True,True,Santa Clara Superior,C,OTHER MOTOR VEHICLE,,0,0,CLEAR,, NO UNUSUAL CONDITIONS,, ,A,DAYLIGHT,37.3205,-122.83397,,,,,A,NO PEDESTRIANS INVOLVED,12/19/2016 12:00:00 AM,A,21658(a),False,1.0,US 101 S/B TO TULLY ROAD,,,12/23/2016 11:48:43 AM,A,N,1000.0,Tully Road,F,,D,12/23/2016 11:49:16 AM,12/23/2016 11:49:16 AM,,,2,,,,,,,
353337,9340-2016-11900,1,False,9340,12/15/2016 9:30:00 PM,2130,281,1368,4313,San Jose,43,True,True,C,REAR END,,Thursday,NotApplicable,False,,,False,True,False,Santa Clara Superior,C,OTHER MOTOR VEHICLE,,0,0,RAINING,, NO UNUSUAL CONDITIONS,, ,D,DARK-NO STREET LIGHTS,37.32745,-121.87895,,,,,A,NO PEDESTRIANS INVOLVED,12/15/2016 12:00:00 AM,A,22350,False,1.0,I-280 S/B,,,12/23/2016 11:27:25 AM,B,S,2200.0,10th St,F,,D,12/23/2016 11:27:54 AM,12/23/2016 11:27:54 AM,,,2,,,,,,,
353335,9340-2016-12043,1,False,9340,12/23/2016 5:40:00 AM,540,281,1368,4313,San Jose,43,True,True,C,REAR END,,Friday,NotApplicable,False,M,,False,True,False,Santa Clara Superior,C,OTHER MOTOR VEHICLE,,0,0,RAINING,, NO UNUSUAL CONDITIONS,, ,A,DAYLIGHT,37.5041,-121.6584,,,,,A,NO PEDESTRIANS INVOLVED,12/23/2016 12:00:00 AM,A,22350,False,2.0,I-280 n/b (from parkmoor ave.),,,12/23/2016 11:25:59 AM,B,S,270.0,Leigh Ave,F,,D,12/23/2016 11:26:30 AM,12/23/2016 11:26:30 AM,,,2,,,,,,,
353267,9340-2016-11502,1,False,9340,11/2/2016 6:50:00 AM,650,110,1368,4313,San Jose,43,True,True,B,SIDE SWIPE,,Wednesday,NotApplicable,False,,,False,True,False,Santa Clara Superior,C,OTHER MOTOR VEHICLE,,0,0,CLEAR,, NO UNUSUAL CONDITIONS,, Late-Reported,B,DUSK-DAWN,37.6544,-121.76357,,,,,A,NO PEDESTRIANS INVOLVED,11/2/2016 12:00:00 AM,A,22107,False,1.0,US-101 N.B. (RAMP FROM STORY ROAD),,,12/23/2016 10:33:34 AM,A,N,100.0,I-680,F,,D,12/23/2016 10:34:03 AM,12/23/2016 10:34:03 AM,,,2,,,,,,,
353237,9340-2016-11621,1,False,9340,12/2/2016 10:00:00 PM,2200,520,1368,4313,San Jose,43,True,True,A,HEAD-ON,,Friday,Yes,False,F,,False,True,True,Santa Clara Superior,C,OTHER MOTOR VEHICLE,,1,0,CLEAR,, NO UNUSUAL CONDITIONS,, ,C,DARK-STREET LIGHTS,37.308752,-121.963635,,,,,A,NO PEDESTRIANS INVOLVED,12/2/2016 12:00:00 AM,A,21453(c),False,1.0,San Tomas Expy,,,12/23/2016 10:13:00 AM,A,,,williams Road,,,D,12/23/2016 10:13:39 AM,12/23/2016 10:13:39 AM,,,2,,,,,,,
353232,9340-2016-11917,1,False,9340,12/16/2016 5:15:00 PM,1715,083,1368,4313,San Jose,43,True,True,C,REAR END,,Friday,NotApplicable,False,,,False,True,False,Santa Clara Superior,C,OTHER MOTOR VEHICLE,,0,0,CLEAR,, NO UNUSUAL CONDITIONS,, ,C,DARK-STREET LIGHTS,37.14542,-121.495419,,,,,A,NO PEDESTRIANS INVOLVED,12/16/2016 12:00:00 AM,A,22350,False,1.0,SR-85 N/B,,,12/23/2016 10:11:13 AM,A,S,0.5,SR-87,M,,D,12/23/2016 10:11:42 AM,12/23/2016 10:11:42 AM,,,2,,,,,,,
353228,9340-2016-11916,1,False,9340,12/16/2016 2:26:00 PM,1426,087,1368,4313,San Jose,43,True,True,C,REAR END,,Friday,NotApplicable,False,,,False,True,False,Santa Clara Superior,C,OTHER MOTOR VEHICLE,,1,0,CLEAR,, NO UNUSUAL CONDITIONS,, ,A,DAYLIGHT,37.19162,-121.532457,,,,,A,NO PEDESTRIANS INVOLVED,12/16/2016 12:00:00 AM,A,22350,False,1.0,SR-87 N/B TO I-280 N/B,,,12/23/2016 10:09:19 AM,A,N,0.2,West Virginia St,M,,D,12/23/2016 10:09:59 AM,12/23/2016 10:09:59 AM,,,2,,,,,,,
353227,9340-2016-11304,1,False,9340,11/17/2016 5:30:00 PM,1730,083,1368,4313,San Jose,43,True,True,C,REAR END,,Thursday,Yes,False,F,,False,True,False,Santa Clara Superior,C,OTHER MOTOR VEHICLE,,1,0,CLEAR,, NO UNUSUAL CONDITIONS,, ,C,DARK-STREET LIGHTS,37.51145,-121.50322,,,,,A,NO PEDESTRIANS INVOLVED,11/17/2016 12:00:00 AM,A,22350,False,1.0,SR-85 S/B,,,12/23/2016 10:08:23 AM,A,N,1600.0,Blossom Hill Rd,F,,D,12/23/2016 10:09:04 AM,12/23/2016 10:09:04 AM,,,2,,,,,,,
353194,9340-2016-12042,1,False,9340,12/23/2016 7:15:00 AM,715,088,1368,4313,San Jose,43,True,True,E,HIT OBJECT,,Friday,Yes,False,,,False,True,True,Santa Clara Superior,I,FIXED OBJECT,DIRT EMBANKMENT,2,0,CLOUDY,RAINING, NO UNUSUAL CONDITIONS,, ,B,DUSK-DAWN,37.201847,-121.555186,,,,,A,NO PEDESTRIANS INVOLVED,12/23/2016 12:00:00 AM,A,22350,False,1.0,I-880 N/B,,,12/23/2016 9:50:08 AM,B,S,290.0,Park Ave,F,,D,12/23/2016 9:50:47 AM,12/23/2016 9:50:47 AM,,,2,,,,,,,
353185,9340-2016-12024,2,False,9340,12/21/2016 10:20:00 PM,2220,281,1368,4313,San Jose,43,True,True,E,HIT OBJECT,,Wednesday,Yes,False,,,False,True,False,Santa Clara Superior,I,FIXED OBJECT,CONCRETE WALL,2,0,CLEAR,, NO UNUSUAL CONDITIONS,, ,C,DARK-STREET LIGHTS,37.32852,-121.87086,,,,,A,NO PEDESTRIANS INVOLVED,12/21/2016 12:00:00 AM,A,22107,False,2.0,I-280 S/B,,,1/28/2017 4:48:18 AM,A,N,40.0,7th St,F,,D,12/23/2016 9:39:25 AM,1/28/2017 4:48:22 AM,,,2,,,,,,,
353155,9340-2016-11934,1,False,9340,12/18/2016 6:50:00 AM,650,083,1368,4313,San Jose,43,True,True,E,HIT OBJECT,,Sunday,NotApplicable,False,,,False,True,False,Santa Clara Superior,I,FIXED OBJECT,Center divider,0,0,CLEAR,, NO UNUSUAL CONDITIONS,, ,A,DAYLIGHT,37.15297,-121.5218,,,,,A,NO PEDESTRIANS INVOLVED,12/18/2016 12:00:00 AM,A,22107,False,1.0,SR-85 S/B,,,12/23/2016 9:18:23 AM,A,N,2640.0,SR-87 S/B,F,,D,12/23/2016 9:18:56 AM,12/23/2016 9:18:56 AM,,,2,,,,,,,
353116,9340-2016-11946,1,False,9340,12/16/2016 11:33:00 PM,2333,088,1368,4313,San Jose,43,True,True,B,SIDE SWIPE,,Friday,NotApplicable,False,,,False,True,False,Santa Clara Superior,C,OTHER MOTOR VEHICLE,,0,0,CLEAR,, NO UNUSUAL CONDITIONS,, ,D,DARK-NO STREET LIGHTS,37.36519,-121.90113,,,,,A,NO PEDESTRIANS INVOLVED,12/16/2016 12:00:00 AM,A,21658(a),False,1.0,I-880,,,12/23/2016 8:50:28 AM,A,S,300.0,US-101,F,,D,12/23/2016 8:51:02 AM,12/23/2016 8:51:02 AM,,,2,,,,,,,
353107,9340-2016-11907,1,False,9340,12/16/2016 8:50:00 AM,850,083,1368,4313,San Jose,43,True,True,C,REAR END,,Friday,Yes,False,,,False,True,True,Santa Clara Superior,C,OTHER MOTOR VEHICLE,,2,0,CLOUDY,, NO UNUSUAL CONDITIONS,, ,A,DAYLIGHT,37.250674,-121.91694,,,,,A,NO PEDESTRIANS INVOLVED,12/16/2016 12:00:00 AM,A,22350,False,1.0,SR-85 N/B,,,12/23/2016 8:44:01 AM,B,N,2000.0,Camden Ave,F,,D,12/23/2016 8:44:56 AM,12/23/2016 8:44:56 AM,,,2,,,,,,,
353041,9340-2016-12022,1,False,9340,12/21/2016 3:50:00 PM,1550,087,1368,4313,San Jose,43,True,True,C,REAR END,,Wednesday,NotApplicable,False,,,False,True,True,Santa Clara Superior,C,OTHER MOTOR VEHICLE,,0,0,CLEAR,, NO UNUSUAL CONDITIONS,, ,A,DAYLIGHT,37.327725,-121.895395,,,,,A,NO PEDESTRIANS INVOLVED,12/21/2016 12:00:00 AM,A,22350,False,1.0,SR-87 S/B,,,12/23/2016 7:49:04 AM,A,N,1500.0,I-280 O/C,F,,D,12/23/2016 7:49:33 AM,12/23/2016 7:49:33 AM,,,2,,,,,,,