Collision Id,	Report Number,	Report Version,	Is Preliminary,	NCIC Code,Crash Date Time,	Crash Time Description,	Beat,City Id,	City Code,	City Name,County Code,	City Is Active,	City Is Incorporated,	Collision Type Code,Collision Type Description,	Collision Type Other Desc,	Day Of Week,	DispatchNotified,	HasPhotographs,	HitRun,	IsAttachmentsMailed,	IsDeleted,	IsHighwayRelated,	IsTowAway,	JudicialDistrict,	MotorVehicleInvolvedWithCode,	MotorVehicleInvolvedWithDesc,MotorVehicleInvolvedWithOtherDesc,	NumberInjured,	NumberKilled,Weather 1, Weather 2, Road Condition 1, Road Condition 2, Special Condition,LightingCode, LightingDescription,Latitude,Longitude,MilepostDirection,MilepostDistance,MilepostMarker,MilepostUnitOfMeasure,	PedestrianActionCode,PedestrianActionDesc,PreparedDate,	Primary Collision Factor Code,Primary Collision Factor Violation,PrimaryCollisionFactorIsCited,	PrimaryCollisionPartyNumber,	PrimaryRoad,	ReportingDistrict,	ReportingDistrictCode,ReviewedDate,	RoadwaySurfaceCode,SecondaryDirection,	SecondaryDistance,	SecondaryRoad,	SecondaryUnitOfMeasure,	SketchDesc,	TrafficControlDeviceCode,CreatedDate,	ModifiedDate,IsCountyRoad,IsFreeway,CHP555Version,	IsAdditonalObjectStruck,NotificationDate,	NotificationTimeDescription,	HasDigitalMediaFiles,	EvidenceNumber,	IsLocationReferToNarrative,	IsAOIOneSameAsLocation
347420,9340-2016-11771,1,False,9340,12/10/2016 2:17:00 AM,217,089,1368,4313,San Jose,43,True,True,E,HIT OBJECT,,Saturday,Yes,False,,,False,True,True,Santa Clara Superior,I,FIXED OBJECT,CONCRETE WALL,1,0,CLOUDY,, NO UNUSUAL CONDITIONS,, ,D,DARK-NO STREET LIGHTS,37.23598,-121.54177,,,,,A,NO PEDESTRIANS INVOLVED,12/10/2016 12:00:00 AM,A,23152(a),True,1.0,I-880 N/B,,,12/19/2016 3:03:38 AM,B,N,1100.0,Brokaw Rd,F,,D,12/19/2016 3:04:48 AM,12/19/2016 3:04:48 AM,,,2,,,,,,,
347352,9340-2016-11808,1,False,9340,12/11/2016 5:55:00 PM,1755,120,1368,4313,San Jose,43,True,True,C,REAR END,,Sunday,Yes,False,,,False,True,True,Santa Clara Superior,C,OTHER MOTOR VEHICLE,,1,0,CLEAR,, NO UNUSUAL CONDITIONS,, ,B,DUSK-DAWN,37.37781,-121.94798,,,,,A,NO PEDESTRIANS INVOLVED,12/11/2016 12:00:00 AM,A,22350,False,1.0,US-101 S/B,,,12/18/2016 2:47:58 PM,A,N,400.0,Trimble Rd,F,,D,12/18/2016 2:48:51 PM,12/18/2016 2:48:51 PM,,,2,,,,,,,
347313,9340-2016-11378,1,False,9340,11/21/2016 12:05:00 PM,1205,088,1368,4313,San Jose,43,True,True,C,REAR END,,Monday,NotApplicable,False,,,False,True,True,Santa Clara Superior,C,OTHER MOTOR VEHICLE,,0,0,CLEAR,, NO UNUSUAL CONDITIONS,, ,A,DAYLIGHT,37.357365,-121.908054,,,,,A,NO PEDESTRIANS INVOLVED,11/21/2016 12:00:00 AM,A,22350 VC,False,1.0,I-880 Southbound,,,12/18/2016 12:15:56 PM,A,S,650.0,First St.,F,SEE PAGE # 3.,D,12/18/2016 12:16:19 PM,12/18/2016 12:16:19 PM,,,2,,,,,,,
347290,9340-2016-11819,1,False,9340,12/11/2016 1:50:00 PM,1350,083,1368,4313,San Jose,43,True,True,C,REAR END,,Sunday,NotApplicable,False,,,False,True,True,Santa Clara Superior,C,OTHER MOTOR VEHICLE,,0,0,CLEAR,, NO UNUSUAL CONDITIONS,, ,A,DAYLIGHT,37.15426,-121.55545,,,,,A,NO PEDESTRIANS INVOLVED,12/11/2016 12:00:00 AM,A,22350,False,1.0,SR-85 N/B,,,12/18/2016 10:21:06 AM,A,N,100.0,Union Ave,F,,D,12/18/2016 10:23:28 AM,12/18/2016 10:23:28 AM,,,2,,,,,,,
347284,9340-2016-11776,1,False,9340,12/10/2016 7:25:00 PM,1925,281,1368,4313,San Jose,43,True,True,B,SIDE SWIPE,,Saturday,NotApplicable,False,,,False,True,False,Santa Clara Superior,C,OTHER MOTOR VEHICLE,,0,0,CLOUDY,, NO UNUSUAL CONDITIONS,, ,C,DARK-STREET LIGHTS,37.3364,-121.85015,,,,,A,NO PEDESTRIANS INVOLVED,12/10/2016 12:00:00 AM,A,22107,False,,I-680 S/B TO US-101 S/B,,,12/18/2016 9:55:34 AM,A,S,800.0,I-280,F,,D,12/18/2016 9:56:04 AM,12/18/2016 9:56:04 AM,,,2,,,,,,,
347265,9340-2016-9369,1,False,9340,8/19/2016 6:25:00 AM,625,085,1368,4313,San Jose,43,True,True,B,SIDE SWIPE,,Friday,NotApplicable,False,,,False,True,True,Santa Clara Superior,C,OTHER MOTOR VEHICLE,,1,0,CLEAR,, NO UNUSUAL CONDITIONS,, ,A,DAYLIGHT,37.25086,-121.91444,,,,,A,NO PEDESTRIANS INVOLVED,8/19/2016 12:00:00 AM,A,22107,False,1.0,SR-85 N/B,,,12/18/2016 6:28:02 AM,A,N,500.0,CAMDEN AVENUE,F,,D,12/18/2016 6:28:34 AM,12/18/2016 6:28:34 AM,,,2,,,,,,,
347260,9340-2016-11928,1,False,9340,12/17/2016 3:15:00 AM,315,681,1368,4313,San Jose,43,True,True,C,REAR END,,Saturday,Yes,False,,,False,True,False,Santa Clara Superior,C,OTHER MOTOR VEHICLE,,0,0,CLEAR,, NO UNUSUAL CONDITIONS,, ,D,DARK-NO STREET LIGHTS,37.34388,-121.84677,,,,,A,NO PEDESTRIANS INVOLVED,12/17/2016 12:00:00 AM,A,23152(a),True,1.0, I-680 S/B,,,12/17/2016 11:32:41 PM,A,N,40.0,King Rd,F,,D,12/17/2016 11:33:30 PM,12/17/2016 11:33:30 PM,,,2,,,,,,,
347259,9340-2016-11817,1,False,9340,12/12/2016 12:40:00 AM,40,087,1368,4313,San Jose,43,True,True,C,REAR END,,Monday,Yes,False,,,False,True,True,Santa Clara Superior,C,OTHER MOTOR VEHICLE,,1,0,CLEAR,, NO UNUSUAL CONDITIONS,, ,D,DARK-NO STREET LIGHTS,37.163364,-121.515009,,,,,A,NO PEDESTRIANS INVOLVED,12/12/2016 12:00:00 AM,A,23152(a),False,1.0,SR-87 TO CAPITOL EXPRESSWAY,,,12/17/2016 11:16:46 PM,A,N,500.0,Capitol Expy,F,,D,12/17/2016 11:17:36 PM,12/17/2016 11:17:36 PM,,,2,,,,,,,
347217,9340-2016-11796,1,False,9340,12/11/2016 1:00:00 PM,1300,681,1368,4313,San Jose,43,True,True,B,SIDE SWIPE,,Sunday,NotApplicable,False,,,False,True,True,Santa Clara Superior,C,OTHER MOTOR VEHICLE,,0,0,CLOUDY,, NO UNUSUAL CONDITIONS,, ,A,DAYLIGHT,37.21345,-121.50271,,,,,A,NO PEDESTRIANS INVOLVED,12/11/2016 12:00:00 AM,A,21658(a),False,1.0,I-680 N/B,,,12/17/2016 3:22:09 PM,A,S,15.0,Alum Rock Ave O/C,F,,D,12/17/2016 3:22:42 PM,12/17/2016 3:22:42 PM,,,2,,,,,,,
347144,9340-2016-11659,1,False,9340,12/4/2016 10:00:00 PM,2200,240,1368,4313,San Jose,43,True,True,C,REAR END,,Sunday,NotApplicable,False,,,False,True,True,Santa Clara Superior,C,OTHER MOTOR VEHICLE,,0,0,CLEAR,, NO UNUSUAL CONDITIONS,, ,C,DARK-STREET LIGHTS,37.25263,-121.55142,,,,,A,NO PEDESTRIANS INVOLVED,12/4/2016 12:00:00 AM,A,22350,False,1.0,SR-237 E/B TO I-880 N/B,,,12/17/2016 10:33:35 AM,A,E,804.0,McCarthy Blvd,F,,D,12/17/2016 10:34:03 AM,12/17/2016 10:34:03 AM,,,2,,,,,,,
347136,9340-2016-11573,1,False,9340,12/1/2016 9:10:00 AM,910,230,1368,4313,San Jose,43,True,True,B,SIDE SWIPE,,Thursday,Yes,False,,,False,True,True,Santa Clara Superior,C,OTHER MOTOR VEHICLE,,1,0,CLEAR,, NO UNUSUAL CONDITIONS,, ,A,DAYLIGHT,37.419598,-121.950098,,,,,A,NO PEDESTRIANS INVOLVED,12/1/2016 12:00:00 AM,A,21658 a VC,False,2.0,SR-237 Westbound,,,12/17/2016 9:59:14 AM,A,E,2500.0,N. First Street,F,SEE PAGE # 4.,D,12/17/2016 9:59:45 AM,12/17/2016 9:59:45 AM,,,2,,,,,,,
347130,9340-2016-11778,1,False,9340,12/10/2016 6:10:00 PM,1810,281,1368,4313,San Jose,43,True,True,C,REAR END,,Saturday,Yes,False,,,False,True,False,Santa Clara Superior,C,OTHER MOTOR VEHICLE,,2,0,CLOUDY,, NO UNUSUAL CONDITIONS,, ,C,DARK-STREET LIGHTS,37.3169,-121.93108,,,,,A,NO PEDESTRIANS INVOLVED,12/10/2016 12:00:00 AM,A,22350,False,1.0,I-280 S/B,,,12/17/2016 9:34:38 AM,B,S,100.0,Bascom Ave,F,,D,12/17/2016 9:35:23 AM,12/17/2016 9:35:23 AM,,,2,,,,,,,
347099,9340-2016-11913,1,False,9340,12/10/2016 11:27:00 PM,2327,281,1368,4313,San Jose,43,True,True,E,HIT OBJECT,,Saturday,Yes,False,,,False,True,True,Santa Clara Superior,I,FIXED OBJECT,LARGE BUSH,0,0,CLOUDY,, NO UNUSUAL CONDITIONS,, ,D,DARK-NO STREET LIGHTS,37.3154,-121.9154,,,,,A,NO PEDESTRIANS INVOLVED,12/10/2016 12:00:00 AM,A,23152(a),False,1.0,I-280 S/B,,,12/17/2016 1:43:35 AM,B,S,320.0,Meridian Ave,F,,D,12/17/2016 1:44:11 AM,12/17/2016 1:44:11 AM,,,2,,,,,,,
346978,9340-2016-11908,1,False,9340,12/16/2016 9:15:00 AM,915,087,1368,4313,San Jose,43,True,True,C,REAR END,,Friday,NotApplicable,False,,,False,True,True,Santa Clara Superior,C,OTHER MOTOR VEHICLE,,0,0,CLEAR,, NO UNUSUAL CONDITIONS,, ,A,DAYLIGHT,37.2946,-121.8727,,,,,A,NO PEDESTRIANS INVOLVED,12/16/2016 12:00:00 AM,A,22350,False,1.0,SR-87 N/B,,,12/16/2016 3:33:01 PM,A,S,1500.0,Curtner Ave,F,,D,12/16/2016 3:33:31 PM,12/16/2016 3:33:31 PM,,,2,,,,,,,
346922,9340-2016-11639,1,False,9340,12/4/2016 6:00:00 AM,600,681,1368,4313,San Jose,43,True,True,C,REAR END,,Sunday,Yes,False,,,False,True,True,Santa Clara Superior,C,OTHER MOTOR VEHICLE,,3,0,CLEAR,, NO UNUSUAL CONDITIONS,, ,C,DARK-STREET LIGHTS,37.225155,-121.513361,,,,,A,NO PEDESTRIANS INVOLVED,12/4/2016 12:00:00 AM,A,22350,False,1.0,I-680 S/B,,,12/16/2016 2:29:15 PM,A,S,1600.0,Berryessa Rd,F,,D,12/16/2016 2:30:04 PM,12/16/2016 2:30:04 PM,,,2,,,,,,,
346745,9340-2016-11870,1,False,9340,12/14/2016 7:00:00 PM,1900,110,1368,4313,San Jose,43,True,True,B,SIDE SWIPE,,Wednesday,NotApplicable,False,,,False,True,False,Santa Clara Superior,C,OTHER MOTOR VEHICLE,,0,0,CLEAR,, NO UNUSUAL CONDITIONS,, ,C,DARK-STREET LIGHTS,37.19247,-121.501284,,,,,A,NO PEDESTRIANS INVOLVED,12/14/2016 12:00:00 AM,A,21658(a),True,2.0,US-101 SOUTHBOUND,,,12/16/2016 12:00:57 PM,A,S,0.45,TULLY ROAD O/C,M,,D,12/16/2016 12:01:25 PM,12/16/2016 12:01:25 PM,,,2,,,,,,,
346727,9340-2016-11708,1,False,9340,12/6/2016 6:30:00 PM,1830,281,1368,4313,San Jose,43,True,True,C,REAR END,,Tuesday,NotApplicable,False,,,False,True,True,Santa Clara Superior,C,OTHER MOTOR VEHICLE,,0,0,CLEAR,, NO UNUSUAL CONDITIONS,, ,A,DAYLIGHT,37.2015,-121.5184,,,,,A,NO PEDESTRIANS INVOLVED,12/6/2016 12:00:00 AM,C,,,,I-280 S/B TO US-101 S/B,,,12/16/2016 11:46:30 AM,A,N,500.0,US101,F,,D,12/16/2016 11:46:59 AM,12/16/2016 11:46:59 AM,,,2,,,,,,,
346723,9340-2016-11741,1,False,9340,12/8/2016 7:10:00 AM,710,610,1368,4313,San Jose,43,True,True,C,REAR END,,Thursday,NotApplicable,False,,,False,True,False,Santa Clara Superior,C,OTHER MOTOR VEHICLE,,1,0,CLEAR,, NO UNUSUAL CONDITIONS,, ,A,DAYLIGHT,37.354,-121.8604,,,,,A,NO PEDESTRIANS INVOLVED,12/8/2016 12:00:00 AM,A,22350,False,1.0,I-680 N/B,,,12/16/2016 11:42:50 AM,A,N,1140.0,Capitol Expy,F,,D,12/16/2016 11:43:22 AM,12/16/2016 11:43:22 AM,,,2,,,,,,,
346721,9340-2016-11750,1,False,9340,12/8/2016 7:45:00 AM,745,610,1368,4313,San Jose,43,True,True,C,REAR END,,Thursday,NotApplicable,False,,,False,False,False,Santa Clara Superior,C,OTHER MOTOR VEHICLE,,1,0,RAINING,, NO UNUSUAL CONDITIONS,, ,A,DAYLIGHT,37.3349,-121.9959,,,,,A,NO PEDESTRIANS INVOLVED,12/8/2016 12:00:00 AM,A,22350,False,1.0,Lawrence Expy n/b,,,12/16/2016 11:40:44 AM,B,S,350.0,Lehigh Dr,F,,A,12/16/2016 11:41:27 AM,12/16/2016 11:41:27 AM,,,2,,,,,,,
346710,9340-2016-11797,1,False,9340,12/11/2016 8:30:00 AM,830,110,1368,4313,San Jose,43,True,True,B,SIDE SWIPE,,Sunday,NotApplicable,False,M,,False,True,False,Santa Clara Superior,C,OTHER MOTOR VEHICLE,,0,0,CLEAR,, NO UNUSUAL CONDITIONS,, ,A,DAYLIGHT,37.36257,-121.88629,,,,,A,NO PEDESTRIANS INVOLVED,12/11/2016 12:00:00 AM,A,21658(a),False,1.0,US101 N/B,,,12/16/2016 11:30:27 AM,A,S,0.25,Oakland Rd,M,,D,12/16/2016 11:30:55 AM,12/16/2016 11:30:55 AM,,,2,,,,,,,
346703,9340-2016-11465,1,False,9340,11/20/2016 1:50:00 PM,1350,282,1368,4313,San Jose,43,True,True,C,REAR END,,Sunday,NotApplicable,False,,,False,True,False,Santa Clara Superior,C,OTHER MOTOR VEHICLE,,0,0,RAINING,, NO UNUSUAL CONDITIONS,, ,A,DAYLIGHT,37.318,-121.97731,,,,,A,NO PEDESTRIANS INVOLVED,11/20/2016 12:00:00 AM,A,22350,False,1.0,I-280 N/B,,,12/16/2016 11:20:03 AM,B,N,350.0,Saratoga Ave,F,,D,12/16/2016 11:20:31 AM,12/16/2016 11:20:31 AM,,,2,,,,,,,
346578,9340-2016-11845,1,False,9340,12/13/2016 8:25:00 AM,825,083,1368,4313,San Jose,43,True,True,C,REAR END,,Tuesday,Yes,False,,,False,True,True,Santa Clara Superior,C,OTHER MOTOR VEHICLE,,0,0,CLOUDY,, NO UNUSUAL CONDITIONS,, ,A,DAYLIGHT,37.284236,-121.859572,S,500.0,85 SCL 6.136,F,A,NO PEDESTRIANS INVOLVED,12/13/2016 12:00:00 AM,A,22350,False,2.0,SR-85 N/B,,,12/16/2016 9:48:22 AM,A,S,500.0,Almaden Expwy,F,,D,12/16/2016 9:48:50 AM,12/16/2016 9:48:50 AM,,,2,,,,,,,
346556,9340-2016-11756,1,False,9340,12/8/2016 6:25:00 PM,1825,087,1368,4313,San Jose,43,True,True,C,REAR END,,Thursday,Yes,False,,,False,True,True,Santa Clara Superior,C,OTHER MOTOR VEHICLE,,3,0,CLOUDY,, NO UNUSUAL CONDITIONS,, ,C,DARK-STREET LIGHTS,37.31743,-121.88922,,,,,A,NO PEDESTRIANS INVOLVED,12/8/2016 12:00:00 AM,A,22350,False,1.0,SR-87 N/B,,,12/16/2016 9:29:03 AM,A,N,460.0,WILLOW ST.,F,,D,12/16/2016 9:29:55 AM,12/16/2016 9:29:55 AM,,,2,,,,,,,
346485,9340-2016-11648,1,False,9340,12/3/2016 2:07:00 AM,207,083,1368,4313,San Jose,43,True,True,C,REAR END,,Saturday,NotApplicable,False,,,False,True,True,Santa Clara Superior,C,OTHER MOTOR VEHICLE,,0,0,CLEAR,, NO UNUSUAL CONDITIONS,, ,D,DARK-NO STREET LIGHTS,37.24342,-121.81336,,,,,A,NO PEDESTRIANS INVOLVED,12/3/2016 12:00:00 AM,A,22350,False,2.0,SR-85 S/B,,,12/16/2016 8:45:17 AM,A,N,2170.0,COTTLE RD.,F,,D,12/16/2016 8:51:23 AM,12/16/2016 8:51:23 AM,,,2,,,,,,,
346472,9340-2016-11635,1,False,9340,12/3/2016 2:06:00 AM,206,083,1368,4313,San Jose,43,True,True,C,REAR END,,Saturday,Yes,False,,,False,True,True,Santa Clara Superior,C,OTHER MOTOR VEHICLE,,2,0,CLEAR,, NO UNUSUAL CONDITIONS,, ,C,DARK-STREET LIGHTS,37.24342,-121.81336,,,,,A,NO PEDESTRIANS INVOLVED,12/3/2016 12:00:00 AM,A,22350,False,1.0,SR-85,,,12/16/2016 8:42:53 AM,A,N,2190.0,Cottle Rd,F,,D,12/16/2016 8:44:15 AM,12/16/2016 8:44:15 AM,,,2,,,,,,,
346458,9340-2016-11878,1,False,9340,12/14/2016 11:35:00 PM,2335,110,1368,4313,San Jose,43,True,True,B,SIDE SWIPE,,Wednesday,Yes,False,M,,False,True,False,Santa Clara Superior,C,OTHER MOTOR VEHICLE,,0,0,CLOUDY,, NO UNUSUAL CONDITIONS,, ,D,DARK-NO STREET LIGHTS,37.34984,-121.86173,,,,,A,NO PEDESTRIANS INVOLVED,12/14/2016 12:00:00 AM,A,23152(a),True,1.0,US101 S/B,,,12/16/2016 8:30:01 AM,A,S,20.0,Alum Rock Ave,F,,D,12/16/2016 8:30:53 AM,12/16/2016 8:30:53 AM,,,2,,,,,,,
346155,9340-2016-11547,1,False,9340,11/29/2016 7:20:00 PM,1920,089,1368,4313,San Jose,43,True,True,C,REAR END,,Tuesday,NotApplicable,False,,,False,True,False,Santa Clara Superior,C,OTHER MOTOR VEHICLE,,0,0,CLEAR,, NO UNUSUAL CONDITIONS,, ,D,DARK-NO STREET LIGHTS,37.343327,-121.925251,,,,,A,NO PEDESTRIANS INVOLVED,11/29/2016 12:00:00 AM,A,22350,False,1.0,I-880 N/B,,,12/15/2016 3:41:58 PM,A,N,200.0,The Alameda,F,,D,12/15/2016 3:42:27 PM,12/15/2016 3:42:27 PM,,,2,,,,,,,
346126,9340-2016-11890,1,False,9340,12/15/2016 9:25:00 AM,925,282,1368,4313,San Jose,43,True,True,C,REAR END,,Thursday,NotApplicable,False,,,False,True,False,Santa Clara Superior,C,OTHER MOTOR VEHICLE,,0,0,CLOUDY,RAINING, NO UNUSUAL CONDITIONS,, ,A,DAYLIGHT,37.318047,-121.986995,S,1500.0,280 SCL 7.123,F,A,NO PEDESTRIANS INVOLVED,12/15/2016 12:00:00 AM,A,22350 ,False,4.0,I-280 N/B,,,12/15/2016 3:22:15 PM,B,S,1500.0,Lawrence Expwy,F,,D,12/15/2016 3:22:52 PM,12/15/2016 3:22:52 PM,,,2,,,,,,,
346108,9340-2016-11869,1,False,9340,12/14/2016 3:00:00 PM,1500,681,1368,4313,San Jose,43,True,True,C,REAR END,,Wednesday,Yes,False,F,,False,True,True,Santa Clara Superior,C,OTHER MOTOR VEHICLE,,1,0,CLEAR,, NO UNUSUAL CONDITIONS,, ,A,DAYLIGHT,37.235674,-121.523258,,,,,A,NO PEDESTRIANS INVOLVED,12/14/2016 12:00:00 AM,A,22350,False,4.0,INTERSTATE 680 SOUTHBOUND,,,12/15/2016 3:12:40 PM,A,S,100.0,CAPITOL AVENUE U/C,F,,D,12/15/2016 3:13:27 PM,12/15/2016 3:13:27 PM,,,2,,,,,,,
346070,9340-2016-11848,1,False,9340,12/13/2016 11:20:00 AM,1120,240,1368,4313,San Jose,43,True,True,C,REAR END,,Tuesday,NotApplicable,False,,,False,True,True,Santa Clara Superior,C,OTHER MOTOR VEHICLE,,1,0,CLEAR,, NO UNUSUAL CONDITIONS,, ,A,DAYLIGHT,37.42161,-121.93488,,,,,A,NO PEDESTRIANS INVOLVED,12/13/2016 12:00:00 AM,A,22350,False,1.0,SR-237 W/B,,,12/15/2016 2:47:02 PM,A,E,1690.0,Zanker Rd,F,,D,12/15/2016 2:47:38 PM,12/15/2016 2:47:38 PM,,,2,,,,,,,
345992,9340-2016-11872,1,False,9340,12/14/2016 7:20:00 PM,1920,281,1368,4313,San Jose,43,True,True,C,REAR END,,Wednesday,NotApplicable,False,,,False,True,False,Santa Clara Superior,C,OTHER MOTOR VEHICLE,,0,0,CLOUDY,, NO UNUSUAL CONDITIONS,, ,D,DARK-NO STREET LIGHTS,37.33385,-121.84714,,,,,A,NO PEDESTRIANS INVOLVED,12/14/2016 12:00:00 AM,A,22350,False,1.0,US-101 S/B FROM I-280 S/B,,,12/15/2016 2:03:34 PM,A,S,750.0,Story Road,F,,D,12/15/2016 2:04:03 PM,12/15/2016 2:04:03 PM,,,2,,,,,,,
345991,9340-2016-11709,1,False,9340,12/6/2016 7:00:00 PM,1900,681,1368,4313,San Jose,43,True,True,C,REAR END,,Tuesday,NotApplicable,False,,,False,True,True,Santa Clara Superior,C,OTHER MOTOR VEHICLE,,0,0,CLEAR,, NO UNUSUAL CONDITIONS,, ,C,DARK-STREET LIGHTS,37.34709,-121.84194,,,,,A,NO PEDESTRIANS INVOLVED,12/6/2016 12:00:00 AM,A,22350,False,,I-680 S/B,,,12/15/2016 2:01:55 PM,A,N,1000.0,KING ROAD,F,,D,12/15/2016 2:03:25 PM,12/15/2016 2:03:25 PM,,,2,,,,,,,
345984,9340-2016-11879,1,False,9340,12/14/2016 8:30:00 AM,830,240,1368,4313,San Jose,43,True,True,C,REAR END,,Wednesday,Yes,False,,,False,True,False,Santa Clara Superior,C,OTHER MOTOR VEHICLE,,1,0,CLOUDY,, NO UNUSUAL CONDITIONS,, ,A,DAYLIGHT,37.42062,-121.93561,,,,,A,NO PEDESTRIANS INVOLVED,12/14/2016 12:00:00 AM,A,21703 VC,False,1.0,SR-237 Westbound,,,12/15/2016 1:58:35 PM,A,W,50.0,Zanker Rd.,F,SEE PAGE # 4.,D,12/15/2016 1:59:09 PM,12/15/2016 1:59:09 PM,,,2,,,,,,,
345976,9340-2016-11882,1,False,9340,12/15/2016 6:45:00 AM,645,110,1368,4313,San Jose,43,True,True,C,REAR END,,Thursday,NotApplicable,False,,,False,True,True,Santa Clara Superior,C,OTHER MOTOR VEHICLE,,0,0,CLOUDY,, NO UNUSUAL CONDITIONS,, ,A,DAYLIGHT,37.31795,-121.83073,S,250.0,101 SCL 33.04,F,A,NO PEDESTRIANS INVOLVED,12/15/2016 12:00:00 AM,A,22350,False,1.0,US-101 N.B.,,,12/15/2016 1:55:03 PM,A,S,250.0,TULLY ROAD,F,,D,12/15/2016 1:55:32 PM,12/15/2016 1:55:32 PM,,,2,,,,,,,
345968,9340-2016-11885,1,False,9340,12/15/2016 8:00:00 AM,800,110,1368,4313,San Jose,43,True,True,C,REAR END,,Thursday,NotApplicable,False,,,False,True,True,Santa Clara Superior,C,OTHER MOTOR VEHICLE,,0,0,CLOUDY,, NO UNUSUAL CONDITIONS,, ,A,DAYLIGHT,37.4862,-121.8936,N,250.0,101 SCL 30.097,F,A,NO PEDESTRIANS INVOLVED,12/15/2016 12:00:00 AM,A,22350,False,1.0,US-101 N.B.,,,12/15/2016 1:49:54 PM,A,N,250.0,Hellyer Ave,F,,D,12/15/2016 1:50:23 PM,12/15/2016 1:50:23 PM,,,2,,,,,,,
345952,9340-2016-11873,1,False,9340,12/14/2016 7:45:00 PM,1945,281,1368,4313,San Jose,43,True,True,C,REAR END,,Wednesday,NotApplicable,False,,,False,True,False,Santa Clara Superior,C,OTHER MOTOR VEHICLE,,0,0,CLEAR,, NO UNUSUAL CONDITIONS,, ,C,DARK-STREET LIGHTS,37.18574,-121.55164,,,,,A,NO PEDESTRIANS INVOLVED,12/14/2016 12:00:00 AM,A,22350,False,1.0,I-280 S/B to Meridian Avenue,,,12/15/2016 1:35:20 PM,A,N,600.0,MERIDIAN AVENUE,F,,D,12/15/2016 1:35:49 PM,12/15/2016 1:35:49 PM,,,2,,,,,,,
345906,9340-2016-11864,1,False,9340,12/14/2016 12:09:00 PM,1209,120,1368,4313,San Jose,43,True,True,C,REAR END,,Wednesday,NotApplicable,False,,,False,True,False,Santa Clara Superior,C,OTHER MOTOR VEHICLE,,1,0,CLOUDY,, NO UNUSUAL CONDITIONS,, ,A,DAYLIGHT,37.3745,-121.9304,,,,,A,NO PEDESTRIANS INVOLVED,12/14/2016 12:00:00 AM,A,22350,False,1.0,US101 S/B,,,12/15/2016 1:11:56 PM,A,N,1500.0,SR-87,F,,D,12/15/2016 1:12:29 PM,12/15/2016 1:12:29 PM,,,2,,,,,,,
345878,9340-2016-11863,1,False,9340,12/14/2016 7:35:00 AM,735,281,1368,4313,San Jose,43,True,True,B,SIDE SWIPE,,Wednesday,NotApplicable,False,,,False,True,False,Santa Clara Superior,C,OTHER MOTOR VEHICLE,,1,0,CLOUDY,, NO UNUSUAL CONDITIONS,, ,A,DAYLIGHT,37.19112,-121.551831,,,,,A,NO PEDESTRIANS INVOLVED,12/14/2016 12:00:00 AM,A,21658(a),False,1.0,I-280 N/B,,,12/15/2016 12:52:37 PM,B,S,600.0,Leigh Ave,F,,D,12/15/2016 12:53:16 PM,12/15/2016 12:53:16 PM,,,2,,,,,,,
345861,9340-2016-11860,1,False,9340,12/14/2016 9:43:00 AM,943,282,1368,4313,San Jose,43,True,True,C,REAR END,,Wednesday,NotApplicable,False,,,False,True,True,Santa Clara Superior,C,OTHER MOTOR VEHICLE,,0,0,CLEAR,, NO UNUSUAL CONDITIONS,, ,A,DAYLIGHT,37.316848,-121.968383,,,,,A,NO PEDESTRIANS INVOLVED,12/14/2016 12:00:00 AM,A,22350VC,False,1.0,I-280 N/B,,,12/15/2016 12:44:13 PM,A,S,800.0,Saratoga Ave,F,,D,12/15/2016 12:44:48 PM,12/15/2016 12:44:48 PM,,,2,,,,,,,
345831,9340-2016-11861,1,False,9340,12/14/2016 6:17:00 AM,617,282,1368,4313,San Jose,43,True,True,C,REAR END,,Wednesday,NotApplicable,False,,,False,True,True,Santa Clara Superior,C,OTHER MOTOR VEHICLE,,1,0,CLOUDY,, NO UNUSUAL CONDITIONS,, ,B,DUSK-DAWN,37.191084,-121.5937,,,,,A,NO PEDESTRIANS INVOLVED,12/14/2016 12:00:00 AM,A,22350VC,False,1.0,I-280 N/B,,,12/15/2016 12:32:18 PM,A,S,1000.0,Lawrence Expy,F,,D,12/15/2016 12:33:00 PM,12/15/2016 12:33:00 PM,,,2,,,,,,,