Collision Id,	Report Number,	Report Version,	Is Preliminary,	NCIC Code,Crash Date Time,	Crash Time Description,	Beat,City Id,	City Code,	City Name,County Code,	City Is Active,	City Is Incorporated,	Collision Type Code,Collision Type Description,	Collision Type Other Desc,	Day Of Week,	DispatchNotified,	HasPhotographs,	HitRun,	IsAttachmentsMailed,	IsDeleted,	IsHighwayRelated,	IsTowAway,	JudicialDistrict,	MotorVehicleInvolvedWithCode,	MotorVehicleInvolvedWithDesc,MotorVehicleInvolvedWithOtherDesc,	NumberInjured,	NumberKilled,Weather 1, Weather 2, Road Condition 1, Road Condition 2, Special Condition,LightingCode, LightingDescription,Latitude,Longitude,MilepostDirection,MilepostDistance,MilepostMarker,MilepostUnitOfMeasure,	PedestrianActionCode,PedestrianActionDesc,PreparedDate,	Primary Collision Factor Code,Primary Collision Factor Violation,PrimaryCollisionFactorIsCited,	PrimaryCollisionPartyNumber,	PrimaryRoad,	ReportingDistrict,	ReportingDistrictCode,ReviewedDate,	RoadwaySurfaceCode,SecondaryDirection,	SecondaryDistance,	SecondaryRoad,	SecondaryUnitOfMeasure,	SketchDesc,	TrafficControlDeviceCode,CreatedDate,	ModifiedDate,IsCountyRoad,IsFreeway,CHP555Version,	IsAdditonalObjectStruck,NotificationDate,	NotificationTimeDescription,	HasDigitalMediaFiles,	EvidenceNumber,	IsLocationReferToNarrative,	IsAOIOneSameAsLocation
345785,9340-2016-11803,2,False,9340,12/11/2016 2:30:00 PM,1430,089,1368,4313,San Jose,43,True,True,C,REAR END,,Sunday,Yes,False,,,False,True,True,Santa Clara Superior,C,OTHER MOTOR VEHICLE,,2,0,CLEAR,, NO UNUSUAL CONDITIONS,, ,A,DAYLIGHT,37.41537,-121.91077,,,,,A,NO PEDESTRIANS INVOLVED,12/11/2016 12:00:00 AM,A,22350,False,1.0,I-880 N/B TO GREAT MALL PARKWAY,,,4/25/2017 12:24:11 PM,A,S,50.0,Great Mall Pky,F,,A,12/15/2016 12:13:17 PM,4/25/2017 12:24:23 PM,,,2,,,,,,,
345777,9340-2016-11774,1,False,9340,12/10/2016 11:35:00 AM,1135,282,1368,4313,San Jose,43,True,True,E,HIT OBJECT,,Saturday,NotApplicable,False,,,False,True,True,Santa Clara Superior,I,FIXED OBJECT,GUARDRAIL,0,0,RAINING,, NO UNUSUAL CONDITIONS,, ,A,DAYLIGHT,37.31699,-121.94118,,,,,A,NO PEDESTRIANS INVOLVED,12/10/2016 12:00:00 AM,A,22107,False,1.0,SB STEVENS CREEK TO SB 280,,,12/15/2016 12:04:55 PM,B,S,23.0,I-280,F,,D,12/15/2016 12:05:27 PM,12/15/2016 12:05:27 PM,,,2,,,,,,,
345693,9340-2016-11855,1,False,9340,12/13/2016 4:50:00 PM,1650,281,1368,4313,San Jose,43,True,True,B,SIDE SWIPE,,Tuesday,NotApplicable,False,,,False,True,False,Santa Clara Superior,C,OTHER MOTOR VEHICLE,,0,0,CLOUDY,, NO UNUSUAL CONDITIONS,, ,B,DUSK-DAWN,37.31448,-121.91156,,,,,A,NO PEDESTRIANS INVOLVED,12/13/2016 12:00:00 AM,A,22107,False,,I-280 S/B FROM MERIDIAN AVENUE,,,12/15/2016 11:13:16 AM,A,S,250.0,Meridian Ave,F,,D,12/15/2016 11:13:45 AM,12/15/2016 11:13:45 AM,,,2,,,,,,,
345671,9340-2016-11854,1,False,9340,12/13/2016 5:40:00 PM,1740,281,1368,4313,San Jose,43,True,True,B,SIDE SWIPE,,Tuesday,NotApplicable,False,,,False,True,False,Santa Clara Superior,C,OTHER MOTOR VEHICLE,,0,0,CLOUDY,, NO UNUSUAL CONDITIONS,, ,D,DARK-NO STREET LIGHTS,37.32725,-121.88015,,,,,A,NO PEDESTRIANS INVOLVED,12/13/2016 12:00:00 AM,A,21658(a),False,1.0,I-280 S/B,,,12/15/2016 10:59:17 AM,A,N,1000.0,7th,F,,D,12/15/2016 10:59:47 AM,12/15/2016 10:59:47 AM,,,2,,,,,,,
345668,9340-2016-11844,1,False,9340,12/13/2016 12:49:00 PM,1249,681,1368,4313,San Jose,43,True,True,B,SIDE SWIPE,,Tuesday,NotApplicable,False,F,,False,True,False,Santa Clara Superior,C,OTHER MOTOR VEHICLE,,1,0,CLOUDY,, NO UNUSUAL CONDITIONS,, ,A,DAYLIGHT,37.3568,-121.8397,,,,,A,NO PEDESTRIANS INVOLVED,12/13/2016 12:00:00 AM,A,21658A,False,1.0,I-680 S/B,,,12/15/2016 10:52:04 AM,A,S,100.0,Capitol Expy,F,,D,12/15/2016 10:57:04 AM,12/15/2016 10:57:04 AM,,,2,,,,,,,
345627,9340-2016-11862,1,False,9340,12/13/2016 12:24:00 PM,1224,520,1368,4313,San Jose,43,True,True,C,REAR END,,Tuesday,NotApplicable,False,,,False,False,True,Santa Clara Superior,C,OTHER MOTOR VEHICLE,,0,0,CLEAR,, NO UNUSUAL CONDITIONS,, ,A,DAYLIGHT,37.218282,-121.580165,,,,,A,NO PEDESTRIANS INVOLVED,12/13/2016 12:00:00 AM,A,22350VC,False,1.0,SAN TOMAS EXPY S/B,,,12/15/2016 10:30:53 AM,A,N,20.0,MONROE ST.,F,,A,12/15/2016 10:31:21 AM,12/15/2016 10:31:21 AM,,,2,,,,,,,
345604,9340-2016-11829,1,False,9340,12/12/2016 3:25:00 PM,1525,281,1368,4313,San Jose,43,True,True,B,SIDE SWIPE,,Monday,NotApplicable,False,,,False,True,False,Santa Clara Superior,C,OTHER MOTOR VEHICLE,,0,0,CLEAR,, NO UNUSUAL CONDITIONS,, ,A,DAYLIGHT,37.32856,-121.8728,,,,,A,NO PEDESTRIANS INVOLVED,12/12/2016 12:00:00 AM,A,22107,False,,I-280 N/B FROM 10TH ST.,,,12/15/2016 10:15:34 AM,A,N,550.0,10th St,F,,D,12/15/2016 10:16:02 AM,12/15/2016 10:16:02 AM,,,2,,,,,,,
345553,9340-2016-11769,1,False,9340,12/9/2016 7:49:00 PM,1949,083,1368,4313,San Jose,43,True,True,C,REAR END,,Friday,Yes,False,,,False,True,True,Santa Clara Superior,C,OTHER MOTOR VEHICLE,,0,0,CLEAR,, NO UNUSUAL CONDITIONS,, ,C,DARK-STREET LIGHTS,37.25355,-121.88164,,,,,A,NO PEDESTRIANS INVOLVED,12/9/2016 12:00:00 AM,A,23152(a),True,1.0,SR-85 S/B,,,12/15/2016 9:57:50 AM,A,N,1740.0,Almaden Expy,F,,D,12/15/2016 9:58:28 AM,12/15/2016 9:58:28 AM,,,2,,,,,,,
345507,9345-2016-8316,1,False,9340,12/6/2016 6:50:00 PM,1850,089,1368,4313,San Jose,43,True,True,B,SIDE SWIPE,,Tuesday,NotApplicable,False,M,,False,True,False,Santa Clara Superior,C,OTHER MOTOR VEHICLE,,0,0,CLEAR,, NO UNUSUAL CONDITIONS,, ,D,DARK-NO STREET LIGHTS,37.43649,-121.919078,,,,,A,NO PEDESTRIANS INVOLVED,12/6/2016 12:00:00 AM,A,22107,False,1.0,I-880 NORTHBOUND (NIMITZ FREEWAY),,,12/15/2016 9:35:21 AM,A,S,0.8,DIXON LANDING ROAD,M,,D,12/15/2016 9:36:01 AM,12/15/2016 9:36:01 AM,,,2,,,,,,,
345455,9340-2016-11622,1,False,9340,12/3/2016 1:00:00 PM,1300,120,1368,4313,San Jose,43,True,True,C,REAR END,,Saturday,NotApplicable,False,,,False,True,False,Santa Clara Superior,C,OTHER MOTOR VEHICLE,,0,0,CLEAR,, NO UNUSUAL CONDITIONS,, ,A,DAYLIGHT,37.354,-121.684,,,,,A,NO PEDESTRIANS INVOLVED,12/3/2016 12:00:00 AM,A,22350,False,1.0,US101 N/B,,,12/15/2016 9:05:02 AM,A,N,1130.0,13TH STREET,F,,D,12/15/2016 9:05:35 AM,12/15/2016 9:05:35 AM,,,2,,,,,,,
345451,9340-2016-11598,1,False,9340,12/2/2016 5:20:00 AM,520,120,1368,4313,San Jose,43,True,True,C,REAR END,,Friday,NotApplicable,False,,,False,True,True,Santa Clara Superior,C,OTHER MOTOR VEHICLE,,0,0,CLEAR,, NO UNUSUAL CONDITIONS,, ,A,DAYLIGHT,37.7442,-121.7453,,,,,A,NO PEDESTRIANS INVOLVED,12/2/2016 12:00:00 AM,A,22350,False,1.0,US101 N/B,,,12/15/2016 8:59:13 AM,A,N,2350.0,SR-87,F,,D,12/15/2016 9:01:57 AM,12/15/2016 9:01:57 AM,,,2,,,,,,,
345409,9340-2016-11620,1,False,9340,12/2/2016 11:10:00 PM,2310,230,1368,4313,San Jose,43,True,True,C,REAR END,,Friday,NotApplicable,False,,,False,True,True,Santa Clara Superior,C,OTHER MOTOR VEHICLE,,0,0,CLEAR,, NO UNUSUAL CONDITIONS,, ,C,DARK-STREET LIGHTS,37.41931,-121.95628,,,,,A,NO PEDESTRIANS INVOLVED,12/2/2016 12:00:00 AM,A,22350,False,1.0,SR-237 E/B,,,12/15/2016 8:38:15 AM,A,E,500.0,FIRST ST,F,,A,12/15/2016 8:38:46 AM,12/15/2016 8:38:46 AM,,,2,,,,,,,
345403,9340-2016-10914,1,False,9340,10/31/2016 4:30:00 PM,1630,089,1368,4313,San Jose,43,True,True,C,REAR END,,Monday,NotApplicable,False,M,,False,True,False,Santa Clara Superior,C,OTHER MOTOR VEHICLE,,0,0,CLEAR,, NO UNUSUAL CONDITIONS,, ,A,DAYLIGHT,37.214952,-121.541182,,,,,A,NO PEDESTRIANS INVOLVED,10/31/2016 12:00:00 AM,A,22350,False,1.0,I-880 S/B TO US-101 S/B,,,12/15/2016 8:35:30 AM,A,W,40.0,I-880,F,,D,12/15/2016 8:36:11 AM,12/15/2016 8:36:11 AM,,,2,,,,,,,
345064,9340-2016-11585,1,False,9340,12/1/2016 3:50:00 PM,1550,282,1368,4313,San Jose,43,True,True,C,REAR END,,Thursday,NotApplicable,False,,,False,True,True,Santa Clara Superior,C,OTHER MOTOR VEHICLE,,1,0,CLEAR,, NO UNUSUAL CONDITIONS,, ,A,DAYLIGHT,37.31647,-121.96718,,,,,A,NO PEDESTRIANS INVOLVED,12/1/2016 12:00:00 AM,A,22350,False,1.0,I-280 N/B,,,12/14/2016 3:25:52 PM,A,S,900.0,Saratoga Ave,F,,D,12/14/2016 3:26:25 PM,12/14/2016 3:26:25 PM,,,2,,,,,,,
345057,9340-2016-11846,1,False,9340,12/13/2016 10:40:00 AM,1040,120,1368,4313,San Jose,43,True,True,B,SIDE SWIPE,,Tuesday,NotApplicable,False,M,,False,True,False,Santa Clara Superior,C,OTHER MOTOR VEHICLE,,0,0,CLOUDY,, NO UNUSUAL CONDITIONS,, ,A,DAYLIGHT,37.38193,-121.95718,,,,,A,NO PEDESTRIANS INVOLVED,12/13/2016 12:00:00 AM,A,22107,False,1.0,US-101 N/B,,,12/14/2016 3:19:36 PM,A,S,0.25,San Tomas Expy,M,,D,12/14/2016 3:20:04 PM,12/14/2016 3:20:04 PM,,,2,,,,,,,
345013,9340-2016-6827,2,False,9340,4/18/2016 12:20:00 AM,20,110,1368,4313,San Jose,43,True,True,E,HIT OBJECT,,Monday,NotApplicable,False,M,,False,True,True,Santa Clara Superior,I,FIXED OBJECT,dirt embankment,0,0,CLEAR,, NO UNUSUAL CONDITIONS,, ,C,DARK-STREET LIGHTS,,,,,,,A,NO PEDESTRIANS INVOLVED,4/18/2016 12:00:00 AM,A,22107,False,1.0,us 101 n/b (from story rd),,,1/24/2017 12:41:13 PM,A,N,375.0,Story Rd,F,,D,12/14/2016 2:49:35 PM,1/24/2017 12:41:20 PM,,,2,,,,,,,
345002,9725-2016-9274,1,False,9725,12/7/2016 5:21:00 PM,1721,085,1368,4313,San Jose,43,True,True,C,REAR END,,Wednesday,Yes,False,,,False,True,True,Santa Clara Superior,C,OTHER MOTOR VEHICLE,,1,0,CLOUDY,, NO UNUSUAL CONDITIONS,, ,D,DARK-NO STREET LIGHTS,37.242431,-121.801401,,,,,A,NO PEDESTRIANS INVOLVED,12/7/2016 12:00:00 AM,A,21703 VC,False,1.0,SR-85 N/B,,,12/14/2016 2:42:59 PM,A,S,700.0,Cottle Rd,F,,D,12/14/2016 2:44:06 PM,12/14/2016 2:44:06 PM,,,2,,,,,,,
344751,9340-2016-11837,1,False,9340,12/13/2016 5:20:00 AM,520,110,1368,4313,San Jose,43,True,True,C,REAR END,,Tuesday,NotApplicable,False,,,False,True,False,Santa Clara Superior,C,OTHER MOTOR VEHICLE,,1,0,CLEAR,, NO UNUSUAL CONDITIONS,, ,C,DARK-STREET LIGHTS,37.3627,-121.8879,,,,,A,NO PEDESTRIANS INVOLVED,12/13/2016 12:00:00 AM,A,22350,False,1.0,US101 N/B,,,12/14/2016 12:03:38 PM,A,S,700.0,Oakland Rd,F,,D,12/14/2016 12:04:11 PM,12/14/2016 12:04:11 PM,,,2,,,,,,,
344722,9340-2016-11078,1,False,9340,11/7/2016 8:25:00 AM,825,110,1368,4313,San Jose,43,True,True,C,REAR END,,Monday,NotApplicable,False,,,False,True,False,Santa Clara Superior,C,OTHER MOTOR VEHICLE,,0,0,CLOUDY,, NO UNUSUAL CONDITIONS,, ,A,DAYLIGHT,37.9761,-121.9873,,,,,A,NO PEDESTRIANS INVOLVED,11/7/2016 12:00:00 AM,A,22350,False,1.0,US-101 TO I-680 N/B,,,12/14/2016 11:49:52 AM,B,N,1380.0,Story Rd,F,,D,12/14/2016 11:50:29 AM,12/14/2016 11:50:29 AM,,,2,,,,,,,
344703,9340-2016-10003,1,False,9340,9/19/2016 6:10:00 AM,610,120,1368,4313,San Jose,43,True,True,C,REAR END,,Monday,NotApplicable,False,,,False,True,True,Santa Clara Superior,C,OTHER MOTOR VEHICLE,,0,0,CLEAR,, NO UNUSUAL CONDITIONS,, ,D,DARK-NO STREET LIGHTS,37.3726,-121.9219,,,,,A,NO PEDESTRIANS INVOLVED,9/19/2016 12:00:00 AM,A,22350 VC,False,1.0,US101 N/B,,,12/14/2016 11:38:13 AM,A,N,0.1,BROKAW ROAD,M,,D,12/14/2016 11:38:41 AM,12/14/2016 11:38:41 AM,,,2,,,,,,,
344700,9340-2016-9982,1,False,9340,9/18/2016 11:10:00 AM,1110,110,1368,4313,San Jose,43,True,True,B,SIDE SWIPE,,Sunday,NotApplicable,False,,,False,True,True,Santa Clara Superior,C,OTHER MOTOR VEHICLE,,0,0,CLEAR,, NO UNUSUAL CONDITIONS,, ,A,DAYLIGHT,37.3272,-121.8395,,,,,A,NO PEDESTRIANS INVOLVED,9/18/2016 12:00:00 AM,A,22107,False,1.0,US101 N/B,,,12/14/2016 11:36:21 AM,A,S,0.75,I-280,M,,D,12/14/2016 11:36:55 AM,12/14/2016 11:36:55 AM,,,2,,,,,,,
344694,9340-2016-9911,2,False,9340,9/14/2016 10:17:00 PM,2217,088,1368,4313,San Jose,43,True,True,C,REAR END,,Wednesday,NotApplicable,False,,,False,False,False,Santa Clara Superior,C,OTHER MOTOR VEHICLE,,0,0,CLEAR,CLOUDY, NO UNUSUAL CONDITIONS,, ,D,DARK-NO STREET LIGHTS,37.334529,-121.936144,,,,,A,NO PEDESTRIANS INVOLVED,9/14/2016 12:00:00 AM,A,22350,False,1.0,I-880 N/B,,,2/16/2017 10:32:17 AM,A,N,50.0,BASCOM AVE.,F,,D,12/14/2016 11:33:04 AM,2/16/2017 10:33:05 AM,,,2,,,,,,,
344571,9340-2016-11838,1,False,9340,12/13/2016 5:21:00 AM,521,110,1368,4313,San Jose,43,True,True,B,SIDE SWIPE,,Tuesday,NotApplicable,False,,,False,True,True,Santa Clara Superior,C,OTHER MOTOR VEHICLE,,0,0,CLEAR,, NO UNUSUAL CONDITIONS,, ,C,DARK-STREET LIGHTS,37.3626,-121.888,,,,,A,NO PEDESTRIANS INVOLVED,12/13/2016 12:00:00 AM,A,21658(a),False,1.0,US101 N/B,,,12/14/2016 10:41:46 AM,A,S,1000.0,Oakland Rd,F,,D,12/14/2016 10:42:18 AM,12/14/2016 10:42:18 AM,,,2,,,,,,,
344561,9340-2016-11857,1,False,9340,12/13/2016 3:55:00 PM,1555,088,1368,4313,San Jose,43,True,True,C,REAR END,,Tuesday,NotApplicable,False,M,,False,True,False,Santa Clara Superior,C,OTHER MOTOR VEHICLE,,0,0,CLOUDY,, NO UNUSUAL CONDITIONS,, ,A,DAYLIGHT,37.36397,-121.90208,,,,,A,NO PEDESTRIANS INVOLVED,12/13/2016 12:00:00 AM,A,22350,False,1.0,I880 SB,,,12/14/2016 10:35:43 AM,A,S,75.0,US101,F,,D,12/14/2016 10:36:19 AM,12/14/2016 10:36:19 AM,,,2,,,,,,,
344530,9340-2016-8658,1,False,9340,3/11/2016 5:00:00 PM,1700,281,1368,4313,San Jose,43,True,True,C,REAR END,,Friday,NotApplicable,False,,,False,True,False,Santa Clara Superior,C,OTHER MOTOR VEHICLE,,0,0,CLOUDY,RAINING, NO UNUSUAL CONDITIONS,, Late-Reported,C,DARK-STREET LIGHTS,37.99999,-121.99999,,,,,A,NO PEDESTRIANS INVOLVED,3/11/2016 12:00:00 AM,A,22350,False,,I-280 N/B From Fourth Street,,,12/14/2016 10:19:44 AM,B,W,30.0,Reed Ave,F,,D,12/14/2016 10:20:52 AM,12/14/2016 10:20:52 AM,,,2,,,,,,,
344514,9340-2016-11858,1,False,9340,12/13/2016 5:10:00 PM,1710,681,1368,4313,San Jose,43,True,True,C,REAR END,,Tuesday,NotApplicable,False,,,False,True,True,Santa Clara Superior,C,OTHER MOTOR VEHICLE,,0,0,CLEAR,, NO UNUSUAL CONDITIONS,, ,A,DAYLIGHT,37.3687,-121.8445,,,,,A,NO PEDESTRIANS INVOLVED,12/13/2016 12:00:00 AM,A,22350,False,1.0,I-680 N/B TO MCKEE ROAD E/B,,,12/14/2016 10:13:48 AM,A,S,50.0,MCKEE ROAD,F,,D,12/14/2016 10:14:19 AM,12/14/2016 10:14:19 AM,,,2,,,,,,,
344492,9340-2016-11802,1,False,9340,12/11/2016 6:00:00 PM,1800,681,1368,4313,San Jose,43,True,True,C,REAR END,,Sunday,Yes,False,M,,False,True,True,Santa Clara Superior,C,OTHER MOTOR VEHICLE,,2,0,CLEAR,, NO UNUSUAL CONDITIONS,, ,D,DARK-NO STREET LIGHTS,37.36412,-121.84393,,,,,A,NO PEDESTRIANS INVOLVED,12/11/2016 12:00:00 AM,A,22350,False,1.0,I-680 S/B,,,12/14/2016 9:59:34 AM,A,N,1500.0,Alum Rock Ave,F,,D,12/14/2016 10:00:13 AM,12/14/2016 10:00:13 AM,,,2,,,,,,,
344429,9340-2016-11853,1,False,9340,12/13/2016 3:00:00 PM,1500,681,1368,4313,San Jose,43,True,True,C,REAR END,,Tuesday,NotApplicable,False,,,False,True,False,Santa Clara Superior,C,OTHER MOTOR VEHICLE,,0,0,CLEAR,, NO UNUSUAL CONDITIONS,, ,A,DAYLIGHT,37.201987,-121.51089,,,,,A,NO PEDESTRIANS INVOLVED,12/13/2016 12:00:00 AM,A,22350,False,2.0,I-680 SB TRANSITION RAMP TO US-101 SB,,,12/14/2016 9:22:50 AM,A,S,0.3,INTERSTATE 680 O/C,M,,D,12/14/2016 9:23:19 AM,12/14/2016 9:23:19 AM,,,2,,,,,,,
344427,9340-2016-11856,1,False,9340,12/13/2016 6:15:00 PM,1815,089,1368,4313,San Jose,43,True,True,C,REAR END,,Tuesday,NotApplicable,False,,,False,True,False,Santa Clara Superior,C,OTHER MOTOR VEHICLE,,0,0,CLEAR,, NO UNUSUAL CONDITIONS,, ,D,DARK-NO STREET LIGHTS,37.2207,-121.546,,,,,A,NO PEDESTRIANS INVOLVED,12/13/2016 12:00:00 AM,A,22350,False,2.0,I-880 SB ON RAMP FROM OLD BAYSHORE HWY,,,12/14/2016 9:22:25 AM,A,N,410.0,OLD BAYSHORE HIGHWAY,F,,A,12/14/2016 9:22:59 AM,12/14/2016 9:22:59 AM,,,2,,,,,,,
344414,9340-2016-11849,1,False,9340,12/13/2016 1:36:00 PM,1336,088,1368,4313,San Jose,43,True,True,B,SIDE SWIPE,,Tuesday,NotApplicable,False,,,False,True,False,Santa Clara Superior,C,OTHER MOTOR VEHICLE,,0,0,CLOUDY,, NO UNUSUAL CONDITIONS,, ,A,DAYLIGHT,37.333063,-121.938071,S,600.0,880 SCL 1.251,F,A,NO PEDESTRIANS INVOLVED,12/13/2016 12:00:00 AM,A,21658(a),False,2.0,I-880 N/B,,,12/14/2016 9:11:31 AM,A,S,600.0,Bascom Avenue,F,,D,12/14/2016 9:17:32 AM,12/14/2016 9:17:32 AM,,,2,,,,,,,
344352,9340-2016-11840,1,False,9340,12/13/2016 11:15:00 AM,1115,110,1368,4313,San Jose,43,True,True,B,SIDE SWIPE,,Tuesday,NotApplicable,False,M,,False,True,False,Santa Clara Superior,C,OTHER MOTOR VEHICLE,,0,0,CLOUDY,, NO UNUSUAL CONDITIONS,, ,A,DAYLIGHT,37.65715,-121.76511,S,0.1,101 SCL 31.695,M,A,NO PEDESTRIANS INVOLVED,12/13/2016 12:00:00 AM,A,21658A,False,1.0,US-101 NB.,,,12/14/2016 8:50:17 AM,A,S,0.1,Capitol Expy,M,,D,12/14/2016 8:50:54 AM,12/14/2016 8:50:54 AM,,,2,,,,,,,
344340,9340-2016-11839,1,False,9340,12/13/2016 5:25:00 AM,525,110,1368,4313,San Jose,43,True,True,C,REAR END,,Tuesday,NotApplicable,False,,,False,True,False,Santa Clara Superior,C,OTHER MOTOR VEHICLE,,0,0,CLEAR,, NO UNUSUAL CONDITIONS,, ,D,DARK-NO STREET LIGHTS,37.6516,-121.873185,S,250.0,101 SCL 37.842,F,A,NO PEDESTRIANS INVOLVED,12/13/2016 12:00:00 AM,A,22350,False,1.0,US-101 N.B.,,,12/14/2016 8:44:30 AM,A,S,250.0,OLD OAKLAND ROAD,F,,D,12/14/2016 8:44:59 AM,12/14/2016 8:44:59 AM,,,2,,,,,,,
344328,9340-2016-11777,1,False,9340,12/10/2016 4:40:00 PM,1640,087,1368,4313,San Jose,43,True,True,C,REAR END,,Saturday,Yes,False,,,False,True,True,Santa Clara Superior,C,OTHER MOTOR VEHICLE,,4,0,RAINING,, NO UNUSUAL CONDITIONS,, ,C,DARK-STREET LIGHTS,37.30871,-121.882,,,,,A,NO PEDESTRIANS INVOLVED,12/10/2016 12:00:00 AM,A,22350,False,1.0,SR-87 N/B,,,12/14/2016 8:36:52 AM,B,N,50.0,Willow St,F,,D,12/14/2016 8:37:38 AM,12/14/2016 8:37:38 AM,,,2,,,,,,,
344293,9340-2016-11768,1,False,9340,12/9/2016 5:55:00 PM,1755,110,1368,4313,San Jose,43,True,True,B,SIDE SWIPE,,Friday,NotApplicable,False,M,,False,True,True,Santa Clara Superior,C,OTHER MOTOR VEHICLE,,0,0,CLEAR,, NO UNUSUAL CONDITIONS,, ,C,DARK-STREET LIGHTS,37.32667,-121.83917,,,,,A,NO PEDESTRIANS INVOLVED,12/9/2016 12:00:00 AM,A,21658(a),False,1.0,US101 N/B,,,12/14/2016 8:25:36 AM,A,N,3660.0,Tully Rd,F,,D,12/14/2016 8:26:07 AM,12/14/2016 8:26:07 AM,,,2,,,,,,,
344284,9340-2016-11801,1,False,9340,12/11/2016 4:35:00 PM,1635,681,1368,4313,San Jose,43,True,True,C,REAR END,,Sunday,NotApplicable,False,M,,False,True,False,Santa Clara Superior,C,OTHER MOTOR VEHICLE,,1,0,CLEAR,, NO UNUSUAL CONDITIONS,, ,A,DAYLIGHT,37.36901,-121.84432,,,,,A,NO PEDESTRIANS INVOLVED,12/11/2016 12:00:00 AM,A,22350,False,1.0,I-680 N/B (TO MCKEE ROAD),,,12/14/2016 8:19:09 AM,A,S,60.0,McKee Rd,F,,D,12/14/2016 8:19:42 AM,12/14/2016 8:19:42 AM,,,2,,,,,,,
344197,9340-2016-11487,1,False,9340,11/27/2016 12:45:00 AM,45,172,1368,4313,San Jose,43,True,True,E,HIT OBJECT,,Sunday,Yes,False,,,False,True,True,Santa Clara Superior,I,FIXED OBJECT,FIRE HYDRANT,0,0,RAINING,, NO UNUSUAL CONDITIONS,, ,C,DARK-STREET LIGHTS,37.15195,-121.57169,,,,,A,NO PEDESTRIANS INVOLVED,11/27/2016 12:00:00 AM,A,23152(a),True,1.0,SR-17 S/B TO SR-85 S/B,,,12/14/2016 7:21:36 AM,B,N,75.0,SR-85,F,,D,12/14/2016 7:22:11 AM,12/14/2016 7:22:11 AM,,,2,,,,,,,
344080,9340-2016-11825,1,False,9340,12/12/2016 8:55:00 AM,855,520,1368,4313,San Jose,43,True,True,C,REAR END,,Monday,NotApplicable,False,,,False,False,False,Santa Clara Superior,C,OTHER MOTOR VEHICLE,,1,0,CLOUDY,, NO UNUSUAL CONDITIONS,, ,A,DAYLIGHT,37.3159,-121.9631,,,,,A,NO PEDESTRIANS INVOLVED,12/12/2016 12:00:00 AM,A,22350,False,1.0,San Tomas Expy n/b,,,12/14/2016 6:01:09 AM,A,S,1200.0,Moorpark Ave,F,,A,12/14/2016 6:01:42 AM,12/14/2016 6:01:42 AM,,,2,,,,,,,
343830,9340-2016-11830,1,False,9340,12/12/2016 5:00:00 PM,1700,281,1368,4313,San Jose,43,True,True,C,REAR END,,Monday,NotApplicable,False,M,,False,True,False,Santa Clara Superior,C,OTHER MOTOR VEHICLE,,0,0,CLEAR,, NO UNUSUAL CONDITIONS,, ,D,DARK-NO STREET LIGHTS,37.32601,-121.88398,,,,,A,NO PEDESTRIANS INVOLVED,12/12/2016 12:00:00 AM,A,22350,False,1.0,I-280 N/B,,,12/13/2016 3:07:17 PM,A,N,150.0,1st St,F,,D,12/13/2016 3:07:46 PM,12/13/2016 3:07:46 PM,,,2,,,,,,,
343811,9340-2016-11832,1,False,9340,12/12/2016 6:30:00 PM,1830,281,1368,4313,San Jose,43,True,True,C,REAR END,,Monday,NotApplicable,False,,,False,True,False,Santa Clara Superior,C,OTHER MOTOR VEHICLE,,0,0,CLEAR,, NO UNUSUAL CONDITIONS,, ,D,DARK-NO STREET LIGHTS,37.31561,-121.91574,,,,,A,NO PEDESTRIANS INVOLVED,12/12/2016 12:00:00 AM,A,22350,False,1.0,I-280 S/B,,,12/13/2016 3:00:48 PM,A,N,100.0,Meridian Ave,F,,D,12/13/2016 3:01:17 PM,12/13/2016 3:01:17 PM,,,2,,,,,,,
343769,9340-2016-11823,1,False,9340,12/12/2016 10:30:00 AM,1030,088,1368,4313,San Jose,43,True,True,C,REAR END,,Monday,NotApplicable,False,,,False,True,True,Santa Clara Superior,C,OTHER MOTOR VEHICLE,,0,0,CLEAR,, NO UNUSUAL CONDITIONS,, ,A,DAYLIGHT,37.34285,-121.92549,,,,,A,NO PEDESTRIANS INVOLVED,12/12/2016 12:00:00 AM,A,22350,False,1.0,I-880 N/B,,,12/13/2016 2:35:34 PM,A,N,300.0,The Alameda,F,,D,12/13/2016 2:48:39 PM,12/13/2016 2:48:39 PM,,,2,,,,,,,