Collision Id,	Report Number,	Report Version,	Is Preliminary,	NCIC Code,Crash Date Time,	Crash Time Description,	Beat,City Id,	City Code,	City Name,County Code,	City Is Active,	City Is Incorporated,	Collision Type Code,Collision Type Description,	Collision Type Other Desc,	Day Of Week,	DispatchNotified,	HasPhotographs,	HitRun,	IsAttachmentsMailed,	IsDeleted,	IsHighwayRelated,	IsTowAway,	JudicialDistrict,	MotorVehicleInvolvedWithCode,	MotorVehicleInvolvedWithDesc,MotorVehicleInvolvedWithOtherDesc,	NumberInjured,	NumberKilled,Weather 1, Weather 2, Road Condition 1, Road Condition 2, Special Condition,LightingCode, LightingDescription,Latitude,Longitude,MilepostDirection,MilepostDistance,MilepostMarker,MilepostUnitOfMeasure,	PedestrianActionCode,PedestrianActionDesc,PreparedDate,	Primary Collision Factor Code,Primary Collision Factor Violation,PrimaryCollisionFactorIsCited,	PrimaryCollisionPartyNumber,	PrimaryRoad,	ReportingDistrict,	ReportingDistrictCode,ReviewedDate,	RoadwaySurfaceCode,SecondaryDirection,	SecondaryDistance,	SecondaryRoad,	SecondaryUnitOfMeasure,	SketchDesc,	TrafficControlDeviceCode,CreatedDate,	ModifiedDate,IsCountyRoad,IsFreeway,CHP555Version,	IsAdditonalObjectStruck,NotificationDate,	NotificationTimeDescription,	HasDigitalMediaFiles,	EvidenceNumber,	IsLocationReferToNarrative,	IsAOIOneSameAsLocation
3801726,16-044-0937,2,False,4313,2/13/2016 11:13:00 PM,2313,L4,1368,4313,San Jose,43,True,True,D,BROADSIDE,,Saturday,,,,,False,False,True,,C,OTHER MOTOR VEHICLE,,2,0,CLEAR,, NO UNUSUAL CONDITIONS - NO UNUSUAL CONDITIONS,, ,C,DARK-STREET LIGHTS,,,,,,,A,NO PEDESTRIANS INVOLVED,,A,22100B,,1.0,UMBARGER RD,LINCO,,,A,,,MEADOWFAIRE DR,,,D,8/8/2024 11:13:17 AM,2/10/2025 10:39:03 AM,,,2,,,,,,,
3801724,16-041-0305,2,False,4313,2/10/2016 8:00:00 AM,800,3,1368,4313,San Jose,43,True,True,B,SIDE SWIPE,,Wednesday,,,,,False,False,False,,E,PARKED MOTOR VEHICLE,,1,0,CLEAR,, NO UNUSUAL CONDITIONS - NO UNUSUAL CONDITIONS,, ,A,DAYLIGHT,,,,,,,,,,B,,,1.0,SANTA TERESA BL,Y,,,A,E,100.0,BANNER DR,F,,D,8/8/2024 11:13:17 AM,2/10/2025 10:39:03 AM,,,2,,,,,,,
3801722,16-045-0510,2,False,4313,2/14/2016 4:09:00 PM,1609,4,1368,4313,San Jose,43,True,True,,,,Sunday,,,,,False,False,True,,C,OTHER MOTOR VEHICLE,,1,0,CLEAR,, NO UNUSUAL CONDITIONS - NO UNUSUAL CONDITIONS,, ,A,DAYLIGHT,,,,,,,A,NO PEDESTRIANS INVOLVED,,A,21453A,,1.0,BIRD AV,EDWAR,,,A,N,12.0,LIGHT POLE #12LB79,F,,A,8/8/2024 11:13:17 AM,2/10/2025 10:39:03 AM,,,2,,,,,,,
3801720,16-041-0882,2,False,4313,2/10/2016 8:33:00 PM,2033,X1,1368,4313,San Jose,43,True,True,A,HEAD-ON,,Wednesday,,,,,False,False,True,,I,FIXED OBJECT,,1,0,CLEAR,, NO UNUSUAL CONDITIONS - NO UNUSUAL CONDITIONS,, ,C,DARK-STREET LIGHTS,,,,,,,A,NO PEDESTRIANS INVOLVED,,A,22350,,1.0,HILLSDALE AV,SOUTH,,,A,,,PG&E POLE #248T40767949,,,D,8/8/2024 11:13:17 AM,2/10/2025 10:39:03 AM,,,2,,,,,,,
3801718,16-045-0683,2,False,4313,2/14/2016 7:28:00 PM,1928,X2,1368,4313,San Jose,43,True,True,D,BROADSIDE,,Sunday,,,,,False,False,True,,C,OTHER MOTOR VEHICLE,,1,0,CLEAR,, NO UNUSUAL CONDITIONS - NO UNUSUAL CONDITIONS,, ,,,,,,,,,A,NO PEDESTRIANS INVOLVED,,A,21804A,,1.0,SENTER RD,XRAY,,,A,E,18.0,CITY LIGHT POLE #16P95,F,,,8/8/2024 11:13:16 AM,2/10/2025 10:39:03 AM,,,2,,,,,,,
3801714,16-060-0691,2,False,4313,2/29/2016 6:48:00 PM,1848,L6,1368,4313,San Jose,43,True,True,A,HEAD-ON,,Monday,,,F,,False,False,False,,C,OTHER MOTOR VEHICLE,,1,0,CLEAR,, NO UNUSUAL CONDITIONS - NO UNUSUAL CONDITIONS,, ,C,DARK-STREET LIGHTS,,,,,,,A,NO PEDESTRIANS INVOLVED,,A,21650,,1.0,CAPITOL EX,WESTE,,,A,S,50.0,LIGHT POLE #14-Q-257,F,,D,8/8/2024 11:13:16 AM,2/10/2025 10:39:02 AM,,,2,,,,,,,
3801710,16-043-0402,2,False,4313,2/12/2016 12:28:00 PM,1228,C1,1368,4313,San Jose,43,True,True,B,SIDE SWIPE,,Friday,,,,,False,False,False,,C,OTHER MOTOR VEHICLE,,1,0,CLEAR,, NO UNUSUAL CONDITIONS - NO UNUSUAL CONDITIONS,, ,A,DAYLIGHT,,,,,,,A,NO PEDESTRIANS INVOLVED,,A,21658A,,1.0,CAPITOL EX,DC,,,A,N,200.0,STORY RD,F,,A,8/8/2024 11:13:16 AM,2/10/2025 10:39:02 AM,,,2,,,,,,,
3801706,16-060-0532,2,False,4313,2/29/2016 3:31:00 PM,1531,L4,1368,4313,San Jose,43,True,True,A,HEAD-ON,,Monday,,,,,False,False,False,,B,PEDESTRIAN,,1,0,CLEAR,, NO UNUSUAL CONDITIONS - NO UNUSUAL CONDITIONS,, ,A,DAYLIGHT,,,,,,,B,CROSSING IN CROSS WALK AT INTERSECTION,,A,21950A,,1.0,MONTEREY RD,LINCO,,,A,,,LEWIS RD,,,A,8/8/2024 11:13:15 AM,2/10/2025 10:39:01 AM,,,2,,,,,,,
3801702,16-059-0679,2,False,4313,2/28/2016 6:41:00 PM,1841,R1,1368,4313,San Jose,43,True,True,D,BROADSIDE,,Sunday,,,,,False,False,True,,C,OTHER MOTOR VEHICLE,,2,0,CLEAR,, NO UNUSUAL CONDITIONS - NO UNUSUAL CONDITIONS,, ,C,DARK-STREET LIGHTS,,,,,,,A,NO PEDESTRIANS INVOLVED,,A,,,,TRIMBLE RD,CENTR,,,A,,,1ST ST,,,A,8/8/2024 11:13:15 AM,2/10/2025 10:39:01 AM,,,2,,,,,,,
3801698,16-044-0679,2,False,4313,2/13/2016 6:35:00 PM,1835,Y2,1368,4313,San Jose,43,True,True,D,BROADSIDE,,Saturday,,,,,False,False,True,,C,OTHER MOTOR VEHICLE,,2,0,CLEAR,, NO UNUSUAL CONDITIONS - NO UNUSUAL CONDITIONS,, ,C,DARK-STREET LIGHTS,,,,,,,A,NO PEDESTRIANS INVOLVED,,A,21801A,,2.0,SNELL AV,,,,A,,,SHAWNEE LN,,,A,8/8/2024 11:13:15 AM,2/10/2025 10:39:00 AM,,,2,,,,,,,
3801696,16-058-0610,2,False,4313,2/27/2016 5:13:00 PM,1713,Y3,1368,4313,San Jose,43,True,True,C,REAR END,,Saturday,,,F,,False,False,False,,C,OTHER MOTOR VEHICLE,,2,0,CLEAR,, NO UNUSUAL CONDITIONS - NO UNUSUAL CONDITIONS,, ,C,DARK-STREET LIGHTS,,,,,,,A,NO PEDESTRIANS INVOLVED,,A,21350,,1.0,COTTLE RD,SOUTH,,,A,S,50.0,BESWICK DR,F,,A,8/8/2024 11:13:15 AM,2/10/2025 10:39:00 AM,,,2,,,,,,,
3801695,160430667,2,False,4313,2/12/2016 5:13:00 PM,1713,75,1368,4313,San Jose,43,True,True,C,REAR END,,Friday,,,,,False,False,True,,C,OTHER MOTOR VEHICLE,,2,0,CLEAR,, ,, ,A,DAYLIGHT,,,,,,,A,NO PEDESTRIANS INVOLVED,,A,22350,,1.0,MONTEREY HWY,SANJO,,,A,S,0.04,PALM AV,M,,D,8/8/2024 11:13:15 AM,2/10/2025 10:39:00 AM,,,2,,,,,,,
3801691,160600376,2,False,4313,2/29/2016 12:25:00 PM,1225,Y5,1368,4313,San Jose,43,True,True,D,BROADSIDE,,Monday,,,,,False,False,True,,C,OTHER MOTOR VEHICLE,,2,0,CLEAR,, NO UNUSUAL CONDITIONS - NO UNUSUAL CONDITIONS,, ,A,DAYLIGHT,,,,,,,,,,A,21804A,,1.0,SNELL,SOUTH,,,A,,,SHAWCROFT DR,,,D,8/8/2024 11:13:14 AM,2/10/2025 10:39:00 AM,,,2,,,,,,,
3801687,16-059-0801,2,False,4313,2/28/2016 9:19:00 PM,2119,F5,1368,4313,San Jose,43,True,True,D,BROADSIDE,,Sunday,,,,,False,False,True,,C,OTHER MOTOR VEHICLE,,5,0,CLEAR,, NO UNUSUAL CONDITIONS - NO UNUSUAL CONDITIONS,, ,C,DARK-STREET LIGHTS,,,,,,,A,NO PEDESTRIANS INVOLVED,,A,21453A,,1.0,W SAN CARLOS ST,FRANK,,,A,,,MERIDIAN AV,,,A,8/8/2024 11:13:14 AM,2/10/2025 10:38:59 AM,,,2,,,,,,,
3801686,16-041-0748,2,False,4313,2/10/2016 5:46:00 PM,1746,N3,1368,4313,San Jose,43,True,True,D,BROADSIDE,,Wednesday,,,,,False,False,False,,G,BICYCLE,,1,0,CLEAR,, NO UNUSUAL CONDITIONS - NO UNUSUAL CONDITIONS,, ,C,DARK-STREET LIGHTS,,,,,,,A,NO PEDESTRIANS INVOLVED,,A,22107,,1.0,SARATOGA AV,DN,,,A,N,31.0,COUNTRY LN,F,,D,8/8/2024 11:13:14 AM,2/10/2025 10:38:59 AM,,,2,,,,,,,
3801682,16-041-0604,2,False,4313,2/10/2016 3:16:00 PM,1516,4,1368,4313,San Jose,43,True,True,G,VEHICLE/PEDESTRAIN,,Wednesday,,,,,False,False,False,,B,PEDESTRIAN,,1,0,CLEAR,, NO UNUSUAL CONDITIONS - NO UNUSUAL CONDITIONS,, ,A,DAYLIGHT,,,,,,,E,IN ROAD - INCLUDES SHOULDER,,A,22106,,1.0,MILL POND DR,LINCO,,,A,N,12.0,S LIGHT POLE IN FRONT OF 515 MILL POND DR,F,,D,8/8/2024 11:13:13 AM,2/10/2025 10:38:59 AM,,,2,,,,,,,
3801679,16-057-0649,2,False,4313,2/26/2016 4:19:00 PM,1619,K4,1368,4313,San Jose,43,True,True,G,VEHICLE/PEDESTRAIN,,Friday,,,,,False,False,True,,B,PEDESTRIAN,,1,0,CLEAR,, NO UNUSUAL CONDITIONS - NO UNUSUAL CONDITIONS,, ,B,DUSK-DAWN,,,,,,,D,CROSSING - NOT IN CROSSWALK,,A,,,,E SAN ANTONIO ST,KING,,,A,,,S 28TH ST,,,D,8/8/2024 11:13:13 AM,2/10/2025 10:38:58 AM,,,2,,,,,,,
3801678,16-041-0246,2,False,4313,2/10/2016 9:11:00 AM,911,R2,1368,4313,San Jose,43,True,True,C,REAR END,,Wednesday,,,,,False,False,True,,C,OTHER MOTOR VEHICLE,,1,0,CLEAR,, NO UNUSUAL CONDITIONS - NO UNUSUAL CONDITIONS,, ,A,DAYLIGHT,,,,,,,A,NO PEDESTRIANS INVOLVED,,A,22350,,1.0,MONTAGUE EXWAY,CENTR,,,A,W,45.0,S MAIN ST,F,,D,8/8/2024 11:13:13 AM,2/10/2025 10:38:58 AM,,,2,,,,,,,
3801674,16-041-0215,2,False,4313,2/10/2016 8:20:00 AM,820,F5,1368,4313,San Jose,43,True,True,G,VEHICLE/PEDESTRAIN,,Wednesday,,,,,False,False,False,,B,PEDESTRIAN,,0,0,CLEAR,, NO UNUSUAL CONDITIONS - NO UNUSUAL CONDITIONS,, ,A,DAYLIGHT,,,,,,,F,NOT IN ROAD,,A,21954A,,1.0,CHIECHI AV,WESTE,,,A,W,51.0,LIGHT POLE # 13K351,F,,D,8/8/2024 11:13:13 AM,2/10/2025 10:38:58 AM,,,2,,,,,,,
3801671,16-043-0190,2,False,4313,2/12/2016 7:49:00 AM,749,C1,1368,4313,San Jose,43,True,True,G,VEHICLE/PEDESTRAIN,,Friday,,,,,False,False,False,,G,BICYCLE,,1,0,CLEAR,, NO UNUSUAL CONDITIONS - NO UNUSUAL CONDITIONS,, ,A,DAYLIGHT,,,,,,,D,CROSSING - NOT IN CROSSWALK,,A,21804A,,1.0,HOPKINS DR,FOOTH,,,A,,,STORY RD,,,A,8/8/2024 11:13:12 AM,2/10/2025 10:38:57 AM,,,2,,,,,,,
3801667,16-043-0659,2,False,4313,2/12/2016 5:08:00 PM,1708,N3,1368,4313,San Jose,43,True,True,C,REAR END,,Friday,,,,,False,False,False,,E,PARKED MOTOR VEHICLE,,1,0,CLEAR,, NO UNUSUAL CONDITIONS - NO UNUSUAL CONDITIONS,, ,A,DAYLIGHT,,,,,,,A,NO PEDESTRIANS INVOLVED,,A,22107,,1.0,MOORPARK AV,WESTE,,,A,W,98.0,REBECCA WY,F,,D,8/8/2024 11:13:12 AM,2/10/2025 10:38:57 AM,,,2,,,,,,,
3801657,16-039-0766,2,False,4313,2/8/2016 5:32:00 PM,1732,X3,1368,4313,San Jose,43,True,True,D,BROADSIDE,,Monday,,,,,False,False,False,,G,BICYCLE,,1,0,CLEAR,, NO UNUSUAL CONDITIONS - NO UNUSUAL CONDITIONS,, ,A,DAYLIGHT,,,,,,,B,CROSSING IN CROSS WALK AT INTERSECTION,,D,,,,BRANHAM LN E,SOUTH,,,A,,,LYRIC LN,,,D,8/8/2024 11:13:11 AM,2/10/2025 10:38:56 AM,,,2,,,,,,,
3801643,16-064-0050,2,False,4313,3/4/2016 12:58:00 AM,58,K6,1368,4313,San Jose,43,True,True,B,SIDE SWIPE,,Friday,,,,,False,False,True,,E,PARKED MOTOR VEHICLE,,1,0,CLEAR,, NO UNUSUAL CONDITIONS - NO UNUSUAL CONDITIONS,, ,C,DARK-STREET LIGHTS,,,,,,,A,NO PEDESTRIANS INVOLVED,,A,22350,,1.0,S 11TH ST,CENTR,,,A,,,MARGARET ST,,,D,8/8/2024 11:13:10 AM,2/10/2025 10:38:54 AM,,,2,,,,,,,
3801639,16-063-0847,2,False,4313,3/3/2016 9:19:00 PM,2119,W1,1368,4313,San Jose,43,True,True,H,OTHER,,Thursday,,,F,,False,True,False,,B,PEDESTRIAN,,1,0,CLOUDY,, NO UNUSUAL CONDITIONS - NO UNUSUAL CONDITIONS,, ,C,DARK-STREET LIGHTS,,,,,,,,,,D,,,,CAPITOL AV,WILLI,,,A,,,RT 680,,,,8/8/2024 11:13:10 AM,2/10/2025 10:38:54 AM,,,2,,,,,,,
3801577,16-041-0616,2,False,4313,2/10/2016 3:34:00 PM,1534,F4,1368,4313,San Jose,43,True,True,C,REAR END,,Wednesday,,,,,False,False,True,,C,OTHER MOTOR VEHICLE,,3,0,CLEAR,, NO UNUSUAL CONDITIONS - NO UNUSUAL CONDITIONS,, ,A,DAYLIGHT,,,,,,,A,NO PEDESTRIANS INVOLVED,,A,22350,,1.0,NAGLEE,WESTE,,,A,W,33.0,THE ALAMEDA,F,,A,8/8/2024 11:13:05 AM,2/10/2025 10:38:48 AM,,,2,,,,,,,
3801543,16-053-0489,2,False,4313,2/22/2016 2:49:00 PM,1449,,1368,4313,San Jose,43,True,True,C,REAR END,,Monday,,,,,False,False,False,,C,OTHER MOTOR VEHICLE,,1,0,CLEAR,, NO UNUSUAL CONDITIONS - NO UNUSUAL CONDITIONS,, ,A,DAYLIGHT,,,,,,,A,NO PEDESTRIANS INVOLVED,,A,22350,,1.0,MONTEREY RD,,,,A,,,EDENVIEW DR,,,A,8/8/2024 11:13:02 AM,2/10/2025 10:38:44 AM,,,2,,,,,,,
3801478,16-065-0905,2,False,4313,3/5/2016 10:35:00 PM,2235,E3,1368,4313,San Jose,43,True,True,B,SIDE SWIPE,,Saturday,,,,,False,False,True,,C,OTHER MOTOR VEHICLE,,1,0,RAINING,, NO UNUSUAL CONDITIONS - NO UNUSUAL CONDITIONS,, ,C,DARK-STREET LIGHTS,,,,,,,A,NO PEDESTRIANS INVOLVED,,A,21453A,,1.0,S 2ND ST,EDWAR,,,B,,,SAN FERNANDO ST,,,A,8/8/2024 11:12:57 AM,2/10/2025 10:38:33 AM,,,2,,,,,,,
3801472,16-063-0609,2,False,4313,3/3/2016 4:20:00 PM,1620,V4,1368,4313,San Jose,43,True,True,D,BROADSIDE,,Thursday,,,,,False,False,True,,C,OTHER MOTOR VEHICLE,,1,0,CLEAR,, NO UNUSUAL CONDITIONS - NO UNUSUAL CONDITIONS,, ,A,DAYLIGHT,,,,,,,A,NO PEDESTRIANS INVOLVED,,A,21806A,,1.0,N 11TH ST,CENTR,,,A,,,E JULIAN ST,,,A,8/8/2024 11:12:56 AM,2/10/2025 10:38:32 AM,,,2,,,,,,,
3817712,16-065-0274,2,False,4313,3/5/2016 9:46:00 AM,946,S5,1368,4313,San Jose,43,True,True,D,BROADSIDE,,Saturday,,,,,False,False,False,,C,OTHER MOTOR VEHICLE,,4,0,RAINING,, NO UNUSUAL CONDITIONS - NO UNUSUAL CONDITIONS,, ,A,DAYLIGHT,,,,,,,A,NO PEDESTRIANS INVOLVED,,A,21453A,,1.0,W ALMA AV,WEST,,,B,,,VINE ST,,,A,8/8/2024 11:35:45 AM,2/10/2025 11:28:14 AM,,,2,,,,,,,
3817711,16-065-0283,2,False,4313,3/5/2016 9:55:00 AM,955,T2,1368,4313,San Jose,43,True,True,D,BROADSIDE,,Saturday,,,,,False,False,True,,C,OTHER MOTOR VEHICLE,,1,0,RAINING,, NO UNUSUAL CONDITIONS - NO UNUSUAL CONDITIONS,, ,A,DAYLIGHT,,,,,,,A,NO PEDESTRIANS INVOLVED,,A,21453A,,1.0,MERIDIAN AV,SOUTH,,,B,,,FOXWORTHY AV,,,A,8/8/2024 11:35:45 AM,2/10/2025 11:28:14 AM,,,2,,,,,,,
3817710,16-065-0923,2,False,4313,3/5/2016 11:02:00 PM,2302,C1,1368,4313,San Jose,43,True,True,G,VEHICLE/PEDESTRAIN,,Saturday,,,,,False,False,False,,B,PEDESTRIAN,,1,0,CLEAR,RAINING, OTHER* - OTHER*,, ,C,DARK-STREET LIGHTS,,,,,,,B,CROSSING IN CROSS WALK AT INTERSECTION,,A,21950B,,1.0,CAPITOL EXPWY,FOOTH,,,B,,,STORY RD,,,A,8/8/2024 11:35:45 AM,2/10/2025 11:28:14 AM,,,2,,,,,,,
3817709,16-090-1074,2,False,4313,3/30/2016 10:33:00 PM,2233,P5,1368,4313,San Jose,43,True,True,E,HIT OBJECT,,Wednesday,,,,,False,False,True,,I,FIXED OBJECT,,1,0,CLEAR,, NO UNUSUAL CONDITIONS - NO UNUSUAL CONDITIONS,, ,C,DARK-STREET LIGHTS,37.18587,-121.46365,,,,,A,NO PEDESTRIANS INVOLVED,,A,22107,,1.0,ABORN RD,FOOTH,,,A,,,HERITAGE OAKS DR,,,D,8/8/2024 11:35:45 AM,2/10/2025 11:28:14 AM,,,2,,,,,,,
3817708,16-061-0226,2,False,4313,3/1/2016 9:14:00 AM,914,R2,1368,4313,San Jose,43,True,True,B,SIDE SWIPE,,Tuesday,,,,,False,False,False,,G,BICYCLE,,1,0,CLEAR,, NO UNUSUAL CONDITIONS - NO UNUSUAL CONDITIONS,, ,A,DAYLIGHT,,,,,,,A,NO PEDESTRIANS INVOLVED,,A,21658A,,1.0,BROKAW,CENTR,,,A,,,BROKAW RD  1035,,,A,8/8/2024 11:35:45 AM,2/10/2025 11:28:14 AM,,,2,,,,,,,
3817707,16-090-0121,2,False,4313,3/30/2016 5:25:00 AM,525,R3,1368,4313,San Jose,43,True,True,D,BROADSIDE,,Wednesday,,,,,False,False,True,,C,OTHER MOTOR VEHICLE,,3,0,CLEAR,, NO UNUSUAL CONDITIONS - NO UNUSUAL CONDITIONS,, ,C,DARK-STREET LIGHTS,,,,,,,A,NO PEDESTRIANS INVOLVED,,A,22107,,1.0,OLD BAYSHORE WY,ROBER,,,A,,,TERMINAL AV,,,D,8/8/2024 11:35:45 AM,2/10/2025 11:28:14 AM,,,2,,,,,,,
3817706,16-061-0536,2,False,4313,3/1/2016 2:14:00 PM,1414,Y3,1368,4313,San Jose,43,True,True,D,BROADSIDE,,Tuesday,,,,,False,True,True,,C,OTHER MOTOR VEHICLE,,2,0,CLEAR,, NO UNUSUAL CONDITIONS - NO UNUSUAL CONDITIONS,, ,A,DAYLIGHT,,,,,,,A,NO PEDESTRIANS INVOLVED,,A,21453A,,1.0,COTTLE RD,COUNT,,,A,,,RT 85,,,A,8/8/2024 11:35:45 AM,2/10/2025 11:28:14 AM,,,2,,,,,,,
3817705,16-061-0587,2,False,4313,3/1/2016 3:20:00 PM,1520,A3,1368,4313,San Jose,43,True,True,A,HEAD-ON,,Tuesday,,,,,False,False,True,,C,OTHER MOTOR VEHICLE,,2,0,CLEAR,, ,, ,A,DAYLIGHT,,,,,,,A,NO PEDESTRIANS INVOLVED,,A,21801A,,1.0,PEARL AV,SOUTH,,,A,S,56.0,LIGHT POLE #17N194,F,,D,8/8/2024 11:35:45 AM,2/10/2025 11:28:14 AM,,,2,,,,,,,
3817704,16-062-0120,2,False,4313,3/2/2016 6:03:00 AM,603,Y3,1368,4313,San Jose,43,True,True,,,,Wednesday,,,,,False,False,True,,,,,1,0,,, ,, ,,,,,,,,,,,,A,23152A,,1.0,BLOSSOM HILL RD,SOUTH,,,,E,150.0,KEYMAR DR,F,,,8/8/2024 11:35:45 AM,2/10/2025 11:28:14 AM,,,2,,,,,,,
3817703,16-062-0466,2,False,4313,3/2/2016 1:46:00 PM,1346,N4,1368,4313,San Jose,43,True,True,C,REAR END,,Wednesday,,,,,False,False,True,,C,OTHER MOTOR VEHICLE,,1,0,CLEAR,, NO UNUSUAL CONDITIONS - NO UNUSUAL CONDITIONS,, ,A,DAYLIGHT,,,,,,,A,NO PEDESTRIANS INVOLVED,,A,22350,,1.0,SARATOGA AV,WESTE,,,A,S,32.0,MITZI DR,F,,D,8/8/2024 11:35:45 AM,2/10/2025 11:28:14 AM,,,2,,,,,,,
3817702,16-062-0147,2,False,4313,3/2/2016 7:23:00 AM,723,E4,1368,4313,San Jose,43,True,True,,,,Wednesday,,,,,False,False,False,,G,BICYCLE,,1,0,CLEAR,, NO UNUSUAL CONDITIONS - NO UNUSUAL CONDITIONS,, ,A,DAYLIGHT,,,,,,,A,NO PEDESTRIANS INVOLVED,,A,21801A,,1.0,E SAN SALAVADOR ST,CENTR,,,A,,,S 4TH ST,,,A,8/8/2024 11:35:45 AM,2/10/2025 11:28:14 AM,,,2,,,,,,,
3817701,16-091-0879,2,False,4313,3/31/2016 8:52:00 PM,2052,K4,1368,4313,San Jose,43,True,True,D,BROADSIDE,,Thursday,,,,,False,False,True,,C,OTHER MOTOR VEHICLE,,2,0,CLEAR,, NO UNUSUAL CONDITIONS - NO UNUSUAL CONDITIONS,, ,C,DARK-STREET LIGHTS,,,,,,,A,NO PEDESTRIANS INVOLVED,,D,,,,N 24TH ST,,,,A,N,45.0,ST JOHN ST,F,,A,8/8/2024 11:35:45 AM,2/10/2025 11:28:14 AM,,,2,,,,,,,
3817700,160620574,2,False,4313,3/2/2016 3:59:00 PM,1559,S6,1368,4313,San Jose,43,True,True,D,BROADSIDE,,Wednesday,,,,,False,False,False,,B,PEDESTRIAN,,1,0,CLOUDY,, NO UNUSUAL CONDITIONS - NO UNUSUAL CONDITIONS,, ,A,DAYLIGHT,,,,,,,D,CROSSING - NOT IN CROSSWALK,,A,21954A,,1.0,ALMADEN AV,WESTE,,,A,,,HUMBOLDT ST,,,A,8/8/2024 11:35:44 AM,2/10/2025 11:28:14 AM,,,2,,,,,,,
3817699,16-062-0729,2,False,4313,3/2/2016 6:30:00 PM,1830,P2,1368,4313,San Jose,43,True,True,C,REAR END,,Wednesday,,,,,False,False,False,,C,OTHER MOTOR VEHICLE,,1,0,CLEAR,, NO UNUSUAL CONDITIONS - NO UNUSUAL CONDITIONS,, ,C,DARK-STREET LIGHTS,,,,,,,A,NO PEDESTRIANS INVOLVED,,A,22350,,1.0,WHITE RD,FOOTH,,,A,,,QUIMBY RD,,,A,8/8/2024 11:35:44 AM,2/10/2025 11:28:14 AM,,,2,,,,,,,
3817698,16-063-0154,2,False,4313,3/3/2016 7:36:00 AM,736,R1,1368,4313,San Jose,43,True,True,D,BROADSIDE,,Thursday,,,,,False,False,True,,C,OTHER MOTOR VEHICLE,,2,0,CLEAR,, NO UNUSUAL CONDITIONS - NO UNUSUAL CONDITIONS,, ,A,DAYLIGHT,,,,,,,A,NO PEDESTRIANS INVOLVED,,A,21801A,,1.0,RENAISSANCE DR,,,,A,,,VISTA MONTANA,,,D,8/8/2024 11:35:44 AM,2/10/2025 11:28:14 AM,,,2,,,,,,,
3817697,16-063-0186,2,False,4313,3/3/2016 8:16:00 AM,816,N1,1368,4313,San Jose,43,True,True,D,BROADSIDE,,Thursday,,,,,False,False,False,,G,BICYCLE,,1,0,CLEAR,, NO UNUSUAL CONDITIONS - NO UNUSUAL CONDITIONS,, ,A,DAYLIGHT,,,,,,,A,NO PEDESTRIANS INVOLVED,,A,22107,,1.0,S DE ANZA BL,WEST,,,A,,,CLARENDON ST,,,A,8/8/2024 11:35:44 AM,2/10/2025 11:28:14 AM,,,2,,,,,,,
3817696,16-063-0452,2,False,4313,3/3/2016 1:10:00 PM,1310,P5,1368,4313,San Jose,43,True,True,C,REAR END,,Thursday,,,,,False,False,False,,C,OTHER MOTOR VEHICLE,,1,0,CLEAR,, NO UNUSUAL CONDITIONS - NO UNUSUAL CONDITIONS,, ,A,DAYLIGHT,,,,,,,A,NO PEDESTRIANS INVOLVED,,A,21703,,1.0,ABORN RD,FOOTH,,,A,,,WHITE RD,,,A,8/8/2024 11:35:44 AM,2/10/2025 11:28:13 AM,,,2,,,,,,,
3817695,16-063-0761,2,False,4313,3/3/2016 7:04:00 PM,1904,N2,1368,4313,San Jose,43,True,True,G,VEHICLE/PEDESTRAIN,,Thursday,,,,,False,False,False,,B,PEDESTRIAN,,2,0,CLOUDY,, NO UNUSUAL CONDITIONS - NO UNUSUAL CONDITIONS,, ,C,DARK-STREET LIGHTS,,,,,,,D,CROSSING - NOT IN CROSSWALK,,A,22350,,1.0,ALBANY DR,,,,A,,,LOPINA WY,,,D,8/8/2024 11:35:44 AM,2/10/2025 11:28:13 AM,,,2,,,,,,,
3817694,16-064-0213,2,False,4313,3/4/2016 8:00:00 AM,800,M5,1368,4313,San Jose,43,True,True,A,HEAD-ON,,Friday,,,,,False,False,True,,B,PEDESTRIAN,,2,0,CLOUDY,, NO UNUSUAL CONDITIONS - NO UNUSUAL CONDITIONS,, ,A,DAYLIGHT,,,,,,,A,NO PEDESTRIANS INVOLVED,,A,21802A,,1.0,WESTBORO DR,FOOT,,,A,N,7.0,MALABAR DR,F,,A,8/8/2024 11:35:44 AM,2/10/2025 11:28:13 AM,,,2,,,,,,,
3817693,160640251,2,False,4313,3/4/2016 8:29:00 AM,829,52,1368,4313,San Jose,43,True,True,C,REAR END,,Friday,,,,,False,False,True,,C,OTHER MOTOR VEHICLE,,1,0,CLOUDY,, NO UNUSUAL CONDITIONS - NO UNUSUAL CONDITIONS,, ,A,DAYLIGHT,,,,,,,A,NO PEDESTRIANS INVOLVED,,A,22350,,1.0,E HAMILTON AV,SAM,,,A,W,40.0,LIGHT POLE 15J11,F,,D,8/8/2024 11:35:44 AM,2/10/2025 11:28:13 AM,,,2,,,,,,,
3817692,16-064-0319,2,False,4313,3/4/2016 9:47:00 AM,947,W1,1368,4313,San Jose,43,True,True,G,VEHICLE/PEDESTRAIN,,Friday,,,,,False,False,False,,B,PEDESTRIAN,,1,0,CLOUDY,, NO UNUSUAL CONDITIONS - NO UNUSUAL CONDITIONS,, ,A,DAYLIGHT,,,,,,,,,,A,22106,,1.0,MORRILL AV,FOOTH,,,B,,,MORRILL AV  2115,,,D,8/8/2024 11:35:44 AM,2/10/2025 11:28:13 AM,,,2,,,,,,,
3817691,16-064-0388,2,False,4313,3/4/2016 10:50:00 AM,1050,A2,1368,4313,San Jose,43,True,True,A,HEAD-ON,,Friday,,,,,False,False,True,,I,FIXED OBJECT,,2,0,CLOUDY,, NO UNUSUAL CONDITIONS - NO UNUSUAL CONDITIONS,, ,A,DAYLIGHT,,,,,,,A,NO PEDESTRIANS INVOLVED,,A,22107,,1.0,MONTEVAL LN,,,,A,S,48.0,SMC,F,,D,8/8/2024 11:35:44 AM,2/10/2025 11:28:13 AM,,,2,,,,,,,
3817690,160640643,2,False,4313,3/4/2016 4:12:00 PM,1612,M3,1368,4313,San Jose,43,True,True,C,REAR END,,Friday,,,,,False,False,False,,C,OTHER MOTOR VEHICLE,,1,0,CLOUDY,RAINING, NO UNUSUAL CONDITIONS - NO UNUSUAL CONDITIONS,, ,A,DAYLIGHT,,,,,,,A,NO PEDESTRIANS INVOLVED,,A,21703,,1.0,MCKEE RD,FOOTH,,,B,,,KING RD,,,A,8/8/2024 11:35:44 AM,2/10/2025 11:28:13 AM,,,2,,,,,,,