Collision Id,	Report Number,	Report Version,	Is Preliminary,	NCIC Code,Crash Date Time,	Crash Time Description,	Beat,City Id,	City Code,	City Name,County Code,	City Is Active,	City Is Incorporated,	Collision Type Code,Collision Type Description,	Collision Type Other Desc,	Day Of Week,	DispatchNotified,	HasPhotographs,	HitRun,	IsAttachmentsMailed,	IsDeleted,	IsHighwayRelated,	IsTowAway,	JudicialDistrict,	MotorVehicleInvolvedWithCode,	MotorVehicleInvolvedWithDesc,MotorVehicleInvolvedWithOtherDesc,	NumberInjured,	NumberKilled,Weather 1, Weather 2, Road Condition 1, Road Condition 2, Special Condition,LightingCode, LightingDescription,Latitude,Longitude,MilepostDirection,MilepostDistance,MilepostMarker,MilepostUnitOfMeasure,	PedestrianActionCode,PedestrianActionDesc,PreparedDate,	Primary Collision Factor Code,Primary Collision Factor Violation,PrimaryCollisionFactorIsCited,	PrimaryCollisionPartyNumber,	PrimaryRoad,	ReportingDistrict,	ReportingDistrictCode,ReviewedDate,	RoadwaySurfaceCode,SecondaryDirection,	SecondaryDistance,	SecondaryRoad,	SecondaryUnitOfMeasure,	SketchDesc,	TrafficControlDeviceCode,CreatedDate,	ModifiedDate,IsCountyRoad,IsFreeway,CHP555Version,	IsAdditonalObjectStruck,NotificationDate,	NotificationTimeDescription,	HasDigitalMediaFiles,	EvidenceNumber,	IsLocationReferToNarrative,	IsAOIOneSameAsLocation
3822266,16-060-0451,2,False,4313,2/29/2016 1:49:00 PM,1349,R2,1368,4313,San Jose,43,True,True,,,,Monday,,,,,False,False,False,,B,PEDESTRIAN,,1,0,CLEAR,, NO UNUSUAL CONDITIONS - NO UNUSUAL CONDITIONS,, ,A,DAYLIGHT,,,,,,,B,CROSSING IN CROSS WALK AT INTERSECTION,,A,,,1.0,MURPHY AV,CENTR,,,A,,,RINGWOOD AV,,,A,8/8/2024 11:42:38 AM,2/10/2025 11:33:38 AM,,,2,,,,,,,
3822265,16-060-0308,2,False,4313,2/29/2016 11:07:00 AM,1107,X5,1368,4313,San Jose,43,True,True,G,VEHICLE/PEDESTRAIN,,Monday,,,,,False,False,False,,B,PEDESTRIAN,,1,0,CLEAR,, NO UNUSUAL CONDITIONS - NO UNUSUAL CONDITIONS,, ,A,DAYLIGHT,,,,,,,B,CROSSING IN CROSS WALK AT INTERSECTION,,A,21950A,,1.0,MONTEREY RD,SOUTH,,,A,,,BLOSSOM HILL,,,A,8/8/2024 11:42:38 AM,2/10/2025 11:33:38 AM,,,2,,,,,,,
3822264,16-060-0989,2,False,4313,2/29/2016 8:30:00 AM,830,R4,1368,4313,San Jose,43,True,True,D,BROADSIDE,,Monday,,,,,False,False,True,,C,OTHER MOTOR VEHICLE,,1,0,CLEAR,, NO UNUSUAL CONDITIONS - NO UNUSUAL CONDITIONS,, ,A,DAYLIGHT,,,,,,,A,NO PEDESTRIANS INVOLVED,,A,21802A,,1.0,OAKLAND RD,DR,,,A,,,MABURY,,,A,8/8/2024 11:42:38 AM,2/10/2025 11:33:37 AM,,,2,,,,,,,
3822262,16-060-0173,2,False,4313,2/29/2016 8:00:00 AM,800,,1368,4313,San Jose,43,True,True,D,BROADSIDE,,Monday,,,,,False,False,False,,B,PEDESTRIAN,,1,0,CLEAR,, NO UNUSUAL CONDITIONS - NO UNUSUAL CONDITIONS,, ,A,DAYLIGHT,,,,,,,E,IN ROAD - INCLUDES SHOULDER,,D,,,,GUNSTON WY,DT/TI,,,A,,,GUNSTON WY 1845,,,D,8/8/2024 11:42:38 AM,2/10/2025 11:33:37 AM,,,2,,,,,,,
3822259,16-059-0378,2,False,4313,2/28/2016 11:59:00 AM,1159,M4,1368,4313,San Jose,43,True,True,D,BROADSIDE,,Sunday,,,,,False,False,True,,C,OTHER MOTOR VEHICLE,,1,0,CLEAR,CLOUDY, CONSTRUCTION-REPAIR ZONE - CONSTRUCTION-REPAIR ZONE,, ,A,DAYLIGHT,,,,,,,A,NO PEDESTRIANS INVOLVED,,A,22107,,1.0,ALUM ROCK AV,FOOTH,,,A,,,KENTUCKY PL,,,D,8/8/2024 11:42:38 AM,2/10/2025 11:33:37 AM,,,2,,,,,,,
3822134,16-064-0838,2,False,4313,3/4/2016 8:13:00 PM,2013,R1,1368,4313,San Jose,43,True,True,B,SIDE SWIPE,,Friday,,,,,False,False,True,,I,FIXED OBJECT,,1,0,CLOUDY,, NO UNUSUAL CONDITIONS - NO UNUSUAL CONDITIONS,, ,C,DARK-STREET LIGHTS,,,,,,,A,NO PEDESTRIANS INVOLVED,,A,22350,,1.0,MCCARTHY BL,CENTA,,,B,,,DIXON LANDING,,,D,8/8/2024 11:42:25 AM,2/10/2025 11:33:28 AM,,,2,,,,,,,
3822131,16-065-0354,2,False,4313,3/5/2016 11:35:00 AM,1135,A2,1368,4313,San Jose,43,True,True,D,BROADSIDE,,Saturday,,,,,False,False,True,,C,OTHER MOTOR VEHICLE,,2,0,CLOUDY,RAINING, NO UNUSUAL CONDITIONS - NO UNUSUAL CONDITIONS,, ,A,DAYLIGHT,,,,,,,A,NO PEDESTRIANS INVOLVED,,A,21804A,,1.0,CAMDEN AV,,,,B,N,28.0,MALPAS DR,F,,D,8/8/2024 11:42:25 AM,2/10/2025 11:33:28 AM,,,2,,,,,,,
3822130,16-089-0549,2,False,4313,3/29/2016 2:40:00 PM,1440,L3,1368,4313,San Jose,43,True,True,B,SIDE SWIPE,,Tuesday,,,,,False,False,True,,,,,1,0,CLEAR,, NO UNUSUAL CONDITIONS - NO UNUSUAL CONDITIONS,, ,A,DAYLIGHT,,,,,,,E,IN ROAD - INCLUDES SHOULDER,,A,22350,,1.0,NEEDLES AV,,,,A,E,50.0,SENTER RD,F,,A,8/8/2024 11:42:25 AM,2/10/2025 11:33:28 AM,,,2,,,,,,,
3822129,16-089-0029,2,False,4313,3/29/2016 12:49:00 AM,49,S1,1368,4313,San Jose,43,True,True,D,BROADSIDE,,Tuesday,,,F,,False,False,False,,C,OTHER MOTOR VEHICLE,,1,0,CLEAR,, NO UNUSUAL CONDITIONS - NO UNUSUAL CONDITIONS,, ,C,DARK-STREET LIGHTS,,,,,,,A,NO PEDESTRIANS INVOLVED,,A,21804A,,1.0,SHERMAN OAKS DR,WESTE,,,A,,,ROSEBUD CT,,,D,8/8/2024 11:42:25 AM,2/10/2025 11:33:28 AM,,,2,,,,,,,
3822128,16-086-0349,2,False,4313,3/26/2016 11:01:00 AM,1101,T2,1368,4313,San Jose,43,True,True,B,SIDE SWIPE,,Saturday,,,F,,False,False,False,,G,BICYCLE,,1,0,CLEAR,, NO UNUSUAL CONDITIONS - NO UNUSUAL CONDITIONS,, ,A,DAYLIGHT,,,,,,,E,IN ROAD - INCLUDES SHOULDER,,A,21750,,1.0,CURTNER AV,SOUTH,,,A,W,51.0,LEIGH AV,F,,A,8/8/2024 11:42:25 AM,2/10/2025 11:33:28 AM,,,2,,,,,,,
3822127,16-085-0929,2,False,4313,3/25/2016 9:04:00 PM,2104,L4,1368,4313,San Jose,43,True,True,,,,Friday,,,,,False,False,False,,,,,1,0,,, ,, ,,,,,,,,,,,,A,22107,,1.0,MONTEREY RD,WESTE,,,,,,CURTNER AV,,,,8/8/2024 11:42:25 AM,2/10/2025 11:33:28 AM,,,2,,,,,,,
3822126,16-085-1073,2,False,4313,3/25/2016 11:22:00 PM,2322,A1,1368,4313,San Jose,43,True,True,B,SIDE SWIPE,,Friday,,,,,False,False,True,,E,PARKED MOTOR VEHICLE,,1,0,CLEAR,, NO UNUSUAL CONDITIONS - NO UNUSUAL CONDITIONS,, ,C,DARK-STREET LIGHTS,,,,,,,A,NO PEDESTRIANS INVOLVED,,A,23152A,,1.0,KAY DR,SOUTH,,,A,E,57.0,LAURA DR,F,,D,8/8/2024 11:42:25 AM,2/10/2025 11:33:28 AM,,,1,,,,,,,
3822125,160840861,2,False,4313,3/24/2016 8:30:00 PM,2030,26,1368,4313,San Jose,43,True,True,G,VEHICLE/PEDESTRAIN,,Thursday,,,F,,False,False,False,,B,PEDESTRIAN,,1,0,CLEAR,, NO UNUSUAL CONDITIONS - NO UNUSUAL CONDITIONS,, ,C,DARK-STREET LIGHTS,,,,,,,F,NOT IN ROAD,,A,22350,,1.0,MCLAUGHLIN AV,FOOTH,,,A,N,57.0,LIGHT POLE #14Q180,F,,D,8/8/2024 11:42:25 AM,2/10/2025 11:33:27 AM,,,2,,,,,,,
3822124,16-085-0512,2,False,4313,3/25/2016 2:31:00 PM,1431,X2,1368,4313,San Jose,43,True,True,C,REAR END,,Friday,,,F,,False,False,False,,C,OTHER MOTOR VEHICLE,,1,0,CLEAR,, NO UNUSUAL CONDITIONS - NO UNUSUAL CONDITIONS,, ,A,DAYLIGHT,,,,,,,A,NO PEDESTRIANS INVOLVED,,A,22350,,1.0,CAPITOL EXPWY,XRAY,,,A,,,SEVEN TREES BL,,,A,8/8/2024 11:42:25 AM,2/10/2025 11:33:28 AM,,,2,,,,,,,
3822123,16 070 0643,2,False,4313,3/10/2016 5:49:00 PM,1749,M4,1368,4313,San Jose,43,True,True,C,REAR END,,Thursday,,,,,False,False,False,,C,OTHER MOTOR VEHICLE,,2,0,CLOUDY,, NO UNUSUAL CONDITIONS - NO UNUSUAL CONDITIONS,, ,B,DUSK-DAWN,,,,,,,A,NO PEDESTRIANS INVOLVED,,A,22350,,,E SAN ANTONIO ST,FOOTH,,,A,,,SUNSET DR,,,A,8/8/2024 11:42:24 AM,2/10/2025 11:33:27 AM,,,2,,,,,,,
3822122,16-084-0869,2,False,4313,3/24/2016 8:42:00 PM,2042,K6,1368,4313,San Jose,43,True,True,B,SIDE SWIPE,,Thursday,,,,,False,False,True,,C,OTHER MOTOR VEHICLE,,1,0,CLEAR,, NO UNUSUAL CONDITIONS - NO UNUSUAL CONDITIONS,, ,C,DARK-STREET LIGHTS,,,,,,,A,NO PEDESTRIANS INVOLVED,,A,,,1.0,S 7TH ST,CENTR,,,A,,,E REED ST,,,A,8/8/2024 11:42:24 AM,2/10/2025 11:33:27 AM,,,2,,,,,,,
3822121,16-084-0914,2,False,4313,3/24/2016 9:39:00 PM,2139,W3,1368,4313,San Jose,43,True,True,G,VEHICLE/PEDESTRAIN,,Thursday,,,,,False,False,False,,B,PEDESTRIAN,,2,0,CLEAR,, NO UNUSUAL CONDITIONS - NO UNUSUAL CONDITIONS,, ,C,DARK-STREET LIGHTS,,,,,,,B,CROSSING IN CROSS WALK AT INTERSECTION,,A,21950A,,1.0,MCKEE RD,SJMUN,,,A,,,KIRK AV,,,A,8/8/2024 11:42:24 AM,2/10/2025 11:33:27 AM,,,2,,,,,,,
3822120,16-081-0166,2,False,4313,3/21/2016 6:59:00 AM,659,C6,1368,4313,San Jose,43,True,True,C,REAR END,,Monday,,,,,False,False,True,,E,PARKED MOTOR VEHICLE,,1,0,CLOUDY,, NO UNUSUAL CONDITIONS - NO UNUSUAL CONDITIONS,, ,B,DUSK-DAWN,,,,,,,A,NO PEDESTRIANS INVOLVED,,A,23152B,,1.0,STORY RD,FOOTH,,,B,W,105.0,CLAYTON,F,,D,8/8/2024 11:42:24 AM,2/10/2025 11:33:27 AM,,,2,,,,,,,
3822119,16 075 0722,2,False,4313,3/15/2016 6:09:00 PM,1809,T5,1368,4313,San Jose,43,True,True,B,SIDE SWIPE,,Tuesday,,,,,False,False,True,,,,,1,0,CLEAR,, NO UNUSUAL CONDITIONS - NO UNUSUAL CONDITIONS,, ,A,DAYLIGHT,,,,,,,,,,A,22106,,1.0,ALMADEN EXPWY,SOUTH,,,A,,,FOXWORTHY AV,,,A,8/8/2024 11:42:24 AM,2/10/2025 11:33:27 AM,,,2,,,,,,,
3822118,16-080-0799,2,False,4313,3/20/2016 7:44:00 PM,1944,4,1368,4313,San Jose,43,True,True,C,REAR END,,Sunday,,,F,,False,False,False,,C,OTHER MOTOR VEHICLE,,1,0,CLEAR,, NO UNUSUAL CONDITIONS - NO UNUSUAL CONDITIONS,, ,C,DARK-STREET LIGHTS,,,,,,,A,NO PEDESTRIANS INVOLVED,,A,22350,,1.0,STORY RD,C,,,A,N,25.0,FIRE HYDRANT 03927,F,,A,8/8/2024 11:42:24 AM,2/10/2025 11:33:27 AM,,,2,,,,,,,
3822117,16-079-1102,2,False,4313,3/19/2016 11:20:00 PM,2320,A2,1368,4313,San Jose,43,True,True,D,BROADSIDE,,Saturday,,,,,False,True,True,,C,OTHER MOTOR VEHICLE,,1,0,CLEAR,, NO UNUSUAL CONDITIONS - NO UNUSUAL CONDITIONS,, ,C,DARK-STREET LIGHTS,,,,,,,A,NO PEDESTRIANS INVOLVED,,A,22350,,1.0,BRANHAM LN,DA,,,A,,,RT 85,,,A,8/8/2024 11:42:24 AM,2/10/2025 11:33:27 AM,,,2,,,,,,,
3822100,16-079-1123,2,False,4313,3/19/2016 11:46:00 PM,2346,,1368,4313,San Jose,43,True,True,D,BROADSIDE,,Saturday,,,F,,False,False,True,,C,OTHER MOTOR VEHICLE,,1,0,CLEAR,, NO UNUSUAL CONDITIONS - NO UNUSUAL CONDITIONS,, ,C,DARK-STREET LIGHTS,,,,,,,A,NO PEDESTRIANS INVOLVED,,A,21453A,,1.0,CAPITOL EXPWY,P3,,,A,,,SILVER CREEK RD,,,A,8/8/2024 11:42:21 AM,2/10/2025 11:33:26 AM,,,2,,,,,,,
3822099,16-076-0206,2,False,4313,3/16/2016 8:24:00 AM,824,Y4,1368,4313,San Jose,43,True,True,G,VEHICLE/PEDESTRAIN,,Wednesday,,,,,False,False,False,,B,PEDESTRIAN,,1,0,CLEAR,, NO UNUSUAL CONDITIONS - NO UNUSUAL CONDITIONS,, ,A,DAYLIGHT,,,,,,,B,CROSSING IN CROSS WALK AT INTERSECTION,,A,21950A,,1.0,SNELL RD,SOUTH,,,A,,,BLOSSOM HILL,,,A,8/8/2024 11:42:21 AM,2/10/2025 11:33:26 AM,,,2,,,,,,,
3822097,16-079-0069,2,False,4313,3/19/2016 1:10:00 AM,110,L1,1368,4313,San Jose,43,True,True,D,BROADSIDE,,Saturday,,,,,False,False,True,,C,OTHER MOTOR VEHICLE,,1,0,CLEAR,, NO UNUSUAL CONDITIONS - NO UNUSUAL CONDITIONS,, ,C,DARK-STREET LIGHTS,,,,,,,A,NO PEDESTRIANS INVOLVED,,A,23153,,1.0,KEYES ST,WESTE,,,A,,,SENTER RD,,,A,8/8/2024 11:42:21 AM,2/10/2025 11:33:26 AM,,,2,,,,,,,
3820557,16-100-0669,2,False,4313,4/9/2016 7:05:00 PM,1905,LA,1368,4313,San Jose,43,True,True,B,SIDE SWIPE,,Saturday,,,F,,False,False,False,,C,OTHER MOTOR VEHICLE,,1,0,RAINING,, NO UNUSUAL CONDITIONS - NO UNUSUAL CONDITIONS,, ,C,DARK-STREET LIGHTS,,,,,,,A,NO PEDESTRIANS INVOLVED,,A,22350,,1.0,MONTEREY RD,WESTE,,,B,,,UMBARGER RD,,,A,8/8/2024 11:39:59 AM,2/10/2025 11:31:31 AM,,,2,,,,,,,
3819725,16-075-0265,2,False,4313,3/15/2016 9:45:00 AM,945,R1,1368,4313,San Jose,43,True,True,D,BROADSIDE,,Tuesday,,,,,False,False,True,,D,MOTOR VEHICLE ON OTHER ROADWAY,,1,0,CLEAR,, NO UNUSUAL CONDITIONS - NO UNUSUAL CONDITIONS,, ,A,DAYLIGHT,,,,,,,A,NO PEDESTRIANS INVOLVED,,A,21804A,,1.0,OTOOLE AV,DR,,,A,,,PARAGON DR,,,D,8/8/2024 11:38:45 AM,2/10/2025 11:30:22 AM,,,2,,,,,,,
3819721,16-087-0135,2,False,4313,3/27/2016 1:51:00 AM,151,V1,1368,4313,San Jose,43,True,True,,,,Sunday,,,,,False,True,True,,,,,1,0,CLEAR,, NO UNUSUAL CONDITIONS - NO UNUSUAL CONDITIONS,, ,C,DARK-STREET LIGHTS,,,,,,,A,NO PEDESTRIANS INVOLVED,,A,22107,,1.0,TAYLOR ST,CENTR,,,A,,,RT 87,,,A,8/8/2024 11:38:45 AM,2/10/2025 11:30:22 AM,,,2,,,,,,,
3819714,16-071-0344,2,False,4313,3/11/2016 12:09:00 PM,1209,K6,1368,4313,San Jose,43,True,True,B,SIDE SWIPE,,Friday,,,,,False,False,True,,C,OTHER MOTOR VEHICLE,,1,0,CLEAR,CLOUDY, NO UNUSUAL CONDITIONS - NO UNUSUAL CONDITIONS,, ,A,DAYLIGHT,,,,,,,A,NO PEDESTRIANS INVOLVED,,A,21658A,,1.0,S 11TH ST,CENTR,,,B,S,24.0,MARGARET ST,F,,D,8/8/2024 11:38:44 AM,2/10/2025 11:30:21 AM,,,2,,,,,,,
3819701,16-072-0555,2,False,4313,3/12/2016 5:57:00 PM,1757,M4,1368,4313,San Jose,43,True,True,H,OTHER,,Saturday,,,,,False,False,False,,B,PEDESTRIAN,,1,0,CLOUDY,, NO UNUSUAL CONDITIONS - NO UNUSUAL CONDITIONS,, ,A,DAYLIGHT,,,,,,,A,NO PEDESTRIANS INVOLVED,,D,,,,LAUSETT,DM,,,B,,,LAUSETT 2184,,,D,8/8/2024 11:38:43 AM,2/10/2025 11:30:20 AM,,,2,,,,,,,
3819697,16-070-0198,2,False,4313,3/10/2016 7:55:00 AM,755,L4,1368,4313,San Jose,43,True,True,C,REAR END,,Thursday,,,,,False,False,True,,C,OTHER MOTOR VEHICLE,,2,0,CLEAR,, NO UNUSUAL CONDITIONS - NO UNUSUAL CONDITIONS,, ,A,DAYLIGHT,,,,,,,A,NO PEDESTRIANS INVOLVED,,A,22350,,1.0,MONTEREY RD,WESTE,,,A,,,UMBARGER RD,,,A,8/8/2024 11:38:43 AM,2/10/2025 11:30:20 AM,,,2,,,,,,,
3819684,16-074-0519,2,False,4313,3/14/2016 3:43:00 PM,1543,EZ,1368,4313,San Jose,43,True,True,,,,Monday,,,,,False,False,True,,,,,1,0,,, ,, ,,,,,,,,,,,,A,21450,,1.0,3RD ST,,,,,,,E ST JAMES ST,,,,8/8/2024 11:38:42 AM,2/10/2025 11:30:19 AM,,,2,,,,,,,
3819682,16-071-0247,2,False,4313,3/11/2016 9:52:00 AM,952,MI,1368,4313,San Jose,43,True,True,B,SIDE SWIPE,,Friday,,,,,False,False,True,,C,OTHER MOTOR VEHICLE,,3,0,RAINING,, NO UNUSUAL CONDITIONS - NO UNUSUAL CONDITIONS,, ,A,DAYLIGHT,,,,,,,A,NO PEDESTRIANS INVOLVED,,A,21453C,,1.0,MABURY RD,FOOTH,,,B,,,JACKSON AV,,,A,8/8/2024 11:38:41 AM,2/10/2025 11:30:19 AM,,,2,,,,,,,
3819677,16-070-0235,2,False,4313,3/10/2016 7:45:00 AM,745,F3,1368,4313,San Jose,43,True,True,D,BROADSIDE,,Thursday,,,,,False,False,False,,G,BICYCLE,,1,0,CLEAR,, NO UNUSUAL CONDITIONS - NO UNUSUAL CONDITIONS,, ,A,DAYLIGHT,,,,,,,A,NO PEDESTRIANS INVOLVED,,A,22350,,1.0,W TAYLOR ST,WESTE,,,A,,,COLEMAN AV,,,,8/8/2024 11:38:41 AM,2/10/2025 11:30:19 AM,,,2,,,,,,,
3836088,16-088-0536,2,False,4313,3/28/2016 2:24:00 PM,1424,W2,1368,4313,San Jose,43,True,True,C,REAR END,,Monday,,,,,False,False,False,,C,OTHER MOTOR VEHICLE,,1,0,CLEAR,, NO UNUSUAL CONDITIONS - NO UNUSUAL CONDITIONS,, ,A,DAYLIGHT,,,,,,,A,NO PEDESTRIANS INVOLVED,,A,22350,,1.0,WHITE RD,FOOTH,,,,,,MAYBURY RD,,,D,8/8/2024 12:06:45 PM,2/10/2025 11:48:27 AM,,,2,,,,,,,
3836079,10-111-0808,2,False,4313,4/20/2016 6:17:00 PM,1817,S1,1368,4313,San Jose,43,True,True,C,REAR END,,Wednesday,,,F,,False,False,True,,C,OTHER MOTOR VEHICLE,,1,0,CLEAR,, NO UNUSUAL CONDITIONS - NO UNUSUAL CONDITIONS,, ,A,DAYLIGHT,,,,,,,A,NO PEDESTRIANS INVOLVED,,D,,,,BASCOM,WESTE,,,A,,,FRUITDALE,,,A,8/8/2024 12:06:44 PM,2/10/2025 11:48:26 AM,,,2,,,,,,,
3836078,16-110-0417,2,False,4313,4/19/2016 11:24:00 AM,1124,A1,1368,4313,San Jose,43,True,True,C,REAR END,,Tuesday,,,,,False,False,False,,C,OTHER MOTOR VEHICLE,,1,0,CLEAR,, NO UNUSUAL CONDITIONS - NO UNUSUAL CONDITIONS,, ,A,DAYLIGHT,,,,,,,A,NO PEDESTRIANS INVOLVED,,A,21703,,1.0,CAMDEN AV,SOUTH,,,A,,,BLOSSOM HILL,,,D,8/8/2024 12:06:44 PM,2/10/2025 11:48:26 AM,,,2,,,,,,,
3836070,161139711,2,False,4313,4/22/2016 12:57:00 PM,1257,,1368,4313,San Jose,43,True,True,B,SIDE SWIPE,,Friday,,,,,False,False,False,,E,PARKED MOTOR VEHICLE,,0,0,CLOUDY,, NO UNUSUAL CONDITIONS - NO UNUSUAL CONDITIONS,, ,A,DAYLIGHT,,,,,,,A,NO PEDESTRIANS INVOLVED,,D,,,,CAPITOL EXPWY,,,,A,,,CAPITOL EXPWY 715,,,D,8/8/2024 12:06:43 PM,2/10/2025 11:48:25 AM,,,2,,,,,,,
3836069,161100363,2,False,4313,4/19/2016 10:34:00 AM,1034,M3,1368,4313,San Jose,43,True,True,B,SIDE SWIPE,,Tuesday,,,,,False,False,False,,C,OTHER MOTOR VEHICLE,,1,0,CLEAR,, NO UNUSUAL CONDITIONS - NO UNUSUAL CONDITIONS,, ,A,DAYLIGHT,,,,,,,A,NO PEDESTRIANS INVOLVED,,A,22106,,1.0,SAN ANTONIO,,,,A,,,SAN ANTONIO 1654,,,D,8/8/2024 12:06:43 PM,2/10/2025 11:48:25 AM,,,2,,,,,,,
3835548,16-110-0716,2,False,4313,4/19/2016 4:35:00 PM,1635,E2,1368,4313,San Jose,43,True,True,D,BROADSIDE,,Tuesday,,,,,False,False,True,,C,OTHER MOTOR VEHICLE,,1,0,CLEAR,, NO UNUSUAL CONDITIONS - NO UNUSUAL CONDITIONS,, ,A,DAYLIGHT,,,,,,,A,NO PEDESTRIANS INVOLVED,,A,21453A,,1.0,JULIAN ST,CENTR,,,A,,,1ST ST,,,A,8/8/2024 12:05:42 PM,2/10/2025 11:47:36 AM,,,2,,,,,,,
3835547,16-096-0173,2,False,4313,4/5/2016 7:51:00 AM,751,T,1368,4313,San Jose,43,True,True,C,REAR END,,Tuesday,,,,,False,False,True,,C,OTHER MOTOR VEHICLE,,1,0,CLEAR,, NO UNUSUAL CONDITIONS - NO UNUSUAL CONDITIONS,, ,A,DAYLIGHT,,,,,,,A,NO PEDESTRIANS INVOLVED,,A,22350,,1.0,ALMADEN EXPWY,,,,A,N,66.0,BRANHAM LN,F,,A,8/8/2024 12:05:42 PM,2/10/2025 11:47:36 AM,,,2,,,,,,,
3835544,16-083-0364,2,False,4313,4/2/2016 11:04:00 AM,1104,N3,1368,4313,San Jose,43,True,True,D,BROADSIDE,,Saturday,,,,,False,False,True,,C,OTHER MOTOR VEHICLE,,2,0,CLEAR,, NO UNUSUAL CONDITIONS - NO UNUSUAL CONDITIONS,, ,A,DAYLIGHT,,,,,,,A,NO PEDESTRIANS INVOLVED,,A,21801A,,1.0,WILLIAMS RD,WESTE,,,A,,,ZARICK DR,,,D,8/8/2024 12:05:42 PM,2/10/2025 11:47:35 AM,,,2,,,,,,,
3835543,16-121-0683,2,False,4313,4/30/2016 12:37:00 PM,1237,W2,1368,4313,San Jose,43,True,True,D,BROADSIDE,,Saturday,,,F,,False,False,False,,G,BICYCLE,,1,0,CLEAR,, NO UNUSUAL CONDITIONS - NO UNUSUAL CONDITIONS,, ,A,DAYLIGHT,,,,,,,A,NO PEDESTRIANS INVOLVED,,A,20001,,1.0,PIEDMONT RD,FOOTH,,,A,,,SIERRA RD,,,D,8/8/2024 12:05:42 PM,2/10/2025 11:47:36 AM,,,2,,,,,,,
3835542,16-095-0826,2,False,4313,4/4/2016 8:29:00 PM,2029,N3,1368,4313,San Jose,43,True,True,B,SIDE SWIPE,,Monday,,,,,False,False,True,,E,PARKED MOTOR VEHICLE,,1,0,CLEAR,, NO UNUSUAL CONDITIONS - NO UNUSUAL CONDITIONS,, ,C,DARK-STREET LIGHTS,,,,,,,A,NO PEDESTRIANS INVOLVED,,A,22350,,1.0,CRESTMOOR DR,WESTE,,,A,,,CRESTMOOR CT,,,D,8/8/2024 12:05:42 PM,2/10/2025 11:47:35 AM,,,2,,,,,,,
3835540,16-098-0189,2,False,4313,4/7/2016 7:45:00 AM,745,L3,1368,4313,San Jose,43,True,True,C,REAR END,,Thursday,,,,,False,False,False,,C,OTHER MOTOR VEHICLE,,2,0,CLEAR,, NO UNUSUAL CONDITIONS - NO UNUSUAL CONDITIONS,, ,A,DAYLIGHT,,,,,,,A,NO PEDESTRIANS INVOLVED,,A,22350,,1.0,TULLY RD,SJSUP,,,A,,,LUCRETIA AV,,,A,8/8/2024 12:05:42 PM,2/10/2025 11:47:35 AM,,,2,,,,,,,
3835538,16-095-0156,2,False,4313,4/4/2016 7:50:00 AM,750,T3,1368,4313,San Jose,43,True,True,D,BROADSIDE,,Monday,,,,,False,False,True,,D,MOTOR VEHICLE ON OTHER ROADWAY,,1,0,CLEAR,, NO UNUSUAL CONDITIONS - NO UNUSUAL CONDITIONS,, ,A,DAYLIGHT,,,,,,,A,NO PEDESTRIANS INVOLVED,,A,21453A,,1.0,LINCOLN AV,SOUTH,,,A,,,MALONE RD,,,A,8/8/2024 12:05:41 PM,2/10/2025 11:47:35 AM,,,2,,,,,,,
3835536,16-095-0196,2,False,4313,4/4/2016 8:41:00 AM,841,F5,1368,4313,San Jose,43,True,True,C,REAR END,,Monday,,,,,False,False,False,,C,OTHER MOTOR VEHICLE,,1,0,CLEAR,, NO UNUSUAL CONDITIONS - NO UNUSUAL CONDITIONS,, ,A,DAYLIGHT,,,,,,,A,NO PEDESTRIANS INVOLVED,,A,22350,,1.0,DANA AV,WESTE,,,A,,,SHASTA AV,,,A,8/8/2024 12:05:41 PM,2/10/2025 11:47:34 AM,,,2,,,,,,,
3835535,16-121-0703,2,False,4313,4/30/2016 6:30:00 PM,1830,X1,1368,4313,San Jose,43,True,True,G,VEHICLE/PEDESTRAIN,,Saturday,,,F,,False,False,True,,G,BICYCLE,,1,0,CLEAR,, NO UNUSUAL CONDITIONS - NO UNUSUAL CONDITIONS,, ,A,DAYLIGHT,,,,,,,E,IN ROAD - INCLUDES SHOULDER,,D,,,,NARVAEZ AV,SOUTH,,,A,N,12.0,CITY POLE #71125,F,,A,8/8/2024 12:05:41 PM,2/10/2025 11:47:35 AM,,,2,,,,,,,
3835533,16-098-0372,2,False,4313,4/7/2016 11:25:00 AM,1125,V2,1368,4313,San Jose,43,True,True,D,BROADSIDE,,Thursday,,,,,False,False,True,,C,OTHER MOTOR VEHICLE,,1,0,CLEAR,, NO UNUSUAL CONDITIONS - NO UNUSUAL CONDITIONS,, ,A,DAYLIGHT,,,,,,,A,NO PEDESTRIANS INVOLVED,,A,21453A,,1.0,N 11TH ST,CENTR,,,A,,,E JULIAN ST,,,A,8/8/2024 12:05:41 PM,2/10/2025 11:47:34 AM,,,2,,,,,,,
3835532,16-092-0666,2,False,4313,4/1/2016 5:41:00 PM,1741,T3,1368,4313,San Jose,43,True,True,D,BROADSIDE,,Friday,,,,,False,False,False,,G,BICYCLE,,1,0,CLEAR,, NO UNUSUAL CONDITIONS - NO UNUSUAL CONDITIONS,, ,A,DAYLIGHT,,,,,,,A,NO PEDESTRIANS INVOLVED,,A,216501,,1.0,MALONE ST,SOUTH,,,A,,,COASTLAND AV,,,D,8/8/2024 12:05:40 PM,2/10/2025 11:47:34 AM,,,2,,,,,,,
3835531,16 094 0733,2,False,4313,4/3/2016 6:00:00 PM,1800,W4,1368,4313,San Jose,43,True,True,D,BROADSIDE,,Sunday,,,,,False,False,True,,C,OTHER MOTOR VEHICLE,,1,0,CLEAR,, NO UNUSUAL CONDITIONS - NO UNUSUAL CONDITIONS,, ,A,DAYLIGHT,,,,,,,A,NO PEDESTRIANS INVOLVED,,A,21802A,,1.0,AVENUE B,FOOTH,,,A,W,8.0,PALA AV,F,,A,8/8/2024 12:05:40 PM,2/10/2025 11:47:34 AM,,,2,,,,,,,
3835528,16-121-0643,2,False,4313,4/30/2016 5:40:00 PM,1740,P3,1368,4313,San Jose,43,True,True,C,REAR END,,Saturday,,,F,,False,False,False,,C,OTHER MOTOR VEHICLE,,2,0,CLEAR,, NO UNUSUAL CONDITIONS - NO UNUSUAL CONDITIONS,, ,A,DAYLIGHT,,,,,,,A,NO PEDESTRIANS INVOLVED,,A,21703,,1.0,S SAN FELIPE RD,PAUL,,,A,,,ABORN RD,,,A,8/8/2024 12:05:40 PM,2/10/2025 11:47:34 AM,,,2,,,,,,,