Collision Id,	Report Number,	Report Version,	Is Preliminary,	NCIC Code,Crash Date Time,	Crash Time Description,	Beat,City Id,	City Code,	City Name,County Code,	City Is Active,	City Is Incorporated,	Collision Type Code,Collision Type Description,	Collision Type Other Desc,	Day Of Week,	DispatchNotified,	HasPhotographs,	HitRun,	IsAttachmentsMailed,	IsDeleted,	IsHighwayRelated,	IsTowAway,	JudicialDistrict,	MotorVehicleInvolvedWithCode,	MotorVehicleInvolvedWithDesc,MotorVehicleInvolvedWithOtherDesc,	NumberInjured,	NumberKilled,Weather 1, Weather 2, Road Condition 1, Road Condition 2, Special Condition,LightingCode, LightingDescription,Latitude,Longitude,MilepostDirection,MilepostDistance,MilepostMarker,MilepostUnitOfMeasure,	PedestrianActionCode,PedestrianActionDesc,PreparedDate,	Primary Collision Factor Code,Primary Collision Factor Violation,PrimaryCollisionFactorIsCited,	PrimaryCollisionPartyNumber,	PrimaryRoad,	ReportingDistrict,	ReportingDistrictCode,ReviewedDate,	RoadwaySurfaceCode,SecondaryDirection,	SecondaryDistance,	SecondaryRoad,	SecondaryUnitOfMeasure,	SketchDesc,	TrafficControlDeviceCode,CreatedDate,	ModifiedDate,IsCountyRoad,IsFreeway,CHP555Version,	IsAdditonalObjectStruck,NotificationDate,	NotificationTimeDescription,	HasDigitalMediaFiles,	EvidenceNumber,	IsLocationReferToNarrative,	IsAOIOneSameAsLocation
3902129,16-162-0833,2,False,4313,6/10/2016 8:45:00 PM,2045,R2,1368,4313,San Jose,43,True,True,C,REAR END,,Friday,,,,,False,False,True,,C,OTHER MOTOR VEHICLE,,1,0,CLEAR,, NO UNUSUAL CONDITIONS - NO UNUSUAL CONDITIONS,, ,C,DARK-STREET LIGHTS,,,,,,,A,NO PEDESTRIANS INVOLVED,,A,22350,,1.0,MONTAGUE EXPWY,DR,,,A,,,HARRIS WY,,,A,8/8/2024 2:57:31 PM,2/10/2025 1:12:28 PM,,,2,,,,,,,
3902125,16-162-0645,2,False,4313,6/10/2016 5:23:00 PM,1723,X1,1368,4313,San Jose,43,True,True,C,REAR END,,Friday,,,,,False,False,True,,C,OTHER MOTOR VEHICLE,,1,0,CLEAR,, NO UNUSUAL CONDITIONS - NO UNUSUAL CONDITIONS,, ,A,DAYLIGHT,,,,,,,A,NO PEDESTRIANS INVOLVED,,A,22350,,1.0,E CAPITOL EXPWY,XRAY,,,A,W,150.0,NARVAEZ,F,,A,8/8/2024 2:57:31 PM,2/10/2025 1:12:28 PM,,,2,,,,,,,
3901794,16-192-0523,2,False,4313,7/10/2016 2:44:00 PM,1444,R4,1368,4313,San Jose,43,True,True,C,REAR END,,Sunday,,,,,False,False,True,,C,OTHER MOTOR VEHICLE,,2,0,CLEAR,, NO UNUSUAL CONDITIONS - NO UNUSUAL CONDITIONS,, ,A,DAYLIGHT,,,,,,,A,NO PEDESTRIANS INVOLVED,,A,22350A,,1.0,BERRYESSA RD,CENTR,,,A,W,30.0,CITY LIGHT POLE #9M310,F,,A,8/8/2024 2:57:09 PM,2/10/2025 1:11:58 PM,,,2,,,,,,,
3901790,16-212-0477,2,False,4313,7/30/2016 1:55:00 PM,1355,3,1368,4313,San Jose,43,True,True,G,VEHICLE/PEDESTRAIN,,Saturday,,,,,False,False,False,,B,PEDESTRIAN,,1,0,CLEAR,, NO UNUSUAL CONDITIONS - NO UNUSUAL CONDITIONS,, ,A,DAYLIGHT,,,,,,,E,IN ROAD - INCLUDES SHOULDER,,A,21956B,,1.0,S KING RD,PAUL,,,A,,,TULLY RD,,,A,8/8/2024 2:57:09 PM,2/10/2025 1:11:58 PM,,,2,,,,,,,
3901648,16-227-0073,2,False,4313,8/14/2016 12:56:00 AM,56,E1,1368,4313,San Jose,43,True,True,G,VEHICLE/PEDESTRAIN,,Sunday,,,F,,False,False,False,,B,PEDESTRIAN,,1,0,CLEAR,, NO UNUSUAL CONDITIONS - NO UNUSUAL CONDITIONS,, ,C,DARK-STREET LIGHTS,,,,,,,B,CROSSING IN CROSS WALK AT INTERSECTION,,A,22350,,1.0,DELMAS AV,DE,,,A,,,WEST SANTA CLARA ST,,,D,8/8/2024 2:57:00 PM,2/10/2025 1:11:46 PM,,,2,,,,,,,
3901644,16-225-0664,2,False,4313,8/12/2016 6:06:00 PM,1806,S3,1368,4313,San Jose,43,True,True,F,OVERTURNED,,Friday,,,F,,False,True,True,,C,OTHER MOTOR VEHICLE,,1,0,CLEAR,, NO UNUSUAL CONDITIONS - NO UNUSUAL CONDITIONS,, ,A,DAYLIGHT,,,,,,,A,NO PEDESTRIANS INVOLVED,,A,22350,,1.0,BIRD AV,,,,A,N,134.0,HULET ST,F,,A,8/8/2024 2:56:59 PM,2/10/2025 1:11:46 PM,,,2,,,,,,,
3901640,16-227-0839,2,False,4313,8/14/2016 8:18:00 PM,2018,T2,1368,4313,San Jose,43,True,True,D,BROADSIDE,,Sunday,,,,,False,False,True,,G,BICYCLE,,2,0,CLEAR,, NO UNUSUAL CONDITIONS - NO UNUSUAL CONDITIONS,, ,C,DARK-STREET LIGHTS,,,,,,,A,NO PEDESTRIANS INVOLVED,,A,22107,,1.0,CURTNER AV,SOUTH,,,A,,,HERITAGE DR,,,D,8/8/2024 2:56:59 PM,2/10/2025 1:11:45 PM,,,2,,,,,,,
3901636,16-226-0166,2,False,4313,8/13/2016 3:22:00 AM,322,L1,1368,4313,San Jose,43,True,True,A,HEAD-ON,,Saturday,,,F,,False,False,True,,I,FIXED OBJECT,,1,0,CLEAR,, NO UNUSUAL CONDITIONS - NO UNUSUAL CONDITIONS,, ,C,DARK-STREET LIGHTS,,,,,,,A,NO PEDESTRIANS INVOLVED,,A,22350,,1.0,EAST HUMBOLDT ST,WESTE,,,A,,,SOUTH 2ND ST,,,D,8/8/2024 2:56:59 PM,2/10/2025 1:11:45 PM,,,2,,,,,,,
3901633,16-223-0912,2,False,4313,8/10/2016 9:05:00 PM,2105,L4,1368,4313,San Jose,43,True,True,E,HIT OBJECT,,Wednesday,,,F,,False,False,True,,I,FIXED OBJECT,,2,0,CLEAR,, NO UNUSUAL CONDITIONS - NO UNUSUAL CONDITIONS,, ,C,DARK-STREET LIGHTS,,,,,,,A,NO PEDESTRIANS INVOLVED,,A,23104A,,1.0,MONTEREY RD,WEST,,,A,,,ESFAHAN DR,,,D,8/8/2024 2:56:59 PM,2/10/2025 1:11:45 PM,,,2,,,,,,,
3901629,16-223-0772,2,False,4313,8/10/2016 6:28:00 PM,1828,N2,1368,4313,San Jose,43,True,True,D,BROADSIDE,,Wednesday,,,F,,False,False,True,,C,OTHER MOTOR VEHICLE,,1,0,CLEAR,, NO UNUSUAL CONDITIONS - NO UNUSUAL CONDITIONS,, ,A,DAYLIGHT,,,,,,,A,NO PEDESTRIANS INVOLVED,,A,22450,,1.0,KIELY BL,WESTE,,,A,,,NORTHLAKE DR,,,A,8/8/2024 2:56:58 PM,2/10/2025 1:11:44 PM,,,2,,,,,,,
3901625,16-224-0249,2,False,4313,8/11/2016 9:41:00 AM,941,M4,1368,4313,San Jose,43,True,True,D,BROADSIDE,,Thursday,,,M,,False,False,False,,J,OTHER OBJECT,,1,0,CLEAR,, NO UNUSUAL CONDITIONS - NO UNUSUAL CONDITIONS,, ,A,DAYLIGHT,,,,,,,A,NO PEDESTRIANS INVOLVED,,A,21802A,,1.0,TIERRA ENCANTADA WY,FOOTH,,,A,W,9.0,MCCREERY AV,F,,,8/8/2024 2:56:58 PM,2/10/2025 1:11:44 PM,,,2,,,,,,,
3901621,16-226-0125,2,False,4313,8/13/2016 2:23:00 AM,223,P2,1368,4313,San Jose,43,True,True,C,REAR END,,Saturday,,,,,False,False,True,,E,PARKED MOTOR VEHICLE,,1,0,CLEAR,, NO UNUSUAL CONDITIONS - NO UNUSUAL CONDITIONS,, ,A,DAYLIGHT,,,,,,,A,NO PEDESTRIANS INVOLVED,,A,23152A,,1.0,FLINT AV,FOOTH,,,A,S,75.0,POLE 70645,F,,D,8/8/2024 2:56:58 PM,2/10/2025 1:11:44 PM,,,2,,,,,,,
3901617,16-226-0092,2,False,4313,8/13/2016 1:35:00 AM,135,E4,1368,4313,San Jose,43,True,True,G,VEHICLE/PEDESTRAIN,,Saturday,,,,,False,False,True,,B,PEDESTRIAN,,1,0,CLEAR,, NO UNUSUAL CONDITIONS - NO UNUSUAL CONDITIONS,, ,C,DARK-STREET LIGHTS,,,,,,,D,CROSSING - NOT IN CROSSWALK,,B,,,1.0,PIERCE AV,CENTR,,,A,,,COLTON PL,,,D,8/8/2024 2:56:58 PM,2/10/2025 1:11:43 PM,,,2,,,,,,,
3901613,16-226-0955,2,False,4313,8/13/2016 10:00:00 PM,2200,L6,1368,4313,San Jose,43,True,True,D,BROADSIDE,,Saturday,,,,,False,False,False,,C,OTHER MOTOR VEHICLE,,3,0,CLEAR,, NO UNUSUAL CONDITIONS - NO UNUSUAL CONDITIONS,, ,C,DARK-STREET LIGHTS,,,,,,,A,NO PEDESTRIANS INVOLVED,,A,21801A,,1.0,MCLAUGHLIN AV,WESTE,,,A,,,LOUPE AV,,,D,8/8/2024 2:56:57 PM,2/10/2025 1:11:43 PM,,,2,,,,,,,
3901608,16-224-0427,2,False,4313,8/11/2016 1:18:00 PM,1318,L1,1368,4313,San Jose,43,True,True,G,VEHICLE/PEDESTRAIN,,Thursday,,,,,False,False,False,,B,PEDESTRIAN,,1,0,CLEAR,, NO UNUSUAL CONDITIONS - NO UNUSUAL CONDITIONS,, ,A,DAYLIGHT,,,,,,,B,CROSSING IN CROSS WALK AT INTERSECTION,,A,22350,,1.0,10TH ST,WESTE,,,A,E,9.0,LIGHT POLE #12N33,F,,A,8/8/2024 2:56:57 PM,2/10/2025 1:11:43 PM,,,2,,,,,,,
3901604,16-220-0405,2,False,4313,8/7/2016 12:50:00 PM,1250,T2,1368,4313,San Jose,43,True,True,D,BROADSIDE,,Sunday,,,,,False,False,True,,C,OTHER MOTOR VEHICLE,,3,0,CLEAR,, NO UNUSUAL CONDITIONS - NO UNUSUAL CONDITIONS,, ,A,DAYLIGHT,,,,,,,A,NO PEDESTRIANS INVOLVED,,A,21453A,,1.0,UNION AV,SOUTH,,,A,,,CAMDEN AV,,,A,8/8/2024 2:56:57 PM,2/10/2025 1:11:42 PM,,,2,,,,,,,
3901583,16-221-0725,2,False,4313,8/8/2016 6:27:00 PM,1827,T2,1368,4313,San Jose,43,True,True,A,HEAD-ON,,Monday,,,,,False,False,True,,C,OTHER MOTOR VEHICLE,,2,0,CLEAR,, NO UNUSUAL CONDITIONS - NO UNUSUAL CONDITIONS,, ,A,DAYLIGHT,,,,,,,A,NO PEDESTRIANS INVOLVED,,A,21801A,,1.0,FOXWORTHY AV,SOUTH,,,A,,,ROSS,,,A,8/8/2024 2:56:56 PM,2/10/2025 1:11:40 PM,,,2,,,,,,,
3901579,16-221-0613,2,False,4313,8/8/2016 4:35:00 PM,1635,X2,1368,4313,San Jose,43,True,True,D,BROADSIDE,,Monday,,,F,,False,False,True,,C,OTHER MOTOR VEHICLE,,1,0,CLEAR,, NO UNUSUAL CONDITIONS - NO UNUSUAL CONDITIONS,, ,A,DAYLIGHT,,,,,,,A,NO PEDESTRIANS INVOLVED,,A,21658B,,1.0,SEVEN TREES BL,XRAY,,,A,,,EAST CAPITOL EXPWY,,,A,8/8/2024 2:56:55 PM,2/10/2025 1:11:40 PM,,,2,,,,,,,
3901576,16-222-080,2,False,4313,8/9/2016 7:20:00 PM,1920,A4,1368,4313,San Jose,43,True,True,G,VEHICLE/PEDESTRAIN,,Tuesday,,,F,,False,False,False,,B,PEDESTRIAN,,1,0,CLEAR,, NO UNUSUAL CONDITIONS - NO UNUSUAL CONDITIONS,, ,A,DAYLIGHT,,,,,,,E,IN ROAD - INCLUDES SHOULDER,,C,,,,HOFFMAN CT,SOUTH,,,A,W,1.0,PG & E POLE #23075,F,,D,8/8/2024 2:56:55 PM,2/10/2025 1:11:40 PM,,,2,,,,,,,
3916702,16 1950331,2,False,4313,7/13/2016 10:56:00 AM,1056,A3,1368,4313,San Jose,43,True,True,,,,Wednesday,,,,,False,False,False,,C,OTHER MOTOR VEHICLE,,1,0,CLEAR,, NO UNUSUAL CONDITIONS - NO UNUSUAL CONDITIONS,, ,A,DAYLIGHT,,,,,,,A,NO PEDESTRIANS INVOLVED,,A,22350,,1.0,BLOSSOM HILL RD,SOUTH,,,A,E,30.0,FIRE HYDRANT A04854,F,,A,8/8/2024 3:16:32 PM,2/10/2025 2:05:03 PM,,,2,,,,,,,
3916676,16-197-0165,2,False,4313,7/15/2016 7:26:00 AM,726,C3,1368,4313,San Jose,43,True,True,C,REAR END,,Friday,,,,,False,False,False,,C,OTHER MOTOR VEHICLE,,1,0,CLEAR,, ,, ,A,DAYLIGHT,,,,,,,A,NO PEDESTRIANS INVOLVED,,A,22106,,1.0,CATHAY DR,DC,,,A,,,EVERGLADE AV,,,D,8/8/2024 3:16:30 PM,2/10/2025 2:05:01 PM,,,2,,,,,,,
3916672,16-197-0159,2,False,4313,7/15/2016 7:20:00 AM,720,E3,1368,4313,San Jose,43,True,True,C,REAR END,,Friday,,,,,False,False,False,,C,OTHER MOTOR VEHICLE,,1,0,CLEAR,, NO UNUSUAL CONDITIONS - NO UNUSUAL CONDITIONS,, ,A,DAYLIGHT,,,,,,,A,NO PEDESTRIANS INVOLVED,,A,22350,,1.0,SOUTH 3RD ST,CENTR,,,A,S,50.0,LIGHT POLE 11M393,F,,A,8/8/2024 3:16:29 PM,2/10/2025 2:05:01 PM,,,2,,,,,,,
3916669,16-197-0244,2,False,4313,7/15/2016 9:30:00 AM,930,P4,1368,4313,San Jose,43,True,True,,,,Friday,,,,,False,False,False,,,,,1,0,CLEAR,, NO UNUSUAL CONDITIONS - NO UNUSUAL CONDITIONS,, ,A,DAYLIGHT,,,,,,,E,IN ROAD - INCLUDES SHOULDER,,B,,,1.0,WENDOVER LN,FOOTH,,,A,,,CHENLEN CT,,,B,8/8/2024 3:16:29 PM,2/10/2025 2:05:00 PM,,,2,,,,,,,
3916664,16-197-0240,2,False,4313,7/15/2016 9:26:00 AM,926,M4,1368,4313,San Jose,43,True,True,,,,Friday,,,,,False,True,True,,C,OTHER MOTOR VEHICLE,,2,0,CLEAR,, NO UNUSUAL CONDITIONS - NO UNUSUAL CONDITIONS,, ,A,DAYLIGHT,,,,,,,A,NO PEDESTRIANS INVOLVED,,A,21453A,,1.0,SOUTH KING RD,FOOTH,,,A,,,RT 680,,,A,8/8/2024 3:16:28 PM,2/10/2025 2:05:00 PM,,,2,,,,,,,
3916655,16-197-0551,2,False,4313,7/15/2016 4:14:00 PM,1614,L2,1368,4313,San Jose,43,True,True,C,REAR END,,Friday,,,,,False,False,False,,C,OTHER MOTOR VEHICLE,,1,0,CLEAR,, NO UNUSUAL CONDITIONS - NO UNUSUAL CONDITIONS,, ,A,DAYLIGHT,,,,,,,A,NO PEDESTRIANS INVOLVED,,A,22350,,1.0,STORY RD,DL,,,A,N,92.0,CLEMENCE AV,F,,A,8/8/2024 3:16:28 PM,2/10/2025 2:05:00 PM,,,2,,,,,,,
3916652,16 197 0705,2,False,4313,7/15/2016 6:47:00 PM,1847,T4,1368,4313,San Jose,43,True,True,,,,Friday,,,,,False,False,True,,C,OTHER MOTOR VEHICLE,,2,0,CLEAR,, NO UNUSUAL CONDITIONS - NO UNUSUAL CONDITIONS,, ,A,DAYLIGHT,,,,,,,A,NO PEDESTRIANS INVOLVED,,A,22107,,1.0,ROSS AV,SOUTH,,,A,,,BRANHAM LN,,,D,8/8/2024 3:16:27 PM,2/10/2025 2:04:59 PM,,,2,,,,,,,
3916648,16-197-0450,2,False,4313,7/15/2016 1:45:00 PM,1345,A3,1368,4313,San Jose,43,True,True,,,,Friday,,,,,False,False,False,,,,,1,0,CLEAR,, NO UNUSUAL CONDITIONS - NO UNUSUAL CONDITIONS,, ,A,DAYLIGHT,,,,,,,A,NO PEDESTRIANS INVOLVED,,D,,,,CHERRY AV,SOUTH,,,A,,,RUSSO DR,,,D,8/8/2024 3:16:27 PM,2/10/2025 2:04:59 PM,,,2,,,,,,,
3916645,16-197-0129,2,False,4313,7/15/2016 5:55:00 AM,555,C4,1368,4313,San Jose,43,True,True,B,SIDE SWIPE,,Friday,,,,,False,False,True,,E,PARKED MOTOR VEHICLE,,1,0,CLEAR,, NO UNUSUAL CONDITIONS - NO UNUSUAL CONDITIONS,, ,A,DAYLIGHT,,,,,,,A,NO PEDESTRIANS INVOLVED,,A,22107,,1.0,ADRIAN WY,FOOTH,,,A,S,10.0,LIGHT POLE #11P187,F,,D,8/8/2024 3:16:26 PM,2/10/2025 2:04:59 PM,,,2,,,,,,,
3916640,16-197-0672,2,False,4313,7/15/2016 6:10:00 PM,1810,2,1368,4313,San Jose,43,True,True,D,BROADSIDE,,Friday,,,,,False,False,True,,C,OTHER MOTOR VEHICLE,,2,0,CLEAR,, NO UNUSUAL CONDITIONS - NO UNUSUAL CONDITIONS,, ,A,DAYLIGHT,,,,,,,A,NO PEDESTRIANS INVOLVED,,A,21453A,,1.0,ROSS AV,T,,,A,,,FOXWORTHY AV,,,A,8/8/2024 3:16:26 PM,2/10/2025 2:04:58 PM,,,2,,,,,,,
3916637,16-197-0588,2,False,4313,7/15/2016 4:52:00 PM,1652,R3,1368,4313,San Jose,43,True,True,A,HEAD-ON,,Friday,,,,,False,False,True,,B,PEDESTRIAN,,1,0,CLEAR,, NO UNUSUAL CONDITIONS - NO UNUSUAL CONDITIONS,, ,A,DAYLIGHT,,,,,,,D,CROSSING - NOT IN CROSSWALK,,A,21953,,1.0,1ST ST,,,,A,E,15.0,LIGHTPOLE 8J63,F,,B,8/8/2024 3:16:26 PM,2/10/2025 2:04:58 PM,,,2,,,,,,,
3916633,16-196-0935,2,False,4313,7/14/2016 10:30:00 PM,2230,AI,1368,4313,San Jose,43,True,True,E,HIT OBJECT,,Thursday,,,,,False,False,True,,I,FIXED OBJECT,,1,0,CLEAR,, NO UNUSUAL CONDITIONS - NO UNUSUAL CONDITIONS,, ,C,DARK-STREET LIGHTS,,,,,,,A,NO PEDESTRIANS INVOLVED,,A,22107,,1.0,BLOSSOM HILL RD,ADAM,,,A,,,ARBOR DELL WY,,,A,8/8/2024 3:16:25 PM,2/10/2025 2:04:58 PM,,,2,,,,,,,
3916629,16-195-1038,2,False,4313,7/13/2016 11:51:00 PM,2351,4,1368,4313,San Jose,43,True,True,G,VEHICLE/PEDESTRAIN,,Wednesday,,,,,False,False,False,,B,PEDESTRIAN,,1,0,CLEAR,, ,, ,C,DARK-STREET LIGHTS,,,,,,,B,CROSSING IN CROSS WALK AT INTERSECTION,,A,21950,,1.0,NIEMAN,PAUL,,,A,,,DANIEL MALONEY,,,A,8/8/2024 3:16:25 PM,2/10/2025 2:04:58 PM,,,2,,,,,,,
3916625,16 195 0011,2,False,4313,7/13/2016 12:14:00 AM,14,T3,1368,4313,San Jose,43,True,True,D,BROADSIDE,,Wednesday,,,,,False,False,True,,C,OTHER MOTOR VEHICLE,,1,0,CLEAR,, NO UNUSUAL CONDITIONS - NO UNUSUAL CONDITIONS,, ,C,DARK-STREET LIGHTS,,,,,,,A,NO PEDESTRIANS INVOLVED,,A,21804A,,1.0,CANOAS GARDEN AV,SOUTH,,,A,N,111.0,CURTNER AV,F,,A,8/8/2024 3:16:24 PM,2/10/2025 2:04:57 PM,,,2,,,,,,,
3916326,16-196-0147,2,False,4313,7/14/2016 5:45:00 AM,545,L4,1368,4313,San Jose,43,True,True,E,HIT OBJECT,,Thursday,,,,,False,False,True,,I,FIXED OBJECT,,1,0,CLEAR,, NO UNUSUAL CONDITIONS - NO UNUSUAL CONDITIONS,, ,A,DAYLIGHT,,,,,,,A,NO PEDESTRIANS INVOLVED,,A,22100A,,1.0,S 10TH ST,WESTE,,,A,N,68.0,LIGHT POLE 13 N 118,F,,A,8/8/2024 3:15:57 PM,2/10/2025 2:04:38 PM,,,2,,,,,,,
3915558,16-250-0022,2,False,4313,9/5/2016 11:48:00 PM,2348,T3,1368,4313,San Jose,43,True,True,E,HIT OBJECT,,Monday,,,,,False,False,True,,A,NON-COLLISION,,1,0,CLEAR,, NO UNUSUAL CONDITIONS - NO UNUSUAL CONDITIONS,, ,C,DARK-STREET LIGHTS,,,,,,,A,NO PEDESTRIANS INVOLVED,,A,,,1.0,CURTNER AV,DT,,,A,,,ALMADEN RD,,,,8/8/2024 3:14:46 PM,2/10/2025 2:04:10 PM,,,2,,,,,,,
3915552,16-249-0913,2,False,4313,9/5/2016 10:31:00 PM,2231,C5,1368,4313,San Jose,43,True,True,C,REAR END,,Monday,,,F,,False,False,True,,C,OTHER MOTOR VEHICLE,,1,0,CLEAR,, NO UNUSUAL CONDITIONS - NO UNUSUAL CONDITIONS,, ,C,DARK-STREET LIGHTS,,,,,,,A,NO PEDESTRIANS INVOLVED,,A,,,1.0,OCALA AV,FOOTH,,,A,,,WHITE RD,,,A,8/8/2024 3:14:46 PM,2/10/2025 2:04:10 PM,,,2,,,,,,,
3915529,16-247-0499,2,False,4313,9/3/2016 2:26:00 PM,1426,R5,1368,4313,San Jose,43,True,True,C,REAR END,,Saturday,,,,,False,False,True,,E,PARKED MOTOR VEHICLE,,1,0,CLEAR,, NO UNUSUAL CONDITIONS - NO UNUSUAL CONDITIONS,, ,A,DAYLIGHT,,,,,,,A,NO PEDESTRIANS INVOLVED,,A,23152A,,1.0,VINCI PARK WY,,,,A,N,200.0,RIBISI WY,F,,D,8/8/2024 3:14:44 PM,2/10/2025 2:04:09 PM,,,2,,,,,,,
3915489,16-172-0625,2,False,4313,6/20/2016 4:16:00 PM,1616,N3,1368,4313,San Jose,43,True,True,D,BROADSIDE,,Monday,,,,,False,False,True,,C,OTHER MOTOR VEHICLE,,2,0,CLEAR,, NO UNUSUAL CONDITIONS - NO UNUSUAL CONDITIONS,, ,A,DAYLIGHT,,,,,,,A,NO PEDESTRIANS INVOLVED,,A,21801A,,2.0,WILLIAMS RD,WESTE,,,A,,,ROCKDALE DR,,,D,8/8/2024 3:14:41 PM,2/10/2025 2:04:07 PM,,,2,,,,,,,
3915454,16-199-0595,2,False,4313,7/17/2016 5:20:00 PM,1720,V3,1368,4313,San Jose,43,True,True,D,BROADSIDE,,Sunday,,,,,False,False,True,,C,OTHER MOTOR VEHICLE,,2,0,CLEAR,, NO UNUSUAL CONDITIONS - NO UNUSUAL CONDITIONS,, ,A,DAYLIGHT,,,,,,,A,NO PEDESTRIANS INVOLVED,,A,21453A,,,N 1ST ST,DV,,,A,,,E TAYLOR ST,,,A,8/8/2024 3:14:38 PM,2/10/2025 2:04:06 PM,,,2,,,,,,,
3915453,16-194-0653,2,False,4313,7/12/2016 4:55:00 PM,1655,A1,1368,4313,San Jose,43,True,True,C,REAR END,,Tuesday,,,,,False,False,True,,C,OTHER MOTOR VEHICLE,,2,0,CLEAR,, NO UNUSUAL CONDITIONS - NO UNUSUAL CONDITIONS,, ,A,DAYLIGHT,,,,,,,A,NO PEDESTRIANS INVOLVED,,A,22350,,1.0,LOS GATOS ALMADEN RD,,,,A,E,120.0,TAFT DR,F,,D,8/8/2024 3:14:38 PM,2/10/2025 2:04:06 PM,,,2,,,,,,,
3915436,16-194-0773,2,False,4313,7/12/2016 6:54:00 PM,1854,T2,1368,4313,San Jose,43,True,True,C,REAR END,,Tuesday,,,,,False,False,False,,C,OTHER MOTOR VEHICLE,,2,0,CLEAR,, NO UNUSUAL CONDITIONS - NO UNUSUAL CONDITIONS,, ,A,DAYLIGHT,,,,,,,A,NO PEDESTRIANS INVOLVED,,A,22350,,1.0,CURTNER,SOUTH,,,A,,,MERIDIAN,,,D,8/8/2024 3:14:37 PM,2/10/2025 2:04:06 PM,,,2,,,,,,,
3915135,16-242-0967,2,False,4313,8/29/2016 10:11:00 PM,2211,,1368,4313,San Jose,43,True,True,,,,Monday,,,,,False,False,True,,I,FIXED OBJECT,,1,0,CLEAR,, NO UNUSUAL CONDITIONS - NO UNUSUAL CONDITIONS,, ,C,DARK-STREET LIGHTS,,,,,,,A,NO PEDESTRIANS INVOLVED,,A,22350,,1.0,SENTER RD,L5,,,A,N,102.0,CAPITOL EXPWY,F,,A,8/8/2024 3:14:12 PM,2/10/2025 2:03:53 PM,,,2,,,,,,,
3915106,16-239-0974,2,False,4313,8/26/2016 11:13:00 PM,2313,A5,1368,4313,San Jose,43,True,True,D,BROADSIDE,,Friday,,,,,False,False,True,,C,OTHER MOTOR VEHICLE,,3,0,CLEAR,, NO UNUSUAL CONDITIONS - NO UNUSUAL CONDITIONS,, ,C,DARK-STREET LIGHTS,,,,,,,A,NO PEDESTRIANS INVOLVED,,A,21453A,,1.0,ALMADEN EXPWY,SOUTH,,,A,,,TRINIDAD DR,,,A,8/8/2024 3:14:09 PM,2/10/2025 2:03:52 PM,,,2,,,,,,,
3915102,16-232-0480,2,False,4313,8/19/2016 2:20:00 PM,1420,E2,1368,4313,San Jose,43,True,True,A,HEAD-ON,,Friday,,,,,False,False,True,,E,PARKED MOTOR VEHICLE,,1,0,CLEAR,, NO UNUSUAL CONDITIONS - NO UNUSUAL CONDITIONS,, ,A,DAYLIGHT,,,,,,,A,NO PEDESTRIANS INVOLVED,,A,21650,,1.0,N 3RD ST,CENTR,,,A,S,42.0,E JULIAN ST,F,,D,8/8/2024 3:14:08 PM,2/10/2025 2:03:52 PM,,,2,,,,,,,
3914089,16-165-0592,2,False,4313,6/13/2016 3:35:00 PM,1535,56,1368,4313,San Jose,43,True,True,E,HIT OBJECT,,Monday,,,,,False,False,True,,I,FIXED OBJECT,,1,0,CLEAR,, NO UNUSUAL CONDITIONS - NO UNUSUAL CONDITIONS,, ,A,DAYLIGHT,,,,,,,A,NO PEDESTRIANS INVOLVED,,A,22350,,1.0,ALMA AV,DISSA,,,A,,,MONTEREY RD,,,A,8/8/2024 3:12:42 PM,2/10/2025 2:03:09 PM,,,2,,,,,,,
3913903,16-191-0455,2,False,4313,7/9/2016 1:39:00 PM,1339,C3,1368,4313,San Jose,43,True,True,D,BROADSIDE,,Saturday,,,,,False,False,True,,C,OTHER MOTOR VEHICLE,,1,0,CLEAR,, NO UNUSUAL CONDITIONS - NO UNUSUAL CONDITIONS,, ,A,DAYLIGHT,,,,,,,A,NO PEDESTRIANS INVOLVED,,A,21209,,1.0,TULLY RD,DC,,,A,,,KENESTA WY,,,D,8/8/2024 3:12:26 PM,2/10/2025 2:03:02 PM,,,2,,,,,,,
3913714,16-193-0679,2,False,4313,7/11/2016 6:00:00 PM,1800,C5,1368,4313,San Jose,43,True,True,A,HEAD-ON,,Monday,,,,,False,False,False,,C,OTHER MOTOR VEHICLE,,1,0,CLEAR,, NO UNUSUAL CONDITIONS - NO UNUSUAL CONDITIONS,, ,A,DAYLIGHT,,,,,,,A,NO PEDESTRIANS INVOLVED,,A,21802A,,1.0,OCALA AV,,,,A,,,EVERWOOD CT,,,A,8/8/2024 3:12:11 PM,2/10/2025 2:02:56 PM,,,2,,,,,,,
3913710,16-193-0669,2,False,4313,7/11/2016 5:48:00 PM,1748,R2,1368,4313,San Jose,43,True,True,A,HEAD-ON,,Monday,,,,,False,False,True,,C,OTHER MOTOR VEHICLE,,2,0,CLEAR,, NO UNUSUAL CONDITIONS - NO UNUSUAL CONDITIONS,, ,A,DAYLIGHT,,,,,,,A,NO PEDESTRIANS INVOLVED,,A,21651A,,1.0,LUNDY,CENTR,,,A,,,MCKAY,,,D,8/8/2024 3:12:11 PM,2/10/2025 2:02:56 PM,,,2,,,,,,,
3913709,16-191-0317,2,False,4313,7/9/2016 10:33:00 AM,1033,V3,1368,4313,San Jose,43,True,True,D,BROADSIDE,,Saturday,,,,,False,False,True,,C,OTHER MOTOR VEHICLE,,3,0,CLEAR,, NO UNUSUAL CONDITIONS - NO UNUSUAL CONDITIONS,, ,A,DAYLIGHT,,,,,,,A,NO PEDESTRIANS INVOLVED,,A,21657,,1.0,N 11TH ST,,,,A,,,JACKSON ST,,,A,8/8/2024 3:12:11 PM,2/10/2025 2:02:55 PM,,,2,,,,,,,
3913708,16-192-0570,2,False,4313,7/10/2016 3:55:00 PM,1555,P1,1368,4313,San Jose,43,True,True,D,BROADSIDE,,Sunday,,,,,False,False,False,,C,OTHER MOTOR VEHICLE,,1,0,CLEAR,, NO UNUSUAL CONDITIONS - NO UNUSUAL CONDITIONS,, ,A,DAYLIGHT,,,,,,,A,NO PEDESTRIANS INVOLVED,,A,21453A,,1.0,QUIMBY RD,FOOTH,,,A,,,EASTRIDGE BL,,,A,8/8/2024 3:12:11 PM,2/10/2025 2:02:55 PM,,,2,,,,,,,
3913703,16-232-0236,2,False,4313,8/19/2016 8:59:00 AM,859,F5,1368,4313,San Jose,43,True,True,H,OTHER,,Friday,,,,,False,False,False,,G,BICYCLE,,1,0,CLEAR,, NO UNUSUAL CONDITIONS - NO UNUSUAL CONDITIONS,, ,A,DAYLIGHT,,,,,,,A,NO PEDESTRIANS INVOLVED,,A,21208A,,1.0,W SAN CARLOS ST,WESTE,,,A,,,MULLER PL,,,D,8/8/2024 3:12:10 PM,2/10/2025 2:02:55 PM,,,2,,,,,,,