Collision Id,	Report Number,	Report Version,	Is Preliminary,	NCIC Code,Crash Date Time,	Crash Time Description,	Beat,City Id,	City Code,	City Name,County Code,	City Is Active,	City Is Incorporated,	Collision Type Code,Collision Type Description,	Collision Type Other Desc,	Day Of Week,	DispatchNotified,	HasPhotographs,	HitRun,	IsAttachmentsMailed,	IsDeleted,	IsHighwayRelated,	IsTowAway,	JudicialDistrict,	MotorVehicleInvolvedWithCode,	MotorVehicleInvolvedWithDesc,MotorVehicleInvolvedWithOtherDesc,	NumberInjured,	NumberKilled,Weather 1, Weather 2, Road Condition 1, Road Condition 2, Special Condition,LightingCode, LightingDescription,Latitude,Longitude,MilepostDirection,MilepostDistance,MilepostMarker,MilepostUnitOfMeasure,	PedestrianActionCode,PedestrianActionDesc,PreparedDate,	Primary Collision Factor Code,Primary Collision Factor Violation,PrimaryCollisionFactorIsCited,	PrimaryCollisionPartyNumber,	PrimaryRoad,	ReportingDistrict,	ReportingDistrictCode,ReviewedDate,	RoadwaySurfaceCode,SecondaryDirection,	SecondaryDistance,	SecondaryRoad,	SecondaryUnitOfMeasure,	SketchDesc,	TrafficControlDeviceCode,CreatedDate,	ModifiedDate,IsCountyRoad,IsFreeway,CHP555Version,	IsAdditonalObjectStruck,NotificationDate,	NotificationTimeDescription,	HasDigitalMediaFiles,	EvidenceNumber,	IsLocationReferToNarrative,	IsAOIOneSameAsLocation
3938379,16-286-0632,2,False,4313,10/12/2016 5:50:00 PM,1750,5,1368,4313,San Jose,43,True,True,C,REAR END,,Wednesday,,,F,,False,False,False,,C,OTHER MOTOR VEHICLE,,1,0,CLEAR,, NO UNUSUAL CONDITIONS - NO UNUSUAL CONDITIONS,, ,A,DAYLIGHT,,,,,,,A,NO PEDESTRIANS INVOLVED,,A,22350,,1.0,CAPITOL EXPWY,TOM,,,A,E,27.0,PEARL AV,F,,A,8/8/2024 3:55:49 PM,2/10/2025 2:19:50 PM,,,2,,,,,,,
3938377,16 281 0196,2,False,4313,10/7/2016 6:30:00 AM,630,N2,1368,4313,San Jose,43,True,True,,,,Friday,,,F,,False,False,False,,C,OTHER MOTOR VEHICLE,,1,0,CLEAR,, NO UNUSUAL CONDITIONS - NO UNUSUAL CONDITIONS,, ,A,DAYLIGHT,,,,,,,A,NO PEDESTRIANS INVOLVED,,D,,,,WHITE RD,WESTE,,,A,N,100.0,STORY RD,F,,A,8/8/2024 3:55:48 PM,2/10/2025 2:19:50 PM,,,2,,,,,,,
3938316,16-283-0110,2,False,4313,10/9/2016 2:06:00 AM,206,,1368,4313,San Jose,43,True,True,A,HEAD-ON,,Sunday,,,M,,False,False,True,,I,FIXED OBJECT,,0,0,CLEAR,, NO UNUSUAL CONDITIONS - NO UNUSUAL CONDITIONS,, ,C,DARK-STREET LIGHTS,,,,,,,A,NO PEDESTRIANS INVOLVED,,D,,,,MCLAUGHLIN AV,DL,,,A,,,RT 280,,,A,8/8/2024 3:55:40 PM,2/10/2025 2:19:47 PM,,,2,,,,,,,
3937158,16-207-0493,2,False,4313,7/25/2016 1:20:00 PM,1320,V1,1368,4313,San Jose,43,True,True,D,BROADSIDE,,Monday,,,,,False,False,True,,C,OTHER MOTOR VEHICLE,,1,0,CLEAR,, NO UNUSUAL CONDITIONS - NO UNUSUAL CONDITIONS,, ,A,DAYLIGHT,,,,,,,A,NO PEDESTRIANS INVOLVED,,A,21802A,,1.0,SPRING ST,V15R,,,A,,,ASBURY ST,,,A,8/8/2024 3:53:15 PM,2/10/2025 2:18:56 PM,,,2,,,,,,,
3937153,16-209-0724,2,False,4313,7/27/2016 5:14:00 PM,1714,W2,1368,4313,San Jose,43,True,True,H,OTHER,,Wednesday,,,,,False,False,False,,I,FIXED OBJECT,,1,0,CLEAR,, NO UNUSUAL CONDITIONS - NO UNUSUAL CONDITIONS,, ,A,DAYLIGHT,,,,,,,A,NO PEDESTRIANS INVOLVED,,D,,,,N CAPITAL AV,4313,,,A,,,MABURY RD,,,,8/8/2024 3:53:14 PM,2/10/2025 2:18:56 PM,,,2,,,,,,,
3937150,16-210-0442,2,False,4313,7/28/2016 1:47:00 PM,1347,L4,1368,4313,San Jose,43,True,True,D,BROADSIDE,,Thursday,,,,,False,False,False,,C,OTHER MOTOR VEHICLE,,1,0,CLEAR,, NO UNUSUAL CONDITIONS - NO UNUSUAL CONDITIONS,, ,A,DAYLIGHT,,,,,,,A,NO PEDESTRIANS INVOLVED,,A,22106,,1.0,STONE AV,SOUTH,,,A,,,CAMINO ST,,,D,8/8/2024 3:53:14 PM,2/10/2025 2:18:56 PM,,,2,,,,,,,
3937004,16-277-0779,2,False,4313,10/3/2016 6:25:00 PM,1825,,1368,4313,San Jose,43,True,True,B,SIDE SWIPE,,Monday,,,F,,False,False,False,,C,OTHER MOTOR VEHICLE,,1,0,CLEAR,, NO UNUSUAL CONDITIONS - NO UNUSUAL CONDITIONS,, ,B,DUSK-DAWN,,,,,,,A,NO PEDESTRIANS INVOLVED,,D,,,,BERRYESSA RD,,,,A,W,70.0,SANDSTONE LN,F,,A,8/8/2024 3:52:56 PM,2/10/2025 2:18:49 PM,,,1,,,,,,,
3936879,16-175-0354,2,False,4313,6/23/2016 9:59:00 AM,959,V4,1368,4313,San Jose,43,True,True,H,OTHER,,Thursday,,,,,False,False,True,,C,OTHER MOTOR VEHICLE,,2,0,CLEAR,, NO UNUSUAL CONDITIONS - NO UNUSUAL CONDITIONS,, ,A,DAYLIGHT,,,,,,,A,NO PEDESTRIANS INVOLVED,,A,21802A,,,N JULIAN ST,CENTR,,,A,,,N 14TH ST,,,D,8/8/2024 3:52:41 PM,2/10/2025 2:18:43 PM,,,2,,,,,,,
3936875,16-180-0612,2,False,4313,6/28/2016 4:53:00 PM,1653,C3,1368,4313,San Jose,43,True,True,,,,Tuesday,,,,,False,False,False,,C,OTHER MOTOR VEHICLE,,2,0,CLEAR,, NO UNUSUAL CONDITIONS - NO UNUSUAL CONDITIONS,, ,A,DAYLIGHT,,,,,,,A,NO PEDESTRIANS INVOLVED,,A,22350,,1.0,BERMUDA WY,FOOTH,,,A,,,LA PORTE AV,,,A,8/8/2024 3:52:41 PM,2/10/2025 2:18:43 PM,,,2,,,,,,,
3936872,16-180-0876,2,False,4313,6/28/2016 9:26:00 PM,2126,N1,1368,4313,San Jose,43,True,True,D,BROADSIDE,,Tuesday,,,,,False,False,False,,G,BICYCLE,,1,0,CLEAR,, NO UNUSUAL CONDITIONS - NO UNUSUAL CONDITIONS,, ,C,DARK-STREET LIGHTS,,,,,,,A,NO PEDESTRIANS INVOLVED,,A,21801A,,1.0,MILLER AV,WESTE,,,A,,,HYDE AV,,,A,8/8/2024 3:52:40 PM,2/10/2025 2:18:42 PM,,,2,,,,,,,
3936867,16-180-0431,2,False,4313,6/28/2016 1:16:00 PM,1316,N2,1368,4313,San Jose,43,True,True,C,REAR END,,Tuesday,,,,,False,False,False,,C,OTHER MOTOR VEHICLE,,1,0,CLEAR,, NO UNUSUAL CONDITIONS - NO UNUSUAL CONDITIONS,, ,A,DAYLIGHT,,,,,,,A,NO PEDESTRIANS INVOLVED,,A,22350,,1.0,STEVENS CREEK BL,WESTE,,,A,W,80.0,LAWRENCE EX,F,,A,8/8/2024 3:52:40 PM,2/10/2025 2:18:42 PM,,,2,,,,,,,
3936863,16-180-0378,2,False,4313,6/28/2016 12:13:00 PM,1213,T1,1368,4313,San Jose,43,True,True,D,BROADSIDE,,Tuesday,,,,,False,False,True,,C,OTHER MOTOR VEHICLE,,1,0,CLEAR,, NO UNUSUAL CONDITIONS - NO UNUSUAL CONDITIONS,, ,A,DAYLIGHT,,,,,,,A,NO PEDESTRIANS INVOLVED,,A,21804A,,1.0,S BASCOM AV,SOUTH,,,A,S,200.0,REDDING RD,F,,D,8/8/2024 3:52:39 PM,2/10/2025 2:18:42 PM,,,2,,,,,,,
3936860,16-180-0340,2,False,4313,6/28/2016 11:27:00 AM,1127,L2,1368,4313,San Jose,43,True,True,B,SIDE SWIPE,,Tuesday,,,,,False,False,True,,C,OTHER MOTOR VEHICLE,,2,0,CLEAR,, NO UNUSUAL CONDITIONS - NO UNUSUAL CONDITIONS,, ,A,DAYLIGHT,,,,,,,A,NO PEDESTRIANS INVOLVED,,A,22350,,1.0,STORY RD,WESTE,,,A,,,VIA FERRARI,,,A,8/8/2024 3:52:39 PM,2/10/2025 2:18:42 PM,,,2,,,,,,,
3936042,16-207-0050,2,False,4313,7/25/2016 1:00:00 AM,100,E4,1368,4313,San Jose,43,True,True,A,HEAD-ON,,Monday,,,,,False,False,True,,I,FIXED OBJECT,,1,0,CLEAR,, NO UNUSUAL CONDITIONS - NO UNUSUAL CONDITIONS,, ,C,DARK-STREET LIGHTS,,,,,,,A,NO PEDESTRIANS INVOLVED,,A,21658A,,1.0,S MARKET ST,CENTR,,,A,,,PIERCE AV,,,D,8/8/2024 3:50:56 PM,2/10/2025 2:18:05 PM,,,2,,,,,,,
3936018,16-180-0140,2,False,4313,6/28/2016 7:19:00 AM,719,Y3,1368,4313,San Jose,43,True,True,C,REAR END,,Tuesday,,,,,False,True,True,,C,OTHER MOTOR VEHICLE,,0,0,CLEAR,, NO UNUSUAL CONDITIONS - NO UNUSUAL CONDITIONS,, ,A,DAYLIGHT,,,,,,,A,NO PEDESTRIANS INVOLVED,,A,,,1.0,COTTLE RD,DY,,,A,,,RT 85,,,D,8/8/2024 3:50:53 PM,2/10/2025 2:18:04 PM,,,2,,,,,,,
3935714,16-339-0900,2,False,4313,12/4/2016 11:16:00 PM,2316,F5,1368,4313,San Jose,43,True,True,B,SIDE SWIPE,,Sunday,,,M,,False,True,False,,C,OTHER MOTOR VEHICLE,,0,0,CLEAR,, NO UNUSUAL CONDITIONS - NO UNUSUAL CONDITIONS,, ,C,DARK-STREET LIGHTS,,,,,,,A,NO PEDESTRIANS INVOLVED,,A,22350,,1.0,BIRD AV,,,,A,,,RT 280,,,A,8/8/2024 3:50:12 PM,2/10/2025 2:17:49 PM,,,2,,,,,,,
3935297,16-271-0237,2,False,4313,9/27/2016 8:23:00 AM,823,,1368,4313,San Jose,43,True,True,C,REAR END,,Tuesday,,,,,False,False,False,,C,OTHER MOTOR VEHICLE,,1,0,CLEAR,, NO UNUSUAL CONDITIONS - NO UNUSUAL CONDITIONS,, ,A,DAYLIGHT,,,,,,,A,NO PEDESTRIANS INVOLVED,,A,22350,,1.0,ALMADEN EXPY,WESTE,,,A,,,SAN JOSE AV,,,A,8/8/2024 3:49:24 PM,2/10/2025 2:17:30 PM,,,2,,,,,,,
3935267,16-350-0210,2,False,4313,12/15/2016 7:54:00 AM,754,C,1368,4313,San Jose,43,True,True,,,,Thursday,,,,,False,False,True,,C,OTHER MOTOR VEHICLE,,1,0,CLOUDY,WIND, NO UNUSUAL CONDITIONS - NO UNUSUAL CONDITIONS,, ,A,DAYLIGHT,,,,,,,A,NO PEDESTRIANS INVOLVED,,A,22350,,1.0,TULLY RD,FOOTH,,,A,,,CAPITOL EXPWY,,,A,8/8/2024 3:49:20 PM,2/10/2025 2:17:29 PM,,,2,,,,,,,
3935263,16-350-0177,2,False,4313,12/14/2016 7:02:00 AM,702,T4,1368,4313,San Jose,43,True,True,C,REAR END,,Wednesday,,,,,False,False,True,,E,PARKED MOTOR VEHICLE,,1,0,CLOUDY,, NO UNUSUAL CONDITIONS - NO UNUSUAL CONDITIONS,, ,B,DUSK-DAWN,,,,,,,A,NO PEDESTRIANS INVOLVED,,A,22107,,1.0,KIRK RD,,,,A,S,38.0,TUPOLO DR,F,,D,8/8/2024 3:49:20 PM,2/10/2025 2:17:29 PM,,,2,,,,,,,
3935262,16-348-0740,2,False,4313,12/13/2016 6:07:00 PM,1807,X3,1368,4313,San Jose,43,True,True,E,HIT OBJECT,,Tuesday,,,F,,False,False,True,,I,FIXED OBJECT,,2,0,RAINING,, NO UNUSUAL CONDITIONS - NO UNUSUAL CONDITIONS,, ,C,DARK-STREET LIGHTS,,,,,,,A,NO PEDESTRIANS INVOLVED,,A,21663,,1.0,LO BUE WY,,,,A,S,90.0,HELLYER,F,,D,8/8/2024 3:49:20 PM,2/10/2025 2:17:28 PM,,,2,,,,,,,
3935257,16-346-0100,2,False,4313,12/11/2016 1:55:00 AM,155,X3,1368,4313,San Jose,43,True,True,E,HIT OBJECT,,Sunday,,,,,False,False,True,,I,FIXED OBJECT,,2,0,CLOUDY,, NO UNUSUAL CONDITIONS - NO UNUSUAL CONDITIONS,, ,C,DARK-STREET LIGHTS,,,,,,,A,NO PEDESTRIANS INVOLVED,,A,22350,,1.0,SNELL AV,SOUTH,,,B,S,16.0,BRANHAM LN,F,,A,8/8/2024 3:49:19 PM,2/10/2025 2:17:28 PM,,,2,,,,,,,
3935253,16-343-0842,2,False,4313,12/8/2016 8:38:00 PM,2038,X3,1368,4313,San Jose,43,True,True,G,VEHICLE/PEDESTRAIN,,Thursday,,,F,,False,False,False,,B,PEDESTRIAN,,1,0,CLOUDY,, NO UNUSUAL CONDITIONS - NO UNUSUAL CONDITIONS,, ,C,DARK-STREET LIGHTS,,,,,,,B,CROSSING IN CROSS WALK AT INTERSECTION,,A,20001,,1.0,MONTEREY RD,SOUTH,,,A,,,SKYWAY DR,,,A,8/8/2024 3:49:19 PM,2/10/2025 2:17:28 PM,,,2,,,,,,,
3935249,16-341-0442,2,False,4313,12/6/2016 12:02:00 PM,1202,X2,1368,4313,San Jose,43,True,True,B,SIDE SWIPE,,Tuesday,,,F,,False,False,False,,C,OTHER MOTOR VEHICLE,,1,0,CLEAR,, NO UNUSUAL CONDITIONS - NO UNUSUAL CONDITIONS,, ,A,DAYLIGHT,,,,,,,A,NO PEDESTRIANS INVOLVED,,A,21658,,,E CAPITOL EXPWY,SOUTH,,,A,S,50.0,SEVEN TREES BL,F,,A,8/8/2024 3:49:18 PM,2/10/2025 2:17:28 PM,,,2,,,,,,,
3935245,16-343-0046,2,False,4313,12/8/2016 1:13:00 AM,113,C5,1368,4313,San Jose,43,True,True,B,SIDE SWIPE,,Thursday,,,,,False,False,True,,E,PARKED MOTOR VEHICLE,,1,0,RAINING,, NO UNUSUAL CONDITIONS - NO UNUSUAL CONDITIONS,, ,C,DARK-STREET LIGHTS,,,,,,,A,NO PEDESTRIANS INVOLVED,,A,23152,,1.0,MURTHA DR,FOOTH,,,B,,,SUNDOWN LN,,,D,8/8/2024 3:49:18 PM,2/10/2025 2:17:28 PM,,,2,,,,,,,
3935241,16-336-0364,2,False,4313,12/1/2016 11:12:00 AM,1112,X2,1368,4313,San Jose,43,True,True,C,REAR END,,Thursday,,,,,False,False,True,,C,OTHER MOTOR VEHICLE,,1,0,CLEAR,, NO UNUSUAL CONDITIONS - NO UNUSUAL CONDITIONS,, ,A,DAYLIGHT,,,,,,,A,NO PEDESTRIANS INVOLVED,,A,21703,,1.0,MONTEREY RD,SOUTH,,,A,N,110.0,LIGHTPOST #16P238,F,,A,8/8/2024 3:49:17 PM,2/10/2025 2:17:27 PM,,,2,,,,,,,
3935233,16-343-0030,2,False,4313,12/8/2016 12:44:00 AM,44,T1,1368,4313,San Jose,43,True,True,D,BROADSIDE,,Thursday,,,,,False,False,True,,C,OTHER MOTOR VEHICLE,,2,0,RAINING,, NO UNUSUAL CONDITIONS - NO UNUSUAL CONDITIONS,, ,C,DARK-STREET LIGHTS,,,,,,,A,NO PEDESTRIANS INVOLVED,,A,21453A,,1.0,WOODARD RD,SOUTH,,,B,,,S BASCOM AV,,,A,8/8/2024 3:49:16 PM,2/10/2025 2:17:27 PM,,,2,,,,,,,
3935195,16-308-0445,2,False,4313,11/3/2016 1:08:00 PM,1308,L5,1368,4313,San Jose,43,True,True,G,VEHICLE/PEDESTRAIN,,Thursday,,,,,False,False,False,,B,PEDESTRIAN,,1,0,CLEAR,, NO UNUSUAL CONDITIONS - NO UNUSUAL CONDITIONS,, ,A,DAYLIGHT,,,,,,,D,CROSSING - NOT IN CROSSWALK,,D,,,,GARDEN AV,CENTE,,,A,N,27.0,LT POLE 15017,F,,D,8/8/2024 3:49:11 PM,2/10/2025 2:17:25 PM,,,2,,,,,,,
3935184,16-279-0214,2,False,4313,10/5/2016 9:00:00 AM,900,1,1368,4313,San Jose,43,True,True,D,BROADSIDE,,Wednesday,,,,,False,False,True,,C,OTHER MOTOR VEHICLE,,1,0,CLEAR,, NO UNUSUAL CONDITIONS - NO UNUSUAL CONDITIONS,, ,A,DAYLIGHT,,,,,,,A,NO PEDESTRIANS INVOLVED,,A,21453,,1.0,2ND ST,L,,,A,,,KEYES ST,,,A,8/8/2024 3:49:09 PM,2/10/2025 2:17:25 PM,,,2,,,,,,,
3935179,16-279-0320,2,False,4313,10/5/2016 10:58:00 AM,1058,M2,1368,4313,San Jose,43,True,True,A,HEAD-ON,,Wednesday,,,,,False,False,True,,C,OTHER MOTOR VEHICLE,,1,0,CLEAR,, NO UNUSUAL CONDITIONS - NO UNUSUAL CONDITIONS,, ,A,DAYLIGHT,,,,,,,A,NO PEDESTRIANS INVOLVED,,A,21804A,,1.0,JACKSON AV,DM,,,A,,,ALUM ROCK AV,,,D,8/8/2024 3:49:09 PM,2/10/2025 2:17:25 PM,,,2,,,,,,,
3935175,162790802,2,False,4313,10/5/2016 7:31:00 PM,1931,S1,1368,4313,San Jose,43,True,True,C,REAR END,,Wednesday,,,,,False,False,True,,C,OTHER MOTOR VEHICLE,,1,0,CLEAR,, NO UNUSUAL CONDITIONS - NO UNUSUAL CONDITIONS,, ,C,DARK-STREET LIGHTS,,,,,,,A,NO PEDESTRIANS INVOLVED,,A,22350,,1.0,SOUTHWEST EXPWY,WESTE,,,A,S,91.0,LEIGH AV,F,,A,8/8/2024 3:49:08 PM,2/10/2025 2:17:24 PM,,,2,,,,,,,
3935171,16-281-0874,2,False,4313,10/7/2016 9:06:00 PM,2106,M3,1368,4313,San Jose,43,True,True,C,REAR END,,Friday,,,,,False,False,True,,C,OTHER MOTOR VEHICLE,,1,0,CLEAR,, NO UNUSUAL CONDITIONS - NO UNUSUAL CONDITIONS,, ,C,DARK-STREET LIGHTS,,,,,,,A,NO PEDESTRIANS INVOLVED,,A,22350A,,1.0,ALUM ROCK AV,FOOTH,,,A,,,NORTH 33RD ST,,,A,8/8/2024 3:49:08 PM,2/10/2025 2:17:24 PM,,,2,,,,,,,
3935167,16-279-0117,2,False,4313,10/5/2016 6:47:00 AM,647,C1,1368,4313,San Jose,43,True,True,D,BROADSIDE,,Wednesday,,,,,False,False,True,,C,OTHER MOTOR VEHICLE,,1,0,CLEAR,, NO UNUSUAL CONDITIONS - NO UNUSUAL CONDITIONS,, ,A,DAYLIGHT,,,,,,,A,NO PEDESTRIANS INVOLVED,,A,21453A,,1.0,STORY RD,BC,,,A,,,ADRIAN WY,,,A,8/8/2024 3:49:07 PM,2/10/2025 2:17:24 PM,,,2,,,,,,,
3935163,16-278-0809,2,False,4313,10/4/2016 7:42:00 PM,1942,C5,1368,4313,San Jose,43,True,True,D,BROADSIDE,,Tuesday,,,,,False,False,False,,G,BICYCLE,,1,0,CLEAR,, NO UNUSUAL CONDITIONS - NO UNUSUAL CONDITIONS,, ,C,DARK-STREET LIGHTS,,,,,,,A,NO PEDESTRIANS INVOLVED,,A,,,1.0,EAST CAPITOL EXPWY,FOOTH,,,A,S,28.0,STORY RD,F,,A,8/8/2024 3:49:07 PM,2/10/2025 2:17:24 PM,,,2,,,,,,,
3935159,16-284-0145,2,False,4313,10/9/2016 11:00:00 PM,2300,Y5,1368,4313,San Jose,43,True,True,A,HEAD-ON,,Sunday,,,,,False,False,True,,C,OTHER MOTOR VEHICLE,,2,0,CLEAR,, NO UNUSUAL CONDITIONS - NO UNUSUAL CONDITIONS,, ,D,DARK-NO STREET LIGHTS,,,,,,,A,NO PEDESTRIANS INVOLVED,,A,22350,,1.0,MONTEREY RD,DY,,,A,N,0.5,PALM AV,M,,D,8/8/2024 3:49:06 PM,2/10/2025 2:17:24 PM,,,2,,,,,,,
3935155,16-284-0179,2,False,4313,10/10/2016 7:52:00 AM,752,M4,1368,4313,San Jose,43,True,True,D,BROADSIDE,,Monday,,,,,False,False,True,,C,OTHER MOTOR VEHICLE,,1,0,CLEAR,, NO UNUSUAL CONDITIONS - NO UNUSUAL CONDITIONS,, ,,,,,,,,,A,NO PEDESTRIANS INVOLVED,,A,21801A,,1.0,JACKSON,FOOTH,,,A,,,KAMMERER,,,D,8/8/2024 3:49:06 PM,2/10/2025 2:17:23 PM,,,2,,,,,,,
3935150,16-281-0750,2,False,4313,10/7/2016 7:00:00 PM,1900,E2,1368,4313,San Jose,43,True,True,C,REAR END,,Friday,,,,,False,False,True,,C,OTHER MOTOR VEHICLE,,4,0,CLEAR,, NO UNUSUAL CONDITIONS - NO UNUSUAL CONDITIONS,, ,C,DARK-STREET LIGHTS,,,,,,,A,NO PEDESTRIANS INVOLVED,,A,23152A,,1.0,EAST ST JOHN ST,CENTR,,,A,,,NORTH 2ND ST,,,A,8/8/2024 3:49:05 PM,2/10/2025 2:17:23 PM,,,2,,,,,,,
3935149,16 285 0291,2,False,4313,10/11/2016 10:20:00 AM,1020,R1,1368,4313,San Jose,43,True,True,G,VEHICLE/PEDESTRAIN,,Tuesday,,,,,False,False,False,,B,PEDESTRIAN,,1,0,CLEAR,, NO UNUSUAL CONDITIONS - NO UNUSUAL CONDITIONS,, ,A,DAYLIGHT,,,,,,,B,CROSSING IN CROSS WALK AT INTERSECTION,,A,21453A,,1.0,ZANKER RD,,,,A,,,BAYPOINTE PL,,,A,8/8/2024 3:49:05 PM,2/10/2025 2:17:23 PM,,,2,,,,,,,
3935144,16 285 0368,2,False,4313,10/11/2016 11:48:00 AM,1148,T2,1368,4313,San Jose,43,True,True,A,HEAD-ON,,Tuesday,,,,,False,False,True,,C,OTHER MOTOR VEHICLE,,1,0,CLEAR,, NO UNUSUAL CONDITIONS - NO UNUSUAL CONDITIONS,, ,A,DAYLIGHT,,,,,,,A,NO PEDESTRIANS INVOLVED,,A,21453A,,1.0,CURTNER AV,SOUTH,,,A,,,NEW JERSEY AV,,,A,8/8/2024 3:49:04 PM,2/10/2025 2:17:23 PM,,,2,,,,,,,
3935135,16-278-0949,2,False,4313,10/4/2016 10:41:00 PM,2241,R4,1368,4313,San Jose,43,True,True,,,,Tuesday,,,,,False,True,True,,C,OTHER MOTOR VEHICLE,,2,0,CLEAR,, NO UNUSUAL CONDITIONS - NO UNUSUAL CONDITIONS,, ,C,DARK-STREET LIGHTS,,,,,,,A,NO PEDESTRIANS INVOLVED,,A,21453A,,1.0,OAKLAND RD,,,,A,,,RT 101,,,A,8/8/2024 3:49:03 PM,2/10/2025 2:17:23 PM,,,2,,,,,,,
3934920,16-207-0447,2,False,4313,7/25/2016 12:25:00 PM,1225,N3,1368,4313,San Jose,43,True,True,C,REAR END,,Monday,,,M,,False,True,False,,C,OTHER MOTOR VEHICLE,,0,0,CLEAR,, NO UNUSUAL CONDITIONS - NO UNUSUAL CONDITIONS,, ,A,DAYLIGHT,,,,,,,A,NO PEDESTRIANS INVOLVED,,A,22350,,1.0,SARATOGA AV,WESTE,,,A,,,RT 280,,,A,8/8/2024 3:48:39 PM,2/10/2025 2:17:13 PM,,,2,,,,,,,
3934914,16-207-0479,2,False,4313,7/25/2016 1:04:00 PM,1304,N2,1368,4313,San Jose,43,True,True,D,BROADSIDE,,Monday,,,,,False,True,False,,C,OTHER MOTOR VEHICLE,,0,0,CLEAR,, NO UNUSUAL CONDITIONS - NO UNUSUAL CONDITIONS,, ,A,DAYLIGHT,,,,,,,A,NO PEDESTRIANS INVOLVED,,A,21453A,,1.0,SARATOGA,SJMUN,,,A,,,RT 280,,,A,8/8/2024 3:48:38 PM,2/10/2025 2:17:13 PM,,,2,,,,,,,
3933956,16-207-0941,2,False,4313,7/25/2016 8:52:00 PM,2052,T3,1368,4313,San Jose,43,True,True,C,REAR END,,Monday,,,,,False,False,False,,C,OTHER MOTOR VEHICLE,,1,0,CLEAR,, ,, ,C,DARK-STREET LIGHTS,,,,,,,A,NO PEDESTRIANS INVOLVED,,A,22453C,,1.0,ALMADEN RD,SOUTH,,,A,N,15.0,CURTNER AV,F,,A,8/8/2024 3:46:40 PM,2/10/2025 2:16:30 PM,,,2,,,,,,,
3933953,16-207-0969,2,False,4313,7/25/2016 9:19:00 PM,2119,T2,1368,4313,San Jose,43,True,True,B,SIDE SWIPE,,Monday,,,,,False,False,True,,C,OTHER MOTOR VEHICLE,,1,0,CLEAR,, NO UNUSUAL CONDITIONS - NO UNUSUAL CONDITIONS,, ,C,DARK-STREET LIGHTS,,,,,,,A,NO PEDESTRIANS INVOLVED,,A,22107,,1.0,LEIGH AV,SOUTH,,,A,N,10.0,ORANGE BLOSSOM,F,,D,8/8/2024 3:46:39 PM,2/10/2025 2:16:30 PM,,,2,,,,,,,
3933949,16-207-0577,2,False,4313,7/25/2016 3:10:00 PM,1510,Y3,1368,4313,San Jose,43,True,True,C,REAR END,,Monday,,,,,False,False,False,,C,OTHER MOTOR VEHICLE,,2,0,CLEAR,, NO UNUSUAL CONDITIONS - NO UNUSUAL CONDITIONS,, ,A,DAYLIGHT,,,,,,,A,NO PEDESTRIANS INVOLVED,,A,22350,,1.0,COTTLE RD,,,,A,N,27.0,LT POLE 19R306,F,,A,8/8/2024 3:46:39 PM,2/10/2025 2:16:30 PM,,,2,,,,,,,
3933946,16-207-0569,2,False,4313,7/25/2016 3:03:00 PM,1503,N1,1368,4313,San Jose,43,True,True,G,VEHICLE/PEDESTRAIN,,Monday,,,,,False,False,False,,B,PEDESTRIAN,,2,0,CLEAR,, NO UNUSUAL CONDITIONS - NO UNUSUAL CONDITIONS,, ,A,DAYLIGHT,,,,,,,E,IN ROAD - INCLUDES SHOULDER,,A,21804A,,1.0,CLARENDON ST,WESTE,,,A,E,300.0,SOUTH DE ANZA BL,F,,D,8/8/2024 3:46:38 PM,2/10/2025 2:16:30 PM,,,2,,,,,,,
3933942,16-210-0940,2,False,4313,7/28/2016 10:58:00 PM,2258,C1,1368,4313,San Jose,43,True,True,D,BROADSIDE,,Thursday,,,,,False,False,True,,C,OTHER MOTOR VEHICLE,,2,0,CLEAR,, NO UNUSUAL CONDITIONS - NO UNUSUAL CONDITIONS,, ,C,DARK-STREET LIGHTS,,,,,,,A,NO PEDESTRIANS INVOLVED,,A,21800A,,1.0,STORY RD,FOOTH,,,A,,,KNOX,,,A,8/8/2024 3:46:38 PM,2/10/2025 2:16:30 PM,,,2,,,,,,,
3933940,16-207-0475,2,False,4313,7/25/2016 1:01:00 PM,1301,A4,1368,4313,San Jose,43,True,True,C,REAR END,,Monday,,,,,False,False,False,,C,OTHER MOTOR VEHICLE,,3,0,CLEAR,, NO UNUSUAL CONDITIONS - NO UNUSUAL CONDITIONS,, ,A,DAYLIGHT,,,,,,,A,NO PEDESTRIANS INVOLVED,,A,22350,,1.0,COLEMAN RD,ADAM,,,A,,,SANTA TERESA BL,,,A,8/8/2024 3:46:38 PM,2/10/2025 2:16:29 PM,,,2,,,,,,,
3933934,16-208-0024,2,False,4313,7/26/2016 12:21:00 AM,21,E4,1368,4313,San Jose,43,True,True,C,REAR END,,Tuesday,,,,,False,False,False,,C,OTHER MOTOR VEHICLE,,1,0,CLEAR,, NO UNUSUAL CONDITIONS - NO UNUSUAL CONDITIONS,, ,C,DARK-STREET LIGHTS,,,,,,,A,NO PEDESTRIANS INVOLVED,,A,22350A,,1.0,SOUTH 2ND ST,CENTR,,,A,,,SAN SALVADOR,,,A,8/8/2024 3:46:37 PM,2/10/2025 2:16:29 PM,,,2,,,,,,,
3933930,16-208-0113,2,False,4313,7/26/2016 2:59:00 AM,259,Y1,1368,4313,San Jose,43,True,True,C,REAR END,,Tuesday,,,,,False,False,True,,E,PARKED MOTOR VEHICLE,,1,0,CLEAR,, NO UNUSUAL CONDITIONS - NO UNUSUAL CONDITIONS,, ,C,DARK-STREET LIGHTS,,,,,,,A,NO PEDESTRIANS INVOLVED,,A,22350,,1.0,BLOSSOM HILL RD,SOUTH,,,A,,,SUNNY OAKS DR,,,D,8/8/2024 3:46:37 PM,2/10/2025 2:16:29 PM,,,2,,,,,,,
3933927,16-208-0599,2,False,4313,7/26/2016 2:30:00 PM,1430,P4,1368,4313,San Jose,43,True,True,D,BROADSIDE,,Tuesday,,,,,False,False,True,,,,,3,0,CLEAR,, HOLES- DEEPRUT* - HOLES- DEEPRUT*,, ,A,DAYLIGHT,,,,,,,A,NO PEDESTRIANS INVOLVED,,A,21453A,,1.0,CAPITOL EXPWY,FOOTH,,,A,,,QUIMBY RD,,,A,8/8/2024 3:46:36 PM,2/10/2025 2:16:27 PM,,,2,,,,,,,
3933920,16-208-0868,2,False,4313,7/26/2016 7:04:00 PM,1904,R1,1368,4313,San Jose,43,True,True,D,BROADSIDE,,Tuesday,,,,,False,False,True,,C,OTHER MOTOR VEHICLE,,1,0,CLEAR,, NO UNUSUAL CONDITIONS - NO UNUSUAL CONDITIONS,, ,A,DAYLIGHT,,,,,,,A,NO PEDESTRIANS INVOLVED,,A,21453A,,1.0,MONTAGUE EXPWY,NORTH,,,A,,,MCCARTHY BL,,,A,8/8/2024 3:46:35 PM,2/10/2025 2:16:23 PM,,,2,,,,,,,