Collision Id,	Report Number,	Report Version,	Is Preliminary,	NCIC Code,Crash Date Time,	Crash Time Description,	Beat,City Id,	City Code,	City Name,County Code,	City Is Active,	City Is Incorporated,	Collision Type Code,Collision Type Description,	Collision Type Other Desc,	Day Of Week,	DispatchNotified,	HasPhotographs,	HitRun,	IsAttachmentsMailed,	IsDeleted,	IsHighwayRelated,	IsTowAway,	JudicialDistrict,	MotorVehicleInvolvedWithCode,	MotorVehicleInvolvedWithDesc,MotorVehicleInvolvedWithOtherDesc,	NumberInjured,	NumberKilled,Weather 1, Weather 2, Road Condition 1, Road Condition 2, Special Condition,LightingCode, LightingDescription,Latitude,Longitude,MilepostDirection,MilepostDistance,MilepostMarker,MilepostUnitOfMeasure,	PedestrianActionCode,PedestrianActionDesc,PreparedDate,	Primary Collision Factor Code,Primary Collision Factor Violation,PrimaryCollisionFactorIsCited,	PrimaryCollisionPartyNumber,	PrimaryRoad,	ReportingDistrict,	ReportingDistrictCode,ReviewedDate,	RoadwaySurfaceCode,SecondaryDirection,	SecondaryDistance,	SecondaryRoad,	SecondaryUnitOfMeasure,	SketchDesc,	TrafficControlDeviceCode,CreatedDate,	ModifiedDate,IsCountyRoad,IsFreeway,CHP555Version,	IsAdditonalObjectStruck,NotificationDate,	NotificationTimeDescription,	HasDigitalMediaFiles,	EvidenceNumber,	IsLocationReferToNarrative,	IsAOIOneSameAsLocation
3999074,2016-163660670,2,False,4313,12/31/2016 8:39:00 PM,2039,R4,1368,4313,San Jose,43,True,True,D,BROADSIDE,,Saturday,,,,,False,False,True,,C,OTHER MOTOR VEHICLE,,2,0,CLOUDY,, NO UNUSUAL CONDITIONS - NO UNUSUAL CONDITIONS,, ,C,DARK-STREET LIGHTS,37.21465,-121.53122,,,,,A,NO PEDESTRIANS INVOLVED,,D,,,,MABURY RD,ROBER,,,A,,,BERRYESSA RD,,,A,8/9/2024 8:32:20 AM,2/10/2025 3:16:15 PM,,,2,,,,,,,
3999071,16-340-0728,2,False,4313,12/5/2016 6:55:00 PM,1855,56,1368,4313,San Jose,43,True,True,E,HIT OBJECT,,Monday,,,,,False,False,True,,I,FIXED OBJECT,,1,0,CLOUDY,, NO UNUSUAL CONDITIONS - NO UNUSUAL CONDITIONS,, ,C,DARK-STREET LIGHTS,,,,,,,A,NO PEDESTRIANS INVOLVED,,A,23152,,1.0,VINE ST,WESTE,,,A,,,ALMADEN EXPWY,,,D,8/9/2024 8:32:20 AM,2/10/2025 3:16:14 PM,,,2,,,,,,,
3999070,16-337-0182,2,False,4313,12/2/2016 7:38:00 AM,738,E2,1368,4313,San Jose,43,True,True,,,,Friday,,,,,False,False,False,,C,OTHER MOTOR VEHICLE,,1,0,CLEAR,, NO UNUSUAL CONDITIONS - NO UNUSUAL CONDITIONS,, ,A,DAYLIGHT,,,,,,,,,,A,22350,,1.0,N 3RD ST,CENTR,,,A,,,ST JAMES ST,,,A,8/9/2024 8:32:20 AM,2/10/2025 3:16:14 PM,,,2,,,,,,,
3999067,16 3370187,2,False,4313,12/2/2016 7:49:00 AM,749,2,1368,4313,San Jose,43,True,True,D,BROADSIDE,,Friday,,,,,False,False,True,,C,OTHER MOTOR VEHICLE,,2,0,CLEAR,, NO UNUSUAL CONDITIONS - NO UNUSUAL CONDITIONS,, ,A,DAYLIGHT,,,,,,,A,NO PEDESTRIANS INVOLVED,,A,21804A,,1.0,COLEMAN AV,FRANK,,,A,,,BROKAW RD,,,D,8/9/2024 8:32:20 AM,2/10/2025 3:16:14 PM,,,2,,,,,,,
3997999,16-364-0586,2,False,4313,12/29/2016 4:58:00 PM,1658,K5,1368,4313,San Jose,43,True,True,,,,Thursday,,,F,,False,False,True,,C,OTHER MOTOR VEHICLE,,1,0,CLEAR,, NO UNUSUAL CONDITIONS - NO UNUSUAL CONDITIONS,, ,A,DAYLIGHT,,,,,,,A,NO PEDESTRIANS INVOLVED,,A,21801A,,1.0,MC LAUGLIN AV,CENTR,,,A,S,158.0,WILLIAM ST,F,,D,8/9/2024 8:31:22 AM,2/10/2025 3:15:01 PM,,,2,,,,,,,
3997926,16-326-0749,2,False,4313,11/21/2016 7:50:00 PM,1950,F1,1368,4313,San Jose,43,True,True,D,BROADSIDE,,Monday,,,,,False,False,True,,C,OTHER MOTOR VEHICLE,,3,0,CLEAR,, NO UNUSUAL CONDITIONS - NO UNUSUAL CONDITIONS,, ,C,DARK-STREET LIGHTS,,,,,,,A,NO PEDESTRIANS INVOLVED,,A,21453A,,1.0,WINCHESTER BL,FRANK,,,A,,,WILLIAMS RD,,,A,8/9/2024 8:31:18 AM,2/10/2025 3:14:56 PM,,,2,,,,,,,
3997921,16-326-0524,2,False,4313,11/21/2016 3:30:00 PM,1530,C5,1368,4313,San Jose,43,True,True,D,BROADSIDE,,Monday,,,,,False,False,False,,C,OTHER MOTOR VEHICLE,,2,0,CLEAR,, NO UNUSUAL CONDITIONS - NO UNUSUAL CONDITIONS,, ,A,DAYLIGHT,,,,,,,A,NO PEDESTRIANS INVOLVED,,D,,,,MURTHA DR,FOOTH,,,A,,,MCGINNESS AV,,,A,8/9/2024 8:31:18 AM,2/10/2025 3:14:55 PM,,,2,,,,,,,
3997916,16-327-0156,2,False,4313,11/22/2016 7:20:00 AM,720,V2,1368,4313,San Jose,43,True,True,A,HEAD-ON,,Tuesday,,,,,False,False,True,,C,OTHER MOTOR VEHICLE,,1,0,CLEAR,, NO UNUSUAL CONDITIONS - NO UNUSUAL CONDITIONS,, ,A,DAYLIGHT,,,,,,,A,NO PEDESTRIANS INVOLVED,,A,22350,,1.0,OAKLAND RD,CENTR,,,A,S,117.0,BOARDWALK WY,F,,A,8/9/2024 8:31:17 AM,2/10/2025 3:14:55 PM,,,2,,,,,,,
3997915,16-327-0243,2,False,4313,11/22/2016 9:30:00 AM,930,R3,1368,4313,San Jose,43,True,True,D,BROADSIDE,,Tuesday,,,,,False,True,False,,G,BICYCLE,,1,0,CLEAR,, NO UNUSUAL CONDITIONS - NO UNUSUAL CONDITIONS,, ,A,DAYLIGHT,,,,,,,C,CROSSING IN CROSS WALK - NOT AT INTERSECTION,,A,21950,,1.0,NORTH 1ST ST,ROBER,,,A,,,RT 880,,,A,8/9/2024 8:31:17 AM,2/10/2025 3:14:55 PM,,,2,,,,,,,
3997914,16-326-0282,2,False,4313,11/21/2016 10:00:00 AM,1000,L4,1368,4313,San Jose,43,True,True,D,BROADSIDE,,Monday,,,,,False,False,False,,G,BICYCLE,,1,0,CLEAR,, NO UNUSUAL CONDITIONS - NO UNUSUAL CONDITIONS,, ,A,DAYLIGHT,,,,,,,A,NO PEDESTRIANS INVOLVED,,D,,,,10TH ST,WESTE,,,A,,,TULLY RD,,,A,8/9/2024 8:31:17 AM,2/10/2025 3:14:55 PM,,,2,,,,,,,
3997912,16-327-0442,2,False,4313,11/22/2016 1:01:00 PM,1301,F1,1368,4313,San Jose,43,True,True,C,REAR END,,Tuesday,,,,,False,False,True,,C,OTHER MOTOR VEHICLE,,2,0,CLEAR,CLOUDY, CONSTRUCTION-REPAIR ZONE - CONSTRUCTION-REPAIR ZONE,, ,A,DAYLIGHT,,,,,,,A,NO PEDESTRIANS INVOLVED,,A,22350,,1.0,SOUTH WINCHESTER BL,WESTE,,,A,S,250.0,OLSEN DR,F,,A,8/9/2024 8:31:17 AM,2/10/2025 3:14:55 PM,,,2,,,,,,,
3997911,16-326-0508,2,False,4313,11/21/2016 3:07:00 PM,1507,TJ,1368,4313,San Jose,43,True,True,C,REAR END,,Monday,,,,,False,True,True,,C,OTHER MOTOR VEHICLE,,1,0,CLEAR,, NO UNUSUAL CONDITIONS - NO UNUSUAL CONDITIONS,, ,A,DAYLIGHT,,,,,,,A,NO PEDESTRIANS INVOLVED,,A,22350,,1.0,CAPITOL EXPWY,SOUTH,,,A,W,28.0,RT 87,F,,A,8/9/2024 8:31:17 AM,2/10/2025 3:14:55 PM,,,2,,,,,,,
3997908,16-324-0060,2,False,4313,11/19/2016 12:40:00 AM,40,T3,1368,4313,San Jose,43,True,True,D,BROADSIDE,,Saturday,,,,,False,False,True,,C,OTHER MOTOR VEHICLE,,1,0,CLEAR,, NO UNUSUAL CONDITIONS - NO UNUSUAL CONDITIONS,, ,C,DARK-STREET LIGHTS,,,,,,,A,NO PEDESTRIANS INVOLVED,,A,21453A,,1.0,ALMADEN EXPWY,SOUTH,,,A,,,ALMADEN RD,,,A,8/9/2024 8:31:17 AM,2/10/2025 3:14:54 PM,,,2,,,,,,,
3997903,16-328-0597,2,False,4313,11/23/2016 4:53:00 PM,1653,E3,1368,4313,San Jose,43,True,True,A,HEAD-ON,,Wednesday,,,,,False,False,False,,B,PEDESTRIAN,,1,0,CLEAR,, NO UNUSUAL CONDITIONS - NO UNUSUAL CONDITIONS,, ,B,DUSK-DAWN,,,,,,,B,CROSSING IN CROSS WALK AT INTERSECTION,,A,21950A,,1.0,SOUTH MARKET ST,CENTR,,,A,,,SOUTHWEST WILLIAM ST,,,A,8/9/2024 8:31:17 AM,2/10/2025 3:14:54 PM,,,2,,,,,,,
3997901,16-329-0345,2,False,4313,11/24/2016 2:00:00 PM,1400,L6,1368,4313,San Jose,43,True,True,E,HIT OBJECT,,Thursday,,,,,False,True,True,,I,FIXED OBJECT,,0,0,CLEAR,, NO UNUSUAL CONDITIONS - NO UNUSUAL CONDITIONS,, ,A,DAYLIGHT,,,,,,,A,NO PEDESTRIANS INVOLVED,,A,22350,,1.0,YERBA BUENA,DL,,,A,,,RT 101,,,A,8/9/2024 8:31:17 AM,2/10/2025 3:14:54 PM,,,2,,,,,,,
3997900,16-329-0272,2,False,4313,11/24/2016 11:40:00 AM,1140,,1368,4313,San Jose,43,True,True,D,BROADSIDE,,Thursday,,,,,False,False,True,,C,OTHER MOTOR VEHICLE,,2,0,CLEAR,, NO UNUSUAL CONDITIONS - NO UNUSUAL CONDITIONS,, ,A,DAYLIGHT,,,,,,,A,NO PEDESTRIANS INVOLVED,,A,21801A,,1.0,MOORPARK AV,WESTE,,,A,W,10.0,MONROE ST,F,,A,8/9/2024 8:31:17 AM,2/10/2025 3:14:54 PM,,,2,,,,,,,
3997898,16-329-0224,2,False,4313,11/24/2016 9:57:00 AM,957,F4,1368,4313,San Jose,43,True,True,G,VEHICLE/PEDESTRAIN,,Thursday,,,,,False,False,False,,B,PEDESTRIAN,,1,0,CLEAR,, NO UNUSUAL CONDITIONS - NO UNUSUAL CONDITIONS,, ,A,DAYLIGHT,,,,,,,B,CROSSING IN CROSS WALK AT INTERSECTION,,A,22350,,1.0,STOCKTON AV,WESTE,,,A,,,CLINTON PL,,,A,8/9/2024 8:31:17 AM,2/10/2025 3:14:54 PM,,,2,,,,,,,
3997894,16-329-0489,2,False,4313,11/24/2016 6:40:00 PM,1840,X4,1368,4313,San Jose,43,True,True,D,BROADSIDE,,Thursday,,,,,False,False,False,,G,BICYCLE,,1,0,CLEAR,, NO UNUSUAL CONDITIONS - NO UNUSUAL CONDITIONS,, ,C,DARK-STREET LIGHTS,,,,,,,,,,A,22453,,1.0,SNELL AV,SOUTH,,,A,,,GIUFFRIDA AV,,,A,8/9/2024 8:31:16 AM,2/10/2025 3:14:53 PM,,,2,,,,,,,
3997889,16-329-0563,2,False,4313,11/24/2016 8:38:00 PM,2038,A5,1368,4313,San Jose,43,True,True,H,OTHER,,Thursday,,,,,False,False,True,,J,OTHER OBJECT,,1,0,CLEAR,, NO UNUSUAL CONDITIONS - NO UNUSUAL CONDITIONS,, ,C,DARK-STREET LIGHTS,,,,,,,A,NO PEDESTRIANS INVOLVED,,A,22350,,1.0,ALMADEN EXPWY,SOUTH,,,A,S,35.0,HARRY RD,F,,A,8/9/2024 8:31:16 AM,2/10/2025 3:14:53 PM,,,2,,,,,,,
3997886,16-329-0568,2,False,4313,11/24/2016 8:42:00 PM,2042,P5,1368,4313,San Jose,43,True,True,C,REAR END,,Thursday,,,,,False,False,True,,C,OTHER MOTOR VEHICLE,,2,0,CLEAR,, NO UNUSUAL CONDITIONS - NO UNUSUAL CONDITIONS,, ,C,DARK-STREET LIGHTS,,,,,,,A,NO PEDESTRIANS INVOLVED,,A,22350A,,1.0,SAN FELIPE RD,FOOTH,,,A,S,60.0,DELTA RD,F,,A,8/9/2024 8:31:16 AM,2/10/2025 3:14:53 PM,,,2,,,,,,,
3997884,16-324-0644,2,False,4313,11/19/2016 5:51:00 PM,1751,Y5,1368,4313,San Jose,43,True,True,C,REAR END,,Saturday,,,,,False,False,True,,C,OTHER MOTOR VEHICLE,,1,0,RAINING,WIND, ,, ,C,DARK-STREET LIGHTS,,,,,,,A,NO PEDESTRIANS INVOLVED,,A,21703,,1.0,MONTEREY RD,SOUTH,,,B,,,BLOSSOM HILL RD,,,D,8/9/2024 8:31:16 AM,2/10/2025 3:14:53 PM,,,2,,,,,,,
3997872,19-325-0819,2,False,4313,11/20/2016 11:22:00 PM,2322,F5,1368,4313,San Jose,43,True,True,D,BROADSIDE,,Sunday,,,,,False,True,True,,C,OTHER MOTOR VEHICLE,,1,0,CLOUDY,, NO UNUSUAL CONDITIONS - NO UNUSUAL CONDITIONS,, ,C,DARK-STREET LIGHTS,,,,,,,A,NO PEDESTRIANS INVOLVED,,A,22350,,1.0,BIRD AV,FRANK,,,B,,,RT 280,,,A,8/9/2024 8:31:15 AM,2/10/2025 3:14:52 PM,,,2,,,,,,,
3997866,16-327-0496,2,False,4313,11/22/2016 2:13:00 PM,1413,C5,1368,4313,San Jose,43,True,True,C,REAR END,,Tuesday,,,,,False,False,False,,C,OTHER MOTOR VEHICLE,,1,0,CLEAR,, NO UNUSUAL CONDITIONS - NO UNUSUAL CONDITIONS,, ,A,DAYLIGHT,,,,,,,A,NO PEDESTRIANS INVOLVED,,A,22350,,1.0,CAPITOL EXPWY,FOOTH,,,A,,,STORY RD,,,D,8/9/2024 8:31:15 AM,2/10/2025 3:14:51 PM,,,2,,,,,,,
3997865,16-328-0450,2,False,4313,11/23/2016 1:35:00 PM,1335,F2,1368,4313,San Jose,43,True,True,D,BROADSIDE,,Wednesday,,,,,False,False,True,,C,OTHER MOTOR VEHICLE,,2,0,CLEAR,, NO UNUSUAL CONDITIONS - NO UNUSUAL CONDITIONS,, ,A,DAYLIGHT,,,,,,,A,NO PEDESTRIANS INVOLVED,,A,21453A,,1.0,MONROE ST,WESTE,,,A,S,40.0,STEVENS CREEK BL,F,,A,8/9/2024 8:31:15 AM,2/10/2025 3:14:52 PM,,,2,,,,,,,
3997864,16-327-0517,2,False,4313,11/2/2016 2:45:00 PM,1445,L6,1368,4313,San Jose,43,True,True,B,SIDE SWIPE,,Wednesday,,,,,False,False,True,,,,,1,0,CLOUDY,, NO UNUSUAL CONDITIONS - NO UNUSUAL CONDITIONS,, ,A,DAYLIGHT,,,,,,,A,NO PEDESTRIANS INVOLVED,,A,22107,,1.0,CAPITOL EXPWY,WESTE,,,A,E,54.0,LIGHT POLE 140254,F,,A,8/9/2024 8:31:15 AM,2/10/2025 3:14:51 PM,,,2,,,,,,,
3997862,16-327-0696,2,False,4313,11/22/2016 6:17:00 PM,1817,Y3,1368,4313,San Jose,43,True,True,D,BROADSIDE,,Tuesday,,,,,False,True,True,,C,OTHER MOTOR VEHICLE,,5,0,CLEAR,, NO UNUSUAL CONDITIONS - NO UNUSUAL CONDITIONS,, ,C,DARK-STREET LIGHTS,,,,,,,A,NO PEDESTRIANS INVOLVED,,A,21453,,1.0,COTTLE RD,SOUTH,,,,,,RT 85,,,A,8/9/2024 8:31:15 AM,2/10/2025 3:14:51 PM,,,2,,,,,,,
3997860,16-324-0270,2,False,4313,11/19/2016 8:22:00 AM,822,P6,1368,4313,San Jose,43,True,True,H,OTHER,,Saturday,,,,,False,False,False,,G,BICYCLE,,1,0,CLEAR,, NO UNUSUAL CONDITIONS - NO UNUSUAL CONDITIONS,, ,A,DAYLIGHT,,,,,,,A,NO PEDESTRIANS INVOLVED,,A,22350,,1.0,SAN FELIPE RD,FOOTH,,,A,,,SCENIC MEADOW LN,,,D,8/9/2024 8:31:14 AM,2/10/2025 3:14:51 PM,,,2,,,,,,,
3997858,16-328-0447,2,False,4313,11/23/2016 1:30:00 PM,1330,V4,1368,4313,San Jose,43,True,True,C,REAR END,,Wednesday,,,,,False,False,False,,C,OTHER MOTOR VEHICLE,,2,0,CLEAR,, NO UNUSUAL CONDITIONS - NO UNUSUAL CONDITIONS,, ,A,DAYLIGHT,,,,,,,A,NO PEDESTRIANS INVOLVED,,A,22350,,1.0,EAST JULIAN ST,CENTR,,,A,W,58.0,NORTH 21ST ST,F,,A,8/9/2024 8:31:14 AM,2/10/2025 3:14:51 PM,,,2,,,,,,,
3997857,16-329-0105,2,False,4313,11/24/2016 4:28:00 AM,428,DN,1368,4313,San Jose,43,True,True,B,SIDE SWIPE,,Thursday,,,,,False,False,True,,E,PARKED MOTOR VEHICLE,,1,0,CLEAR,, NO UNUSUAL CONDITIONS - NO UNUSUAL CONDITIONS,, ,C,DARK-STREET LIGHTS,,,,,,,A,NO PEDESTRIANS INVOLVED,,A,12500,,1.0,BOYNTON AV,WESTE,,,A,,,UNDERWOOD DR,,,D,8/9/2024 8:31:14 AM,2/10/2025 3:14:51 PM,,,2,,,,,,,
3997855,16-324-0560,2,False,4313,11/19/2016 3:45:00 PM,1545,P6,1368,4313,San Jose,43,True,True,E,HIT OBJECT,,Saturday,,,,,False,False,False,,I,FIXED OBJECT,,1,0,RAINING,, NO UNUSUAL CONDITIONS - NO UNUSUAL CONDITIONS,, ,A,DAYLIGHT,,,,,,,,,,A,22350,,1.0,LA SEYNE PL,EAST,,,B,W,87.0,MORNINGSIDE DR,F,,D,8/9/2024 8:31:14 AM,2/10/2025 3:14:51 PM,,,2,,,,,,,
3997853,16-330-0262,2,False,4313,11/25/2016 10:23:00 AM,1023,L1,1368,4313,San Jose,43,True,True,C,REAR END,,Friday,,,,,False,False,True,,C,OTHER MOTOR VEHICLE,,1,0,CLEAR,, NO UNUSUAL CONDITIONS - NO UNUSUAL CONDITIONS,, ,A,DAYLIGHT,,,,,,,A,NO PEDESTRIANS INVOLVED,,A,22350,,1.0,SOUTH 10TH ST,WESTE,,,A,S,20.0,LIGHT POLE #13N181,F,,D,8/9/2024 8:31:14 AM,2/10/2025 3:14:51 PM,,,2,,,,,,,
3997662,16-366-0124,2,False,4313,12/31/2016 3:10:00 AM,310,V1,1368,4313,San Jose,43,True,True,A,HEAD-ON,,Saturday,,,,,False,True,True,,I,FIXED OBJECT,,2,0,CLEAR,, NO UNUSUAL CONDITIONS - NO UNUSUAL CONDITIONS,, ,C,DARK-STREET LIGHTS,,,,,,,A,NO PEDESTRIANS INVOLVED,,A,23153,,1.0,TAYLOR ST,VICTO,,,A,,,RT 87,,,A,8/9/2024 8:31:04 AM,2/10/2025 3:14:38 PM,,,2,,,,,,,
3997645,16-363-0550,2,False,4313,12/28/2016 3:46:00 PM,1546,T3,1368,4313,San Jose,43,True,True,G,VEHICLE/PEDESTRAIN,,Wednesday,,,,,False,False,False,,B,PEDESTRIAN,,1,0,CLEAR,, NO UNUSUAL CONDITIONS - NO UNUSUAL CONDITIONS,, ,A,DAYLIGHT,,,,,,,B,CROSSING IN CROSS WALK AT INTERSECTION,,A,21950A,,1.0,KOCH LN,,,,,,,RICHLAND AV,,,D,8/9/2024 8:31:03 AM,2/10/2025 3:14:37 PM,,,2,,,,,,,
3997641,16-362-0291,2,False,4313,12/27/2016 10:56:00 AM,1056,R2,1368,4313,San Jose,43,True,True,D,BROADSIDE,,Tuesday,,,,,False,False,False,,G,BICYCLE,,1,0,CLEAR,, NO UNUSUAL CONDITIONS - NO UNUSUAL CONDITIONS,, ,A,DAYLIGHT,,,,,,,A,NO PEDESTRIANS INVOLVED,,A,21453A,,1.0,N CAPITOL AV,CENTR,,,A,,,TRADE ZONE BL,,,A,8/9/2024 8:31:03 AM,2/10/2025 3:14:37 PM,,,2,,,,,,,
3997637,16-363-0434,2,False,4313,12/28/2016 2:43:00 PM,1443,E4,1368,4313,San Jose,43,True,True,B,SIDE SWIPE,,Wednesday,,,,,False,False,False,,D,MOTOR VEHICLE ON OTHER ROADWAY,,0,0,CLEAR,, NO UNUSUAL CONDITIONS - NO UNUSUAL CONDITIONS,, ,A,DAYLIGHT,,,,,,,A,NO PEDESTRIANS INVOLVED,,A,,,,S 3RD ST,CENTR,,,A,,,SAN CARLOS ST,,,A,8/9/2024 8:31:03 AM,2/10/2025 3:14:36 PM,,,2,,,,,,,
3997635,16-364-0469,2,False,4313,12/29/2016 2:37:00 PM,1437,S4,1368,4313,San Jose,43,True,True,A,HEAD-ON,,Thursday,,,,,False,False,True,,C,OTHER MOTOR VEHICLE,,1,0,CLEAR,, NO UNUSUAL CONDITIONS - NO UNUSUAL CONDITIONS,, ,A,DAYLIGHT,,,,,,,A,NO PEDESTRIANS INVOLVED,,A,21453A,,1.0,LELONG ST,WESTE,,,A,S,27.0,ALMA AV,F,,A,8/9/2024 8:31:03 AM,2/10/2025 3:14:36 PM,,,2,,,,,,,
3997630,16-358-0193,2,False,4313,12/23/2016 8:17:00 AM,817,M5,1368,4313,San Jose,43,True,True,C,REAR END,,Friday,,,,,False,False,False,,C,OTHER MOTOR VEHICLE,,1,0,CLEAR,, NO UNUSUAL CONDITIONS - NO UNUSUAL CONDITIONS,, ,A,DAYLIGHT,,,,,,,A,NO PEDESTRIANS INVOLVED,,A,21801A,,1.0,STORY RD,FOOTH,,,A,,,GRIFFITH ST,,,A,8/9/2024 8:31:02 AM,2/10/2025 3:14:36 PM,,,2,,,,,,,
3997625,16-364-0855,2,False,4313,12/29/2016 10:29:00 PM,2229,P3,1368,4313,San Jose,43,True,True,B,SIDE SWIPE,,Thursday,,,F,,False,False,True,,C,OTHER MOTOR VEHICLE,,1,0,CLEAR,, NO UNUSUAL CONDITIONS - NO UNUSUAL CONDITIONS,, ,C,DARK-STREET LIGHTS,,,,,,,A,NO PEDESTRIANS INVOLVED,,A,21461A,,1.0,CAPITOL EXPWY,2,,,A,,,NIEMAN BL,,,A,8/9/2024 8:31:02 AM,2/10/2025 3:14:36 PM,,,2,,,,,,,
3997622,16-365-0592,2,False,4313,12/30/2016 4:31:00 PM,1631,1,1368,4313,San Jose,43,True,True,A,HEAD-ON,,Friday,,,,,False,False,True,,C,OTHER MOTOR VEHICLE,,2,0,CLEAR,, NO UNUSUAL CONDITIONS - NO UNUSUAL CONDITIONS,, ,A,DAYLIGHT,,,,,,,A,NO PEDESTRIANS INVOLVED,,A,21801A,,1.0,E MISSION ST,VICTO,,,A,,,N 1ST ST,,,A,8/9/2024 8:31:02 AM,2/10/2025 3:14:35 PM,,,2,,,,,,,
3997619,16-363-0668,2,False,4313,12/28/2016 5:46:00 PM,1746,N5,1368,4313,San Jose,43,True,True,C,REAR END,,Wednesday,,,,,False,False,False,,G,BICYCLE,,1,0,CLOUDY,, NO UNUSUAL CONDITIONS - NO UNUSUAL CONDITIONS,, ,A,DAYLIGHT,,,,,,,D,CROSSING - NOT IN CROSSWALK,,A,22350,,1.0,SARATOGA AV,WEST,,,A,,,COLOMBO DR,,,A,8/9/2024 8:31:01 AM,2/10/2025 3:14:35 PM,,,2,,,,,,,
3995127,16-363-0754,2,False,4313,12/28/2016 7:19:00 PM,1919,C6,1368,4313,San Jose,43,True,True,C,REAR END,,Wednesday,,,,,False,False,False,,J,OTHER OBJECT,,1,0,CLEAR,, NO UNUSUAL CONDITIONS - NO UNUSUAL CONDITIONS,, ,C,DARK-STREET LIGHTS,,,,,,,A,NO PEDESTRIANS INVOLVED,,A,22107,,1.0,MT PLEASANT RD,CHARL,,,A,,,MARTIN AV,,,A,8/9/2024 8:28:44 AM,2/10/2025 3:11:49 PM,,,2,,,,,,,
3994936,16-322-0183,2,False,4313,11/17/2016 7:45:00 AM,745,L6,1368,4313,San Jose,43,True,True,D,BROADSIDE,,Thursday,,,,,False,False,True,,C,OTHER MOTOR VEHICLE,,1,0,CLEAR,, NO UNUSUAL CONDITIONS - NO UNUSUAL CONDITIONS,, ,B,DUSK-DAWN,,,,,,,B,CROSSING IN CROSS WALK AT INTERSECTION,,A,21453C,,1.0,MCLAUGHLIN AV,CENTR,,,B,,,SHADOW FAX DR,,,A,8/9/2024 8:28:34 AM,2/10/2025 3:11:37 PM,,,2,,,,,,,
3994924,16.322.0830,2,False,4313,11/17/2016 7:58:00 PM,1958,2,1368,4313,San Jose,43,True,True,G,VEHICLE/PEDESTRAIN,,Thursday,,,,,False,False,False,,B,PEDESTRIAN,,1,0,CLEAR,, NO UNUSUAL CONDITIONS - NO UNUSUAL CONDITIONS,, ,C,DARK-STREET LIGHTS,,,,,,,B,CROSSING IN CROSS WALK AT INTERSECTION,,A,21950A,,1.0,HAVANA DR,C,,,A,,,PANAMA AV,,,D,8/9/2024 8:28:34 AM,2/10/2025 3:11:36 PM,,,2,,,,,,,
3994920,16-322-0164,2,False,4313,11/17/2016 7:24:00 AM,724,A3,1368,4313,San Jose,43,True,True,G,VEHICLE/PEDESTRAIN,,Thursday,,,,,False,False,False,,B,PEDESTRIAN,,1,0,CLEAR,, NO UNUSUAL CONDITIONS - NO UNUSUAL CONDITIONS,, ,A,DAYLIGHT,,,,,,,B,CROSSING IN CROSS WALK AT INTERSECTION,,A,21950A,,1.0,ALMADEN EXPWY,SOUTH,,,A,N,15.0,BLOSSOM HILL RD,F,,A,8/9/2024 8:28:33 AM,2/10/2025 3:11:36 PM,,,2,,,,,,,
3994910,16-322-0245,2,False,4313,4/17/2016 9:00:00 AM,900,X4,1368,4313,San Jose,43,True,True,D,BROADSIDE,,Sunday,,,,,False,False,True,,C,OTHER MOTOR VEHICLE,,1,0,CLEAR,, NO UNUSUAL CONDITIONS - NO UNUSUAL CONDITIONS,, ,A,DAYLIGHT,,,,,,,A,NO PEDESTRIANS INVOLVED,,A,22107,,1.0,CHYNOWETH AV,PX,,,A,E,45.0,SHENADO PL,F,,,8/9/2024 8:28:33 AM,2/10/2025 3:11:35 PM,,,2,,,,,,,
3994907,16-322-0610,2,False,4313,11/17/2016 3:37:00 PM,1537,C3,1368,4313,San Jose,43,True,True,D,BROADSIDE,,Thursday,,,,,False,False,True,,C,OTHER MOTOR VEHICLE,,1,0,CLEAR,, NO UNUSUAL CONDITIONS - NO UNUSUAL CONDITIONS,, ,A,DAYLIGHT,,,,,,,A,NO PEDESTRIANS INVOLVED,,A,21801A,,1.0,STORY RD,FOOTH,,,A,E,6.0,KARL ST,F,,A,8/9/2024 8:28:33 AM,2/10/2025 3:11:35 PM,,,2,,,,,,,
3994903,16-323-0200,2,False,4313,11/18/2016 8:01:00 AM,801,S5,1368,4313,San Jose,43,True,True,G,VEHICLE/PEDESTRAIN,,Friday,,,,,False,False,False,,B,PEDESTRIAN,,1,0,CLEAR,, NO UNUSUAL CONDITIONS - NO UNUSUAL CONDITIONS,, ,A,DAYLIGHT,,,,,,,B,CROSSING IN CROSS WALK AT INTERSECTION,,A,22107,,1.0,LOCUST ST,WESTE,,,A,,,W VIRGINIA,,,D,8/9/2024 8:28:33 AM,2/10/2025 3:11:35 PM,,,2,,,,,,,
3994900,16-323-0018,2,False,4313,11/18/2016 12:40:00 AM,40,L4,1368,4313,San Jose,43,True,True,D,BROADSIDE,,Friday,,,,,False,False,False,,G,BICYCLE,,1,0,CLEAR,, NO UNUSUAL CONDITIONS - NO UNUSUAL CONDITIONS,, ,C,DARK-STREET LIGHTS,,,,,,,A,NO PEDESTRIANS INVOLVED,,A,21201D,,1.0,TULLY RD,WESTE,,,A,,,CORDE TERRA CIR,,,D,8/9/2024 8:28:32 AM,2/10/2025 3:11:34 PM,,,2,,,,,,,
3994894,16.323.0110,2,False,4313,11/18/2016 3:47:00 AM,347,1,1368,4313,San Jose,43,True,True,E,HIT OBJECT,,Friday,,,,,False,False,True,,I,FIXED OBJECT,,1,0,CLEAR,, ,, ,C,DARK-STREET LIGHTS,,,,,,,,,,A,22350,,1.0,MONTEREY HWY,XRAY,,,,N,1000.0,SKYWAY,F,,,8/9/2024 8:28:32 AM,2/10/2025 3:11:34 PM,,,2,,,,,,,
3994889,16.323.0642,2,False,4313,11/18/2016 5:53:00 PM,1753,X1,1368,4313,San Jose,43,True,True,,,,Friday,,,,,False,False,True,,C,OTHER MOTOR VEHICLE,,1,0,CLOUDY,, NO UNUSUAL CONDITIONS - NO UNUSUAL CONDITIONS,, ,C,DARK-STREET LIGHTS,,,,,,,A,NO PEDESTRIANS INVOLVED,,A,22350,,1.0,W CAPITOL EX,SOUTH,,,A,,,BLUEFIELD DR,,,A,8/9/2024 8:28:32 AM,2/10/2025 3:11:34 PM,,,2,,,,,,,
3994887,16 323 0239,2,False,4313,11/18/2016 9:01:00 AM,901,V1,1368,4313,San Jose,43,True,True,D,BROADSIDE,,Friday,,,,,False,False,True,,C,OTHER MOTOR VEHICLE,,1,0,CLEAR,, NO UNUSUAL CONDITIONS - NO UNUSUAL CONDITIONS,, ,A,DAYLIGHT,,,,,,,A,NO PEDESTRIANS INVOLVED,,A,22107,,1.0,W HEDDING ST,CENTR,,,A,,,CHESTNUT ST,,,D,8/9/2024 8:28:32 AM,2/10/2025 3:11:34 PM,,,2,,,,,,,