Collision Id,	Report Number,	Report Version,	Is Preliminary,	NCIC Code,Crash Date Time,	Crash Time Description,	Beat,City Id,	City Code,	City Name,County Code,	City Is Active,	City Is Incorporated,	Collision Type Code,Collision Type Description,	Collision Type Other Desc,	Day Of Week,	DispatchNotified,	HasPhotographs,	HitRun,	IsAttachmentsMailed,	IsDeleted,	IsHighwayRelated,	IsTowAway,	JudicialDistrict,	MotorVehicleInvolvedWithCode,	MotorVehicleInvolvedWithDesc,MotorVehicleInvolvedWithOtherDesc,	NumberInjured,	NumberKilled,Weather 1, Weather 2, Road Condition 1, Road Condition 2, Special Condition,LightingCode, LightingDescription,Latitude,Longitude,MilepostDirection,MilepostDistance,MilepostMarker,MilepostUnitOfMeasure,	PedestrianActionCode,PedestrianActionDesc,PreparedDate,	Primary Collision Factor Code,Primary Collision Factor Violation,PrimaryCollisionFactorIsCited,	PrimaryCollisionPartyNumber,	PrimaryRoad,	ReportingDistrict,	ReportingDistrictCode,ReviewedDate,	RoadwaySurfaceCode,SecondaryDirection,	SecondaryDistance,	SecondaryRoad,	SecondaryUnitOfMeasure,	SketchDesc,	TrafficControlDeviceCode,CreatedDate,	ModifiedDate,IsCountyRoad,IsFreeway,CHP555Version,	IsAdditonalObjectStruck,NotificationDate,	NotificationTimeDescription,	HasDigitalMediaFiles,	EvidenceNumber,	IsLocationReferToNarrative,	IsAOIOneSameAsLocation
4016366,16-335-0680,2,False,4313,11/30/2016 5:52:00 PM,1752,N2,1368,4313,San Jose,43,True,True,D,BROADSIDE,,Wednesday,,,,,False,False,True,,C,OTHER MOTOR VEHICLE,,2,0,CLEAR,, NO UNUSUAL CONDITIONS - NO UNUSUAL CONDITIONS,, ,C,DARK-STREET LIGHTS,,,,,,,A,NO PEDESTRIANS INVOLVED,,A,21804A,,1.0,KIELY BL,,,,B,,,STEVENS CREEK BL,,,D,8/9/2024 8:52:02 AM,2/10/2025 4:54:35 PM,,,2,,,,,,,
4016364,16-318-0394,2,False,4313,11/13/2016 11:58:00 AM,1158,P5,1368,4313,San Jose,43,True,True,E,HIT OBJECT,,Sunday,,,,,False,False,True,,I,FIXED OBJECT,,1,0,CLEAR,, NO UNUSUAL CONDITIONS - NO UNUSUAL CONDITIONS,, ,A,DAYLIGHT,,,,,,,A,NO PEDESTRIANS INVOLVED,,A,21658A,,1.0,SAN FELIPE RD,,,,A,,,DELTA RD,,,A,8/9/2024 8:52:02 AM,2/10/2025 4:54:35 PM,,,2,,,,,,,
4016280,16-346-0084,2,False,4313,12/11/2016 1:44:00 AM,144,T4,1368,4313,San Jose,43,True,True,E,HIT OBJECT,,Sunday,,,,,False,False,True,,I,FIXED OBJECT,,1,0,CLOUDY,, NO UNUSUAL CONDITIONS - NO UNUSUAL CONDITIONS,, ,C,DARK-STREET LIGHTS,,,,,,,A,NO PEDESTRIANS INVOLVED,,A,22107,,1.0,HILLSDALE AV,SOUTH,,,B,W,30.0,LIGHTPOLE #17K179,F,,D,8/9/2024 8:51:55 AM,2/10/2025 4:54:33 PM,,,2,,,,,,,
4016210,16-318-0253,2,False,4313,11/13/2016 8:17:00 AM,817,T4,1368,4313,San Jose,43,True,True,C,REAR END,,Sunday,,,,,False,False,True,,C,OTHER MOTOR VEHICLE,,1,0,CLEAR,, NO UNUSUAL CONDITIONS - NO UNUSUAL CONDITIONS,, ,A,DAYLIGHT,,,,,,,A,NO PEDESTRIANS INVOLVED,,A,22350,,1.0,MERIDIAN,WESTR,,,A,N,36.0,HALLBROOK AV,F,,D,8/9/2024 8:51:49 AM,2/10/2025 4:54:32 PM,,,2,,,,,,,
4016209,16-318-0645,2,False,4313,11/13/2016 6:44:00 PM,1844,C1,1368,4313,San Jose,43,True,True,D,BROADSIDE,,Sunday,,,,,False,False,True,,C,OTHER MOTOR VEHICLE,,2,0,CLEAR,, NO UNUSUAL CONDITIONS - NO UNUSUAL CONDITIONS,, ,C,DARK-STREET LIGHTS,,,,,,,A,NO PEDESTRIANS INVOLVED,,A,21803B,,1.0,JACKSON AV,FOOTH,,,A,,,CINDERELLA,,,A,8/9/2024 8:51:49 AM,2/10/2025 4:54:32 PM,,,2,,,,,,,
4016199,16-302-0823,2,False,4313,10/28/2016 7:52:00 PM,1952,E3,1368,4313,San Jose,43,True,True,B,SIDE SWIPE,,Friday,,,,,False,False,False,,C,OTHER MOTOR VEHICLE,,1,0,CLOUDY,, NO UNUSUAL CONDITIONS - NO UNUSUAL CONDITIONS,, ,C,DARK-STREET LIGHTS,,,,,,,A,NO PEDESTRIANS INVOLVED,,A,22107,,1.0,S 2ND ST,CENTR,,,A,,,E SAN FERNANDO ST,,,D,8/9/2024 8:51:48 AM,2/10/2025 4:54:31 PM,,,2,,,,,,,
4016177,16-304-0525,2,False,4313,10/30/2016 2:44:00 PM,1444,P1,1368,4313,San Jose,43,True,True,C,REAR END,,Sunday,,,,,False,True,False,,C,OTHER MOTOR VEHICLE,,3,0,CLOUDY,, NO UNUSUAL CONDITIONS - NO UNUSUAL CONDITIONS,, ,A,DAYLIGHT,,,,,,,A,NO PEDESTRIANS INVOLVED,,A,22350,,,TULLY RD,FOOTH,,,A,,,RT 101,,,A,8/9/2024 8:51:47 AM,2/10/2025 4:54:31 PM,,,2,,,,,,,
4015948,16-303-0953,2,False,4313,10/29/2016 10:06:00 PM,2206,5,1368,4313,San Jose,43,True,True,,,,Saturday,,,,,False,False,True,,C,OTHER MOTOR VEHICLE,,1,0,CLEAR,, NO UNUSUAL CONDITIONS - NO UNUSUAL CONDITIONS,, ,C,DARK-STREET LIGHTS,,,,,,,A,NO PEDESTRIANS INVOLVED,,A,21800A,,1.0,CAPITOL EXPWY,CHARL,,,A,S,102.0,STORY RD,F,,A,8/9/2024 8:51:28 AM,2/10/2025 4:54:27 PM,,,2,,,,,,,
4015946,16-32-0559,2,False,4313,10/28/2016 3:17:00 PM,1517,F4,1368,4313,San Jose,43,True,True,,,,Friday,,,,,False,False,False,,G,BICYCLE,,1,0,CLEAR,, NO UNUSUAL CONDITIONS - NO UNUSUAL CONDITIONS,, ,A,DAYLIGHT,,,,,,,A,NO PEDESTRIANS INVOLVED,,D,,,,W JULIAN ST,WESTE,,,B,,,THE ALAMEDA,,,A,8/9/2024 8:51:28 AM,2/10/2025 4:54:27 PM,,,2,,,,,,,
4015945,16-302-0676,2,False,4313,10/28/2016 5:38:00 PM,1738,L1,1368,4313,San Jose,43,True,True,D,BROADSIDE,,Friday,,,,,False,False,True,,C,OTHER MOTOR VEHICLE,,3,0,CLEAR,, NO UNUSUAL CONDITIONS - NO UNUSUAL CONDITIONS,, ,A,DAYLIGHT,,,,,,,A,NO PEDESTRIANS INVOLVED,,A,21658A,,1.0,S 10TH ST,DL,,,A,W,12.0,ALMA AV,F,,A,8/9/2024 8:51:28 AM,2/10/2025 4:54:27 PM,,,2,,,,,,,
4015943,16-302-0130,2,False,4313,10/28/2016 6:20:00 AM,620,0620,1368,4313,San Jose,43,True,True,G,VEHICLE/PEDESTRAIN,,Friday,,,,,False,False,False,,B,PEDESTRIAN,,1,0,RAINING,, NO UNUSUAL CONDITIONS - NO UNUSUAL CONDITIONS,, ,C,DARK-STREET LIGHTS,,,,,,,,,,A,21950A,,1.0,QUEENS LN,CENTR,,,B,,,ROGERS AV,,,A,8/9/2024 8:51:28 AM,2/10/2025 4:54:27 PM,,,2,,,,,,,
4015942,16-304-0030,2,False,4313,10/30/2016 12:15:00 AM,15,A2,1368,4313,San Jose,43,True,True,D,BROADSIDE,,Sunday,,,,,False,False,True,,C,OTHER MOTOR VEHICLE,,5,0,CLEAR,, NO UNUSUAL CONDITIONS - NO UNUSUAL CONDITIONS,, ,C,DARK-STREET LIGHTS,,,,,,,A,NO PEDESTRIANS INVOLVED,,A,21453A,,1.0,BLOSSOM HILL RD,WESTE,,,A,,,ALMADEN EXPWY,,,A,8/9/2024 8:51:28 AM,2/10/2025 4:54:27 PM,,,2,,,,,,,
4015941,16-302-0090,2,False,4313,10/28/2016 3:34:00 AM,334,C2,1368,4313,San Jose,43,True,True,E,HIT OBJECT,,Friday,,,,,False,False,True,,I,FIXED OBJECT,,1,0,RAINING,, NO UNUSUAL CONDITIONS - NO UNUSUAL CONDITIONS,, ,C,DARK-STREET LIGHTS,,,,,,,A,NO PEDESTRIANS INVOLVED,,A,22350,,1.0,TULLY RD,DC,,,B,,,LANAI AV,,,A,8/9/2024 8:51:28 AM,2/10/2025 4:54:27 PM,,,2,,,,,,,
4015940,16-303-0596,2,False,4313,10/29/2016 4:12:00 PM,1612,R4,1368,4313,San Jose,43,True,True,D,BROADSIDE,,Saturday,,,,,False,False,True,,C,OTHER MOTOR VEHICLE,,1,0,CLEAR,, NO UNUSUAL CONDITIONS - NO UNUSUAL CONDITIONS,, ,A,DAYLIGHT,,,,,,,A,NO PEDESTRIANS INVOLVED,,A,21801A,,1.0,OLD BAYSHORE HWY,,,,A,,,N 10TH ST,,,A,8/9/2024 8:51:28 AM,2/10/2025 4:54:27 PM,,,2,,,,,,,
4015939,16-32-0768,2,False,4313,10/28/2016 6:50:00 PM,1850,A1,1368,4313,San Jose,43,True,True,,,,Friday,,,,,False,False,False,,C,OTHER MOTOR VEHICLE,,1,0,CLOUDY,, NO UNUSUAL CONDITIONS - NO UNUSUAL CONDITIONS,, ,B,DUSK-DAWN,,,,,,,A,NO PEDESTRIANS INVOLVED,,A,22350,,1.0,UNION AV,WEST,,,A,,,LOS GATOS ALMADEN RD,,,A,8/9/2024 8:51:27 AM,2/10/2025 4:54:27 PM,,,2,,,,,,,
4015938,16-303-0114,2,False,4313,10/29/2016 2:05:00 AM,205,F4,1368,4313,San Jose,43,True,True,,,,Saturday,,,,,False,False,True,,E,PARKED MOTOR VEHICLE,,0,0,CLOUDY,, NO UNUSUAL CONDITIONS - NO UNUSUAL CONDITIONS,, ,C,DARK-STREET LIGHTS,,,,,,,A,NO PEDESTRIANS INVOLVED,,A,22350,,1.0,STOCKTON AV,FRANK,,,B,S,250.0,CINNABAR ST,F,,D,8/9/2024 8:51:27 AM,2/10/2025 4:54:27 PM,,,2,,,,,,,
4015937,16-304-0043,2,False,4313,10/30/2016 12:25:00 AM,25,X3,1368,4313,San Jose,43,True,True,B,SIDE SWIPE,,Sunday,,,,,False,False,True,,E,PARKED MOTOR VEHICLE,,2,0,CLEAR,, NO UNUSUAL CONDITIONS - NO UNUSUAL CONDITIONS,, ,C,DARK-STREET LIGHTS,,,,,,,A,NO PEDESTRIANS INVOLVED,,A,22107,,1.0,SERENADE WY,SOUTH,,,A,,,SONATA WY,,,D,8/9/2024 8:51:27 AM,2/10/2025 4:54:27 PM,,,2,,,,,,,
4015936,16-302-0227,2,False,4313,10/28/2016 8:38:00 AM,838,E3,1368,4313,San Jose,43,True,True,C,REAR END,,Friday,,,,,False,False,False,,C,OTHER MOTOR VEHICLE,,1,0,RAINING,, NO UNUSUAL CONDITIONS - NO UNUSUAL CONDITIONS,, ,A,DAYLIGHT,,,,,,,A,NO PEDESTRIANS INVOLVED,,A,22350,,1.0,3RD ST,,,,B,,,SAN FERNANDO,,,A,8/9/2024 8:51:27 AM,2/10/2025 4:54:27 PM,,,2,,,,,,,
4015935,16-302-0592,2,False,4313,10/28/2016 3:52:00 PM,1552,R2,1368,4313,San Jose,43,True,True,D,BROADSIDE,,Friday,,,,,False,False,True,,C,OTHER MOTOR VEHICLE,,1,0,CLEAR,, NO UNUSUAL CONDITIONS - NO UNUSUAL CONDITIONS,, ,A,DAYLIGHT,,,,,,,A,NO PEDESTRIANS INVOLVED,,A,21801A,,1.0,AUTOMATION PKWY,CENTR,,,A,N,300.0,HOSTETTER RD,F,,,8/9/2024 8:51:27 AM,2/10/2025 4:54:27 PM,,,2,,,,,,,
4015934,19-303-0196,2,False,4313,10/29/2016 4:20:00 AM,420,W3,1368,4313,San Jose,43,True,True,A,HEAD-ON,,Saturday,,,,,False,False,True,,I,FIXED OBJECT,,1,0,CLEAR,, NO UNUSUAL CONDITIONS - NO UNUSUAL CONDITIONS,, ,C,DARK-STREET LIGHTS,,,,,,,A,NO PEDESTRIANS INVOLVED,,A,22107,,1.0,TOYON AV,FOOTH,,,A,,,TOYON AV  581,,,D,8/9/2024 8:51:27 AM,2/10/2025 4:54:27 PM,,,2,,,,,,,
4015932,16-302-0701,2,False,4313,10/28/2016 5:47:00 PM,1747,W4,1368,4313,San Jose,43,True,True,A,HEAD-ON,,Friday,,,,,False,False,True,,C,OTHER MOTOR VEHICLE,,1,0,CLOUDY,, NO UNUSUAL CONDITIONS - NO UNUSUAL CONDITIONS,, ,B,DUSK-DAWN,,,,,,,A,NO PEDESTRIANS INVOLVED,,A,21804A,,1.0,MCKEE RD,FOOTH,,,A,,,SORGEPARK PL,,,D,8/9/2024 8:51:27 AM,2/10/2025 4:54:27 PM,,,2,,,,,,,
4015896,16-300-0664,2,False,4313,10/26/2016 4:30:00 PM,1630,F3,1368,4313,San Jose,43,True,True,G,VEHICLE/PEDESTRAIN,,Wednesday,,,,,False,False,False,,B,PEDESTRIAN,,1,0,CLEAR,, NO UNUSUAL CONDITIONS - NO UNUSUAL CONDITIONS,, ,A,DAYLIGHT,,,,,,,B,CROSSING IN CROSS WALK AT INTERSECTION,,A,21453B,,1.0,SOUTHWEST EXPWY,WESTE,,,A,,,FRUITDALE AV,,,A,8/9/2024 8:51:24 AM,2/10/2025 4:54:26 PM,,,2,,,,,,,
4015895,16-300-0773,2,False,4313,10/26/2016 6:46:00 PM,1846,S4,1368,4313,San Jose,43,True,True,D,BROADSIDE,,Wednesday,,,,,False,False,True,,C,OTHER MOTOR VEHICLE,,1,0,CLEAR,, NO UNUSUAL CONDITIONS - NO UNUSUAL CONDITIONS,, ,C,DARK-STREET LIGHTS,,,,,,,A,NO PEDESTRIANS INVOLVED,,A,21750,,1.0,MERIDIAN AV,WESTE,,,A,,,KEESLING AV,,,D,8/9/2024 8:51:24 AM,2/10/2025 4:54:26 PM,,,2,,,,,,,
4015894,16-301-0822,2,False,4313,10/27/2016 8:16:00 PM,2016,T4,1368,4313,San Jose,43,True,True,D,BROADSIDE,,Thursday,,,,,False,True,True,,C,OTHER MOTOR VEHICLE,,1,0,RAINING,, NO UNUSUAL CONDITIONS - NO UNUSUAL CONDITIONS,, ,C,DARK-STREET LIGHTS,,,,,,,A,NO PEDESTRIANS INVOLVED,,A,21453A,,1.0,BRANHAM LN,,,,B,,,RT 85,,,A,8/9/2024 8:51:24 AM,2/10/2025 4:54:26 PM,,,2,,,,,,,
4015891,16-300-0604,2,False,4313,10/26/2016 4:17:00 PM,1617,S2,1368,4313,San Jose,43,True,True,,,,Wednesday,,,,,False,False,False,,B,PEDESTRIAN,,1,0,CLEAR,, NO UNUSUAL CONDITIONS - NO UNUSUAL CONDITIONS,, ,A,DAYLIGHT,,,,,,,D,CROSSING - NOT IN CROSSWALK,,A,21460A,,1.0,ST ELIZABETH,WESTE,,,,,,CURCIA DR,,,A,8/9/2024 8:51:23 AM,2/10/2025 4:54:26 PM,,,2,,,,,,,
4015890,16-301-0862,2,False,4313,10/27/2016 9:30:00 PM,2130,L4,1368,4313,San Jose,43,True,True,,,,Thursday,,,,,False,False,False,,B,PEDESTRIAN,,1,0,RAINING,, NO UNUSUAL CONDITIONS - NO UNUSUAL CONDITIONS,, ,C,DARK-STREET LIGHTS,,,,,,,B,CROSSING IN CROSS WALK AT INTERSECTION,,D,,,,PHELAN AV,,,,B,,,S 10TH ST,,,A,8/9/2024 8:51:23 AM,2/10/2025 4:54:26 PM,,,2,,,,,,,
4015888,16-301-0787,2,False,4313,10/27/2016 7:23:00 PM,1923,E1,1368,4313,San Jose,43,True,True,C,REAR END,,Thursday,,,,,False,False,True,,C,OTHER MOTOR VEHICLE,,1,0,RAINING,, NO UNUSUAL CONDITIONS - NO UNUSUAL CONDITIONS,, ,C,DARK-STREET LIGHTS,,,,,,,A,NO PEDESTRIANS INVOLVED,,A,22107,,1.0,MONTGOMERY ST,CENTR,,,B,W,100.0,AUTUMN ST,F,,D,8/9/2024 8:51:23 AM,2/10/2025 4:54:26 PM,,,2,,,,,,,
4015887,16-297-0102,2,False,4313,10/23/2016 1:34:00 AM,134,E3,1368,4313,San Jose,43,True,True,D,BROADSIDE,,Sunday,,,,,False,False,True,,C,OTHER MOTOR VEHICLE,,2,0,CLEAR,, NO UNUSUAL CONDITIONS - NO UNUSUAL CONDITIONS,, ,C,DARK-STREET LIGHTS,,,,,,,A,NO PEDESTRIANS INVOLVED,,A,21451A,,1.0,SANTA CLARA AV,CENTR,,,A,,,ALMADEN AV,,,A,8/9/2024 8:51:23 AM,2/10/2025 4:54:26 PM,,,2,,,,,,,
4015886,16-296-0827,2,False,4313,10/22/2016 8:29:00 PM,2029,C2,1368,4313,San Jose,43,True,True,D,BROADSIDE,,Saturday,,,,,False,False,True,,E,PARKED MOTOR VEHICLE,,3,0,CLEAR,, NO UNUSUAL CONDITIONS - NO UNUSUAL CONDITIONS,, ,C,DARK-STREET LIGHTS,,,,,,,A,NO PEDESTRIANS INVOLVED,,A,23103,,1.0,FLORIDA,FOOTH,,,A,,,SCOTTY ST,,,A,8/9/2024 8:51:23 AM,2/10/2025 4:54:26 PM,,,2,,,,,,,
4015885,16-283-0976,2,False,4313,10/9/2016 11:01:00 PM,2301,Y5,1368,4313,San Jose,43,True,True,C,REAR END,,Sunday,,,,,False,False,True,,C,OTHER MOTOR VEHICLE,,2,0,CLEAR,, NO UNUSUAL CONDITIONS - NO UNUSUAL CONDITIONS,, ,D,DARK-NO STREET LIGHTS,,,,,,,A,NO PEDESTRIANS INVOLVED,,A,22350,,1.0,MONTEREY RD,DY,,,A,N,0.5,PALM AV,M,,D,8/9/2024 8:51:23 AM,2/10/2025 4:54:26 PM,,,2,,,,,,,
4015884,16-298-0584,2,False,4313,10/24/2016 4:31:00 PM,1631,Y5,1368,4313,San Jose,43,True,True,,,,Monday,,,,,False,False,True,,,,,1,0,CLOUDY,, NO UNUSUAL CONDITIONS - NO UNUSUAL CONDITIONS,, ,A,DAYLIGHT,,,,,,,A,NO PEDESTRIANS INVOLVED,,A,22107,,1.0,BERNAL RD,,,,A,W,240.0,LIGHT POLE #19T35,F,,D,8/9/2024 8:51:23 AM,2/10/2025 4:54:26 PM,,,2,,,,,,,
4015883,16.287.0845,2,False,4313,10/13/2016 7:50:00 PM,1950,C3,1368,4313,San Jose,43,True,True,D,BROADSIDE,,Thursday,,,,,False,False,True,,C,OTHER MOTOR VEHICLE,,5,0,CLEAR,, NO UNUSUAL CONDITIONS - NO UNUSUAL CONDITIONS,, ,C,DARK-STREET LIGHTS,,,,,,,A,NO PEDESTRIANS INVOLVED,,A,21453A,,1.0,TULLY RD,FOOTH,,,,,,HURAN AV,,,A,8/9/2024 8:51:23 AM,2/10/2025 4:54:26 PM,,,2,,,,,,,
4015882,16-299-0502,2,False,4313,10/25/2016 2:13:00 PM,1413,A2,1368,4313,San Jose,43,True,True,E,HIT OBJECT,,Tuesday,,,,,False,False,False,,I,FIXED OBJECT,,1,0,CLEAR,, NO UNUSUAL CONDITIONS - NO UNUSUAL CONDITIONS,, ,A,DAYLIGHT,,,,,,,A,NO PEDESTRIANS INVOLVED,,A,22350,,1.0,STANWOOD DR,SOUTH,,,A,E,44.0,LIGHT POLE 318L48,F,,D,8/9/2024 8:51:22 AM,2/10/2025 4:54:26 PM,,,2,,,,,,,
4015881,16-296-0763,2,False,4313,10/22/2016 7:16:00 PM,1916,T4,1368,4313,San Jose,43,True,True,C,REAR END,,Saturday,,,,,False,False,False,,C,OTHER MOTOR VEHICLE,,1,0,CLEAR,, ,, ,C,DARK-STREET LIGHTS,,,,,,,A,NO PEDESTRIANS INVOLVED,,A,21703,,1.0,HILLSDALE AV,SOUTH,,,A,,,JARVIS AV,,,A,8/9/2024 8:51:22 AM,2/10/2025 4:54:26 PM,,,2,,,,,,,
4015880,16-297-0403,2,False,4313,10/23/2016 12:54:00 PM,1254,V2,1368,4313,San Jose,43,True,True,,,,Sunday,,,,,False,False,False,,C,OTHER MOTOR VEHICLE,,4,0,CLEAR,, NO UNUSUAL CONDITIONS - NO UNUSUAL CONDITIONS,, ,A,DAYLIGHT,,,,,,,A,NO PEDESTRIANS INVOLVED,,A,22350,,1.0,E CAPITOL EXPWY,SOUTH,,,A,,,SENTER RD,,,A,8/9/2024 8:51:22 AM,2/10/2025 4:54:26 PM,,,2,,,,,,,
4015879,16 300 0508,2,False,4313,10/26/2016 2:04:00 PM,1404,L2,1368,4313,San Jose,43,True,True,E,HIT OBJECT,,Wednesday,,,,,False,False,False,,E,PARKED MOTOR VEHICLE,,1,0,CLEAR,, NO UNUSUAL CONDITIONS - NO UNUSUAL CONDITIONS,, ,A,DAYLIGHT,,,,,,,A,NO PEDESTRIANS INVOLVED,,A,,,1.0,OLINDER CT,LINCO,,,A,,,FELIPE AV,,,D,8/9/2024 8:51:22 AM,2/10/2025 4:54:26 PM,,,2,,,,,,,
4015878,16-289-0237,2,False,4313,10/24/2016 8:56:00 AM,856,R3,1368,4313,San Jose,43,True,True,B,SIDE SWIPE,,Monday,,,,,False,False,True,,C,OTHER MOTOR VEHICLE,,1,0,CLEAR,CLOUDY, NO UNUSUAL CONDITIONS - NO UNUSUAL CONDITIONS,, ,A,DAYLIGHT,,,,,,,A,NO PEDESTRIANS INVOLVED,,A,21453A,,1.0,W TRIMBLE RD,ROBER,,,A,W,22.0,SEABOARD AV,F,,A,8/9/2024 8:51:22 AM,2/10/2025 4:54:26 PM,,,2,,,,,,,
4015877,16-300-0179,2,False,4313,10/26/2016 8:10:00 AM,810,Y1,1368,4313,San Jose,43,True,True,D,BROADSIDE,,Wednesday,,,,,False,False,True,,C,OTHER MOTOR VEHICLE,,1,0,CLEAR,, NO UNUSUAL CONDITIONS - NO UNUSUAL CONDITIONS,, ,B,DUSK-DAWN,,,,,,,A,NO PEDESTRIANS INVOLVED,,A,21453A,,1.0,SANTA TERESA BL,DY,,,B,,,ALLEN AV,,,A,8/9/2024 8:51:22 AM,2/10/2025 4:54:26 PM,,,2,,,,,,,
4015874,16-291-0192,2,False,4313,10/17/2016 8:29:00 AM,829,L4,1368,4313,San Jose,43,True,True,,,,Monday,,,,,False,False,True,,C,OTHER MOTOR VEHICLE,,1,0,CLOUDY,, NO UNUSUAL CONDITIONS - NO UNUSUAL CONDITIONS,, ,A,DAYLIGHT,,,,,,,A,NO PEDESTRIANS INVOLVED,,A,21801A,,1.0,MONTEREY,DL,,,A,,,MONTECITO VISTA DR,,,A,8/9/2024 8:51:22 AM,2/10/2025 4:54:26 PM,,,2,,,,,,,
4015872,16-291-0677,2,False,4313,10/17/2016 5:51:00 PM,1751,Y5,1368,4313,San Jose,43,True,True,D,BROADSIDE,,Monday,,,,,False,True,True,,C,OTHER MOTOR VEHICLE,,2,0,CLEAR,, NO UNUSUAL CONDITIONS - NO UNUSUAL CONDITIONS,, ,B,DUSK-DAWN,,,,,,,A,NO PEDESTRIANS INVOLVED,,A,21457A,,1.0,BERNAL RD,SOUTH,,,A,,,RT 101,,,A,8/9/2024 8:51:22 AM,2/10/2025 4:54:26 PM,,,2,,,,,,,
4015870,16-298-0854,2,False,4313,10/24/2016 8:36:00 PM,2036,F5,1368,4313,San Jose,43,True,True,C,REAR END,,Monday,,,,,False,False,False,,C,OTHER MOTOR VEHICLE,,3,0,CLOUDY,, NO UNUSUAL CONDITIONS - NO UNUSUAL CONDITIONS,, ,C,DARK-STREET LIGHTS,,,,,,,A,NO PEDESTRIANS INVOLVED,,A,22350,,1.0,W SAN CARLOS,WESTE,,,A,,,SHASTA AV,,,A,8/9/2024 8:51:21 AM,2/10/2025 4:54:26 PM,,,2,,,,,,,
4015869,16 301 0176,2,False,4313,10/27/2016 7:35:00 AM,735,M2,1368,4313,San Jose,43,True,True,D,BROADSIDE,,Thursday,,,,,False,False,False,,G,BICYCLE,,1,0,RAINING,, NO UNUSUAL CONDITIONS - NO UNUSUAL CONDITIONS,, ,A,DAYLIGHT,,,,,,,A,NO PEDESTRIANS INVOLVED,,A,21950A,,1.0,N JACKSON AV,MARY,,,B,,,LUZ AV,,,D,8/9/2024 8:51:21 AM,2/10/2025 4:54:26 PM,,,2,,,,,,,
4015868,16 300 0831,2,False,4313,10/26/2016 7:39:00 PM,1939,T4,1368,4313,San Jose,43,True,True,G,VEHICLE/PEDESTRAIN,,Wednesday,,,,,False,False,False,,G,BICYCLE,,1,0,CLEAR,, NO UNUSUAL CONDITIONS - NO UNUSUAL CONDITIONS,, ,C,DARK-STREET LIGHTS,,,,,,,B,CROSSING IN CROSS WALK AT INTERSECTION,,B,,,2.0,ALMADEN EXPWY,SOUTH,,,A,,,BRANHAM LN,,,A,8/9/2024 8:51:21 AM,2/10/2025 4:54:26 PM,,,2,,,,,,,
4015867,16-298-0756,2,False,4313,10/24/2016 6:57:00 PM,1857,41,1368,4313,San Jose,43,True,True,,,,Monday,,,,,False,False,True,,C,OTHER MOTOR VEHICLE,,2,0,CLEAR,, NO UNUSUAL CONDITIONS - NO UNUSUAL CONDITIONS,, ,C,DARK-STREET LIGHTS,,,,,,,A,NO PEDESTRIANS INVOLVED,,A,22450A,,1.0,MARTHA DR,CENTR,,,A,,,S 2ND ST,,,D,8/9/2024 8:51:21 AM,2/10/2025 4:54:26 PM,,,2,,,,,,,
4015866,162980356,2,False,4313,10/24/2016 11:42:00 AM,1142,R2,1368,4313,San Jose,43,True,True,,,,Monday,,,,,False,False,True,,C,OTHER MOTOR VEHICLE,,1,0,CLEAR,, NO UNUSUAL CONDITIONS - NO UNUSUAL CONDITIONS,, ,A,DAYLIGHT,,,,,,,A,NO PEDESTRIANS INVOLVED,,A,22350,,1.0,RINGWOOD AV,CENTR,,,A,,,FORTUNE DR,,,A,8/9/2024 8:51:21 AM,2/10/2025 4:54:26 PM,,,2,,,,,,,
4015865,16-298-0166,2,False,4313,10/24/2016 7:13:00 AM,713,W2,1368,4313,San Jose,43,True,True,C,REAR END,,Monday,,,,,False,False,False,,,,,2,0,CLEAR,CLOUDY, NO UNUSUAL CONDITIONS - NO UNUSUAL CONDITIONS,, ,A,DAYLIGHT,,,,,,,A,NO PEDESTRIANS INVOLVED,,A,22350,,1.0,PIEDMONT RD,FOOTH,,,A,,,ROCKPORT AV,,,D,8/9/2024 8:51:21 AM,2/10/2025 4:54:26 PM,,,2,,,,,,,
4015861,16 298 0135,2,False,4313,10/24/2016 5:41:00 AM,541,M1,1368,4313,San Jose,43,True,True,D,BROADSIDE,,Monday,,,,,False,False,True,,C,OTHER MOTOR VEHICLE,,3,0,CLEAR,, NO UNUSUAL CONDITIONS - NO UNUSUAL CONDITIONS,, ,C,DARK-STREET LIGHTS,,,,,,,A,NO PEDESTRIANS INVOLVED,,A,21453A,,1.0,MCKEE RD,FOOTH,,,A,,,N JACKSON AV,,,A,8/9/2024 8:51:21 AM,2/10/2025 4:54:26 PM,,,2,,,,,,,
4015837,16-288-0185,2,False,4313,10/14/2016 8:25:00 AM,825,M5,1368,4313,San Jose,43,True,True,G,VEHICLE/PEDESTRAIN,,Friday,,,,,False,False,False,,B,PEDESTRIAN,,1,0,CLEAR,, NO UNUSUAL CONDITIONS - NO UNUSUAL CONDITIONS,, ,A,DAYLIGHT,,,,,,,,,,A,22107,,1.0,STORY RD,DM,,,A,,,STONEHEDGE WY,,,A,8/9/2024 8:51:19 AM,2/10/2025 4:54:25 PM,,,2,,,,,,,
4015835,16-288-0158,2,False,4313,10/14/2016 7:27:00 AM,727,T5,1368,4313,San Jose,43,True,True,,,,Friday,,,,,False,False,True,,,,,2,0,,, ,, ,,,,,,,,,,,,A,22350,,1.0,ALMADEN EXPWY,TOM,,,,S,63.0,POLE  51226,F,,,8/9/2024 8:51:19 AM,2/10/2025 4:54:25 PM,,,2,,,,,,,
4015834,16-308-0582,2,False,4313,11/3/2016 4:16:00 PM,1616,L1,1368,4313,San Jose,43,True,True,D,BROADSIDE,,Thursday,,,,,False,False,False,,G,BICYCLE,,1,0,CLEAR,, NO UNUSUAL CONDITIONS - NO UNUSUAL CONDITIONS,, ,A,DAYLIGHT,,,,,,,D,CROSSING - NOT IN CROSSWALK,,A,21954A,,1.0,S 7TH ST,DL,,,A,,,KEYES ST,,,A,8/9/2024 8:51:19 AM,2/10/2025 4:54:25 PM,,,2,,,,,,,
4015825,16-289-0691,2,False,4313,10/15/2016 6:22:00 PM,1822,C5,1368,4313,San Jose,43,True,True,D,BROADSIDE,,Saturday,,,,,False,False,True,,C,OTHER MOTOR VEHICLE,,2,0,RAINING,, NO UNUSUAL CONDITIONS - NO UNUSUAL CONDITIONS,, ,B,DUSK-DAWN,,,,,,,A,NO PEDESTRIANS INVOLVED,,A,,,1.0,CUNNINGHAM AV,FOOTH,,,B,,,CUNNINGHAM CT,,,D,8/9/2024 8:51:18 AM,2/10/2025 4:54:25 PM,,,2,,,,,,,