Collision Id,	Report Number,	Report Version,	Is Preliminary,	NCIC Code,Crash Date Time,	Crash Time Description,	Beat,City Id,	City Code,	City Name,County Code,	City Is Active,	City Is Incorporated,	Collision Type Code,Collision Type Description,	Collision Type Other Desc,	Day Of Week,	DispatchNotified,	HasPhotographs,	HitRun,	IsAttachmentsMailed,	IsDeleted,	IsHighwayRelated,	IsTowAway,	JudicialDistrict,	MotorVehicleInvolvedWithCode,	MotorVehicleInvolvedWithDesc,MotorVehicleInvolvedWithOtherDesc,	NumberInjured,	NumberKilled,Weather 1, Weather 2, Road Condition 1, Road Condition 2, Special Condition,LightingCode, LightingDescription,Latitude,Longitude,MilepostDirection,MilepostDistance,MilepostMarker,MilepostUnitOfMeasure,	PedestrianActionCode,PedestrianActionDesc,PreparedDate,	Primary Collision Factor Code,Primary Collision Factor Violation,PrimaryCollisionFactorIsCited,	PrimaryCollisionPartyNumber,	PrimaryRoad,	ReportingDistrict,	ReportingDistrictCode,ReviewedDate,	RoadwaySurfaceCode,SecondaryDirection,	SecondaryDistance,	SecondaryRoad,	SecondaryUnitOfMeasure,	SketchDesc,	TrafficControlDeviceCode,CreatedDate,	ModifiedDate,IsCountyRoad,IsFreeway,CHP555Version,	IsAdditonalObjectStruck,NotificationDate,	NotificationTimeDescription,	HasDigitalMediaFiles,	EvidenceNumber,	IsLocationReferToNarrative,	IsAOIOneSameAsLocation
4015721,16-288-0802,2,False,4313,10/14/2016 8:46:00 PM,2046,A3,1368,4313,San Jose,43,True,True,C,REAR END,,Friday,,,,,False,False,False,,C,OTHER MOTOR VEHICLE,,1,0,CLOUDY,, NO UNUSUAL CONDITIONS - NO UNUSUAL CONDITIONS,, ,C,DARK-STREET LIGHTS,,,,,,,A,NO PEDESTRIANS INVOLVED,,A,,,1.0,BLOSSOM HILL RD,DA,,,B,,,WINFIELD BL,,,A,8/9/2024 8:51:09 AM,2/10/2025 4:54:23 PM,,,2,,,,,,,
4015717,16-302-0490,2,False,4313,10/28/2016 2:07:00 PM,1407,,1368,4313,San Jose,43,True,True,B,SIDE SWIPE,,Friday,,,,,False,False,True,,C,OTHER MOTOR VEHICLE,,2,0,RAINING,, OTHER* - OTHER*,, ,A,DAYLIGHT,,,,,,,A,NO PEDESTRIANS INVOLVED,,A,22350,,1.0,MONTEREY RD,,,,B,,,SKYWAY DR,,,A,8/9/2024 8:51:09 AM,2/10/2025 4:54:23 PM,,,2,,,,,,,
4015711,16-310-0196,2,False,4313,11/5/2016 7:11:00 AM,711,,1368,4313,San Jose,43,True,True,G,VEHICLE/PEDESTRAIN,,Saturday,,,,,False,True,False,,B,PEDESTRIAN,,1,0,CLEAR,, NO UNUSUAL CONDITIONS - NO UNUSUAL CONDITIONS,, ,C,DARK-STREET LIGHTS,,,,,,,D,CROSSING - NOT IN CROSSWALK,,D,,,,MCKEE RD,FOOTH,,,A,E,23.0,RT 680,F,,D,8/9/2024 8:51:09 AM,2/10/2025 4:54:23 PM,,,2,,,,,,,
4015706,16-287-0589,2,False,4313,10/13/2016 3:58:00 PM,1558,T4,1368,4313,San Jose,43,True,True,A,HEAD-ON,,Thursday,,,,,False,False,True,,I,FIXED OBJECT,,3,0,CLEAR,, NO UNUSUAL CONDITIONS - NO UNUSUAL CONDITIONS,, ,A,DAYLIGHT,,,,,,,A,NO PEDESTRIANS INVOLVED,,A,22350,,1.0,MERIDIAN AV,,,,A,N,66.0,CITY LIGHT POLE 17K357,F,,A,8/9/2024 8:51:08 AM,2/10/2025 4:54:23 PM,,,2,,,,,,,
4015678,16-281-0011,2,False,4313,10/8/2016 12:08:00 AM,8,N1,1368,4313,San Jose,43,True,True,C,REAR END,,Saturday,,,,,False,False,False,,C,OTHER MOTOR VEHICLE,,1,0,CLEAR,, NO UNUSUAL CONDITIONS - NO UNUSUAL CONDITIONS,, ,C,DARK-STREET LIGHTS,,,,,,,A,NO PEDESTRIANS INVOLVED,,A,22350,,1.0,MILLER AV,WESTE,,,A,S,9.0,POLE 14E317,F,,D,8/9/2024 8:51:06 AM,2/10/2025 4:54:23 PM,,,2,,,,,,,
4015638,16-282-0447,2,False,4313,10/8/2016 1:00:00 PM,1300,L5,1368,4313,San Jose,43,True,True,B,SIDE SWIPE,,Saturday,,,,,False,False,False,,C,OTHER MOTOR VEHICLE,,1,0,CLEAR,, NO UNUSUAL CONDITIONS - NO UNUSUAL CONDITIONS,, ,A,DAYLIGHT,,,,,,,A,NO PEDESTRIANS INVOLVED,,A,22106,,1.0,SENTER RD,DL,,,A,S,34.0,LIGHT POLE #140162,F,,D,8/9/2024 8:51:03 AM,2/10/2025 4:54:22 PM,,,2,,,,,,,
4015636,16-277-0502,2,False,4313,10/3/2016 1:11:00 PM,1311,P5,1368,4313,San Jose,43,True,True,A,HEAD-ON,,Monday,,,,,False,False,False,,J,OTHER OBJECT,,1,0,CLOUDY,, NO UNUSUAL CONDITIONS - NO UNUSUAL CONDITIONS,, ,A,DAYLIGHT,,,,,,,A,NO PEDESTRIANS INVOLVED,,A,22106,,1.0,SAN FELIPE RD,FOOTH,,,A,,,SAN FELIPE RD  4888,,,D,8/9/2024 8:51:03 AM,2/10/2025 4:54:22 PM,,,2,,,,,,,
4015635,16-282-0482,2,False,4313,10/8/2016 1:50:00 PM,1350,L1,1368,4313,San Jose,43,True,True,H,OTHER,,Saturday,,,,,False,False,False,,G,BICYCLE,,1,0,CLEAR,, NO UNUSUAL CONDITIONS - NO UNUSUAL CONDITIONS,, ,A,DAYLIGHT,,,,,,,A,NO PEDESTRIANS INVOLVED,,A,22517,,1.0,S 1ST ST,WESTE,,,A,W,15.0,LIGHT POLE #13M698,F,,D,8/9/2024 8:51:03 AM,2/10/2025 4:54:22 PM,,,2,,,,,,,
4015633,16-282-0490,2,False,4313,10/8/2016 1:59:00 PM,1359,R3,1368,4313,San Jose,43,True,True,B,SIDE SWIPE,,Saturday,,,,,False,True,True,,C,OTHER MOTOR VEHICLE,,1,0,CLEAR,, NO UNUSUAL CONDITIONS - NO UNUSUAL CONDITIONS,, ,A,DAYLIGHT,,,,,,,A,NO PEDESTRIANS INVOLVED,,A,22450,,1.0,OLD BAYSHORE HWY,ROBER,,,A,,,4TH ST,,,A,8/9/2024 8:51:03 AM,2/10/2025 4:54:22 PM,,,2,,,,,,,
4015632,16-281-0292,2,False,4313,10/7/2016 10:29:00 AM,1029,R1,1368,4313,San Jose,43,True,True,A,HEAD-ON,,Friday,,,,,False,False,True,,C,OTHER MOTOR VEHICLE,,3,0,CLEAR,, NO UNUSUAL CONDITIONS - NO UNUSUAL CONDITIONS,, ,A,DAYLIGHT,,,,,,,A,NO PEDESTRIANS INVOLVED,,A,21453A,,1.0,TRIMBLE RD,CENTR,,,A,,,ORCHARD PKWY,,,A,8/9/2024 8:51:02 AM,2/10/2025 4:54:22 PM,,,2,,,,,,,
4015631,16-281=0570,2,False,4313,10/7/2016 3:57:00 PM,1557,N1,1368,4313,San Jose,43,True,True,D,BROADSIDE,,Friday,,,,,False,False,False,,G,BICYCLE,,1,0,CLEAR,, NO UNUSUAL CONDITIONS - NO UNUSUAL CONDITIONS,, ,A,DAYLIGHT,,,,,,,A,NO PEDESTRIANS INVOLVED,,A,21453A,,1.0,DE ANZA BL,NORA,,,A,,,KENTWOOD AV,,,A,8/9/2024 8:51:02 AM,2/10/2025 4:54:22 PM,,,2,,,,,,,
4015630,16-282-0503,2,False,4313,10/8/2016 2:13:00 PM,1413,V4,1368,4313,San Jose,43,True,True,,,,Saturday,,,,,False,False,True,,C,OTHER MOTOR VEHICLE,,2,0,CLEAR,, NO UNUSUAL CONDITIONS - NO UNUSUAL CONDITIONS,, ,A,DAYLIGHT,,,,,,,A,NO PEDESTRIANS INVOLVED,,A,22450,,1.0,E ST JOHN ST,CENTR,,,,,,N 13TH ST,,,A,8/9/2024 8:51:02 AM,2/10/2025 4:54:22 PM,,,2,,,,,,,
4015629,16-281-0580,2,False,4313,10/7/2016 4:05:00 PM,1605,A1,1368,4313,San Jose,43,True,True,B,SIDE SWIPE,,Friday,,,,,False,False,True,,C,OTHER MOTOR VEHICLE,,1,0,CLEAR,, NO UNUSUAL CONDITIONS - NO UNUSUAL CONDITIONS,, ,A,DAYLIGHT,,,,,,,A,NO PEDESTRIANS INVOLVED,,A,22107,,1.0,BLOSSOM WOOD DR,SOUTH,,,A,N,39.0,SAN JOSE POLI 19155,F,,A,8/9/2024 8:51:02 AM,2/10/2025 4:54:22 PM,,,2,,,,,,,
4015628,16-282-0021,2,False,4313,10/7/2016 8:30:00 PM,2030,F5,1368,4313,San Jose,43,True,True,B,SIDE SWIPE,,Friday,,,,,False,False,False,,G,BICYCLE,,1,0,CLEAR,, REDUCED ROADWAY WIDTH - REDUCED ROADWAY WIDTH,, ,C,DARK-STREET LIGHTS,,,,,,,A,NO PEDESTRIANS INVOLVED,,B,,,1.0,S BUENA VISTA AV,DF,,,A,,,SAN CARLOS AV,,,D,8/9/2024 8:51:02 AM,2/10/2025 4:54:22 PM,,,2,,,,,,,
4015626,16-274-0573,2,False,4313,9/30/2016 3:55:00 PM,1555,M5,1368,4313,San Jose,43,True,True,C,REAR END,,Friday,,,,,False,False,False,,,,,1,0,CLEAR,, NO UNUSUAL CONDITIONS - NO UNUSUAL CONDITIONS,, ,A,DAYLIGHT,,,,,,,A,NO PEDESTRIANS INVOLVED,,A,22350,,1.0,STORY RD,FOOTH,,,A,E,50.0,MCGINNESS AV,F,,A,8/9/2024 8:51:02 AM,2/10/2025 4:54:22 PM,,,2,,,,,,,
4015625,162810517,2,False,4313,10/7/2016 2:57:00 PM,1457,C5,1368,4313,San Jose,43,True,True,C,REAR END,,Friday,,,,,False,False,False,,C,OTHER MOTOR VEHICLE,,2,0,CLEAR,, NO UNUSUAL CONDITIONS - NO UNUSUAL CONDITIONS,, ,A,DAYLIGHT,,,,,,,A,NO PEDESTRIANS INVOLVED,,A,22350,,1.0,MCGINNESS AV,FOOTH,,,A,,,SUSSEX DR,,,D,8/9/2024 8:51:02 AM,2/10/2025 4:54:21 PM,,,2,,,,,,,
4015618,16-288-0714,2,False,4313,10/14/2016 7:00:00 PM,1900,X4,1368,4313,San Jose,43,True,True,E,HIT OBJECT,,Friday,,,,,False,False,True,,I,FIXED OBJECT,,1,0,CLOUDY,, NO UNUSUAL CONDITIONS - NO UNUSUAL CONDITIONS,, ,C,DARK-STREET LIGHTS,,,,,,,A,NO PEDESTRIANS INVOLVED,,A,22350,,1.0,CHYNOWETH AV,,,,B,,,MANGO BLOSSOM CT,,,D,8/9/2024 8:51:01 AM,2/10/2025 4:54:21 PM,,,2,,,,,,,
4015617,16-283-0485,2,False,4313,10/9/2016 2:30:00 PM,1430,P-4,1368,4313,San Jose,43,True,True,D,BROADSIDE,,Sunday,,,,,False,False,True,,C,OTHER MOTOR VEHICLE,,1,0,CLEAR,, NO UNUSUAL CONDITIONS - NO UNUSUAL CONDITIONS,, ,A,DAYLIGHT,,,,,,,A,NO PEDESTRIANS INVOLVED,,A,21804,,1.0,ABORN RD,,,,A,,,ABORN CT,,,,8/9/2024 8:51:01 AM,2/10/2025 4:54:21 PM,,,2,,,,,,,
4015615,16-275-0566,2,False,4313,10/1/2016 2:50:00 PM,1450,N6,1368,4313,San Jose,43,True,True,G,VEHICLE/PEDESTRAIN,,Saturday,,,,,False,False,False,,B,PEDESTRIAN,,1,0,CLEAR,, NO UNUSUAL CONDITIONS - NO UNUSUAL CONDITIONS,, ,A,DAYLIGHT,,,,,,,F,NOT IN ROAD,,A,22106,,1.0,LYLE DR,,,,A,S,93.0,ENGLISH DR,F,,D,8/9/2024 8:51:01 AM,2/10/2025 4:54:21 PM,,,2,,,,,,,
4015611,16-283-0862,2,False,4313,10/9/2016 9:43:00 PM,2143,C1,1368,4313,San Jose,43,True,True,D,BROADSIDE,,Sunday,,,,,False,False,True,,C,OTHER MOTOR VEHICLE,,1,0,CLEAR,, NO UNUSUAL CONDITIONS - NO UNUSUAL CONDITIONS,, ,B,DUSK-DAWN,,,,,,,A,NO PEDESTRIANS INVOLVED,,A,21453A,,1.0,STORY RD,,,,A,,,ADRIAN WY,,,A,8/9/2024 8:51:01 AM,2/10/2025 4:54:21 PM,,,2,,,,,,,
4015608,16-282-0063,2,False,4313,10/8/2016 1:04:00 AM,104,E2,1368,4313,San Jose,43,True,True,B,SIDE SWIPE,,Saturday,,,,,False,False,True,,C,OTHER MOTOR VEHICLE,,1,0,CLEAR,, NO UNUSUAL CONDITIONS - NO UNUSUAL CONDITIONS,, ,C,DARK-STREET LIGHTS,,,,,,,A,NO PEDESTRIANS INVOLVED,,A,21651A,,1.0,SANTA CLARA ST,,,,A,,,3RD ST,,,A,8/9/2024 8:51:00 AM,2/10/2025 4:54:21 PM,,,2,,,,,,,
4015607,16-277-0563,2,False,4313,10/3/2016 2:37:00 PM,1437,Y3,1368,4313,San Jose,43,True,True,C,REAR END,,Monday,,,,,False,False,True,,E,PARKED MOTOR VEHICLE,,1,0,CLEAR,, NO UNUSUAL CONDITIONS - NO UNUSUAL CONDITIONS,, ,A,DAYLIGHT,,,,,,,A,NO PEDESTRIANS INVOLVED,,A,22350,,1.0,PALMIA,SOUTH,,,A,,,PALM VALLEY BL,,,D,8/9/2024 8:51:00 AM,2/10/2025 4:54:21 PM,,,2,,,,,,,
4015605,16-276-0635,2,False,4313,10/2/2016 5:52:00 PM,1752,C6,1368,4313,San Jose,43,True,True,D,BROADSIDE,,Sunday,,,,,False,False,False,,G,BICYCLE,,1,0,CLEAR,, OBSTRUCTION ON ROADWAY* - OBSTRUCTION ON ROADWAY*,, ,B,DUSK-DAWN,,,,,,,A,NO PEDESTRIANS INVOLVED,,A,21804A,,1.0,REGAN ST,DC,,,A,,,REGAN ST 10261,,,D,8/9/2024 8:51:00 AM,2/10/2025 4:54:21 PM,,,2,,,,,,,
4015588,16-278-0406,2,False,4313,10/4/2016 12:05:00 PM,1205,P4,1368,4313,San Jose,43,True,True,B,SIDE SWIPE,,Tuesday,,,,,False,False,True,,A,NON-COLLISION,,1,0,CLEAR,, ,, ,A,DAYLIGHT,,,,,,,A,NO PEDESTRIANS INVOLVED,,A,21801A,,1.0,WHITE RD,DP,,,A,S,125.0,DAMICO,F,,A,8/9/2024 8:50:59 AM,2/10/2025 4:54:21 PM,,,2,,,,,,,
4015587,16-275-0568,2,False,4313,10/1/2016 2:54:00 PM,1454,L6,1368,4313,San Jose,43,True,True,E,HIT OBJECT,,Saturday,,,,,False,False,False,,I,FIXED OBJECT,,1,0,CLEAR,, NO UNUSUAL CONDITIONS - NO UNUSUAL CONDITIONS,, ,A,DAYLIGHT,,,,,,,A,NO PEDESTRIANS INVOLVED,,A,,,,CAPITOL EXPWY,CENTR,,,A,,,MCLAUGHLIN,,,D,8/9/2024 8:50:59 AM,2/10/2025 4:54:21 PM,,,2,,,,,,,
4015586,16-276-0223,2,False,4313,10/2/2016 7:33:00 AM,733,L3,1368,4313,San Jose,43,True,True,A,HEAD-ON,,Sunday,,,,,False,False,False,,C,OTHER MOTOR VEHICLE,,0,0,CLEAR,, NO UNUSUAL CONDITIONS - NO UNUSUAL CONDITIONS,, ,A,DAYLIGHT,,,,,,,A,NO PEDESTRIANS INVOLVED,,A,22350,,1.0,TULLY RD,,,,A,,,MCLAUGHLIN AV,,,A,8/9/2024 8:50:59 AM,2/10/2025 4:54:21 PM,,,2,,,,,,,
4015584,16-277-0427,2,False,4313,10/3/2016 11:50:00 AM,1150,M4,1368,4313,San Jose,43,True,True,E,HIT OBJECT,,Monday,,,,,False,False,True,,I,FIXED OBJECT,,1,0,CLOUDY,, NO UNUSUAL CONDITIONS - NO UNUSUAL CONDITIONS,, ,A,DAYLIGHT,,,,,,,A,NO PEDESTRIANS INVOLVED,,D,,,,KAMMERER AV,PM,,,A,,,MCCREERY AV,,,D,8/9/2024 8:50:58 AM,2/10/2025 4:54:21 PM,,,2,,,,,,,
4015569,16-283-0869,2,False,4313,10/9/2016 9:49:00 PM,2149,L2,1368,4313,San Jose,43,True,True,E,HIT OBJECT,,Sunday,,,,,False,False,True,,I,FIXED OBJECT,,1,0,CLEAR,, NO UNUSUAL CONDITIONS - NO UNUSUAL CONDITIONS,, ,C,DARK-STREET LIGHTS,,,,,,,A,NO PEDESTRIANS INVOLVED,,C,,,,STORY RD,WESTE,,,A,,,LUCRETIA AV,,,A,8/9/2024 8:50:57 AM,2/10/2025 4:54:20 PM,,,2,,,,,,,
4015568,16 284 0140,2,False,4313,10/10/2016 7:04:00 AM,704,F2,1368,4313,San Jose,43,True,True,C,REAR END,,Monday,,,,,False,False,False,,C,OTHER MOTOR VEHICLE,,1,0,CLEAR,, NO UNUSUAL CONDITIONS - NO UNUSUAL CONDITIONS,, ,B,DUSK-DAWN,,,,,,,A,NO PEDESTRIANS INVOLVED,,A,22350,,1.0,STEVENS CREEK BL,WESTE,,,A,E,70.0,MONROE ST,F,,A,8/9/2024 8:50:57 AM,2/10/2025 4:54:20 PM,,,2,,,,,,,
4015566,16 282 0585,2,False,4313,10/8/2016 4:00:00 PM,1600,W4,1368,4313,San Jose,43,True,True,D,BROADSIDE,,Saturday,,,,,False,False,True,,C,OTHER MOTOR VEHICLE,,2,0,CLEAR,, NO UNUSUAL CONDITIONS - NO UNUSUAL CONDITIONS,, ,A,DAYLIGHT,,,,,,,A,NO PEDESTRIANS INVOLVED,,A,21804A,,1.0,MCKEE RD,FOOTH,,,A,W,23.0,LIGHT POLE #9122,F,,A,8/9/2024 8:50:57 AM,2/10/2025 4:54:20 PM,,,2,,,,,,,
4015565,16-282-0999,2,False,4313,10/8/2016 10:19:00 PM,2219,M4,1368,4313,San Jose,43,True,True,D,BROADSIDE,,Saturday,,,,,False,False,False,,G,BICYCLE,,1,0,CLEAR,, NO UNUSUAL CONDITIONS - NO UNUSUAL CONDITIONS,, ,C,DARK-STREET LIGHTS,,,,,,,A,NO PEDESTRIANS INVOLVED,,A,21950A,,1.0,EAST SAN ANTONIO ST,FOOTH,,,A,,,LYNETTE WY,,,D,8/9/2024 8:50:57 AM,2/10/2025 4:54:20 PM,,,2,,,,,,,
4015564,16-283-0510,2,False,4313,10/9/2016 3:04:00 PM,1504,V3,1368,4313,San Jose,43,True,True,,,,Sunday,,,,,False,False,True,,C,OTHER MOTOR VEHICLE,,5,0,CLEAR,, NO UNUSUAL CONDITIONS - NO UNUSUAL CONDITIONS,, ,A,DAYLIGHT,,,,,,,A,NO PEDESTRIANS INVOLVED,,A,21453A,,1.0,4TH ST,,,,A,,,JULIAN ST,,,A,8/9/2024 8:50:57 AM,2/10/2025 4:54:20 PM,,,2,,,,,,,
4015563,16-283-0322,2,False,4313,10/9/2016 10:22:00 AM,1022,P2,1368,4313,San Jose,43,True,True,D,BROADSIDE,,Sunday,,,,,False,False,True,,C,OTHER MOTOR VEHICLE,,1,0,CLEAR,, NO UNUSUAL CONDITIONS - NO UNUSUAL CONDITIONS,, ,A,DAYLIGHT,,,,,,,A,NO PEDESTRIANS INVOLVED,,A,22450A,,1.0,RUBY AV,FOOTH,,,A,,,NORWOOD AV,,,D,8/9/2024 8:50:57 AM,2/10/2025 4:54:20 PM,,,2,,,,,,,
4015562,16-283-0571,2,False,4313,10/9/2016 5:06:00 PM,1706,P1,1368,4313,San Jose,43,True,True,G,VEHICLE/PEDESTRAIN,,Sunday,,,,,False,False,False,,B,PEDESTRIAN,,1,0,CLEAR,, NO UNUSUAL CONDITIONS - NO UNUSUAL CONDITIONS,, ,A,DAYLIGHT,,,,,,,D,CROSSING - NOT IN CROSSWALK,,A,22350,,1.0,SOUTH KING RD,PAUL,,,A,W,3.0,KING RD,F,,A,8/9/2024 8:50:57 AM,2/10/2025 4:54:20 PM,,,2,,,,,,,
4015561,16-283-0520,2,False,4313,10/9/2016 3:15:00 PM,1515,R4,1368,4313,San Jose,43,True,True,,,,Sunday,,,,,False,False,False,,C,OTHER MOTOR VEHICLE,,1,0,CLEAR,, NO UNUSUAL CONDITIONS - NO UNUSUAL CONDITIONS,, ,A,DAYLIGHT,,,,,,,A,NO PEDESTRIANS INVOLVED,,A,22350,,1.0,COMMERCIAL ST,CENTR,,,A,,,OAKLAND RD,,,A,8/9/2024 8:50:57 AM,2/10/2025 4:54:20 PM,,,2,,,,,,,
4015560,16-283-0257,2,False,4313,10/9/2016 8:36:00 AM,836,S3,1368,4313,San Jose,43,True,True,D,BROADSIDE,,Sunday,,,,,False,False,True,,C,OTHER MOTOR VEHICLE,,2,0,CLEAR,, NO UNUSUAL CONDITIONS - NO UNUSUAL CONDITIONS,, ,A,DAYLIGHT,,,,,,,,,,A,21453A,,1.0,BIRD AV,WESTE,,,A,,,WILLOW ST,,,A,8/9/2024 8:50:57 AM,2/10/2025 4:54:20 PM,,,2,,,,,,,
4015559,16-284-0860,2,False,4313,10/10/2016 9:50:00 PM,2150,T4,1368,4313,San Jose,43,True,True,E,HIT OBJECT,,Monday,,,,,False,False,True,,I,FIXED OBJECT,,1,0,CLEAR,, NO UNUSUAL CONDITIONS - NO UNUSUAL CONDITIONS,, ,D,DARK-NO STREET LIGHTS,,,,,,,A,NO PEDESTRIANS INVOLVED,,A,21755,,1.0,FOXWORTHY AV,SOUTH,,,A,W,26.0,WOODGATE CT,F,,D,8/9/2024 8:50:56 AM,2/10/2025 4:54:20 PM,,,2,,,,,,,
4015558,16-282-0568,2,False,4313,10/8/2016 3:42:00 PM,1542,P3,1368,4313,San Jose,43,True,True,D,BROADSIDE,,Saturday,,,,,False,False,True,,C,OTHER MOTOR VEHICLE,,2,0,CLEAR,, NO UNUSUAL CONDITIONS - NO UNUSUAL CONDITIONS,, ,A,DAYLIGHT,,,,,,,A,NO PEDESTRIANS INVOLVED,,A,21804,,1.0,FONTAINE RD,,,,A,W,15.0,CITY POLE #13P254,F,,D,8/9/2024 8:50:56 AM,2/10/2025 4:54:20 PM,,,2,,,,,,,
4015557,16285 0548,2,False,4313,10/11/2016 3:06:00 PM,1506,N3,1368,4313,San Jose,43,True,True,,,,Tuesday,,,,,False,True,True,,C,OTHER MOTOR VEHICLE,,1,0,CLEAR,, NO UNUSUAL CONDITIONS - NO UNUSUAL CONDITIONS,, ,A,DAYLIGHT,,,,,,,A,NO PEDESTRIANS INVOLVED,,A,21453A,,1.0,LAWRENCE EXPWY,WESTE,,,A,,,RT 280 OVERPASS,,,A,8/9/2024 8:50:56 AM,2/10/2025 4:54:20 PM,,,2,,,,,,,
4015552,16-271-0697,2,False,4313,9/27/2016 4:40:00 PM,1640,K4,1368,4313,San Jose,43,True,True,B,SIDE SWIPE,,Tuesday,,,,,False,False,False,,G,BICYCLE,,1,0,,, NO UNUSUAL CONDITIONS - NO UNUSUAL CONDITIONS,, ,A,DAYLIGHT,,,,,,,A,NO PEDESTRIANS INVOLVED,,D,,,,N 24TH ST,CENTR,,,A,,,E JULIAN ST,,,D,8/9/2024 8:50:56 AM,2/10/2025 4:54:20 PM,,,2,,,,,,,
4015548,16-280-0808,2,False,4313,10/6/2016 7:39:00 PM,1939,X3,1368,4313,San Jose,43,True,True,A,HEAD-ON,,Thursday,,,,,False,False,True,,C,OTHER MOTOR VEHICLE,,3,0,CLEAR,, NO UNUSUAL CONDITIONS - NO UNUSUAL CONDITIONS,, ,C,DARK-STREET LIGHTS,,,,,,,A,NO PEDESTRIANS INVOLVED,,A,22107,,1.0,CONTINENTAL DR,SOUTH,,,A,,,SERENADE WY,,,D,8/9/2024 8:50:56 AM,2/10/2025 4:54:20 PM,,,2,,,,,,,
4015546,16-280-0789,2,False,4313,10/6/2016 7:20:00 PM,1920,W3,1368,4313,San Jose,43,True,True,B,SIDE SWIPE,,Thursday,,,,,False,False,True,,E,PARKED MOTOR VEHICLE,,0,0,CLEAR,, NO UNUSUAL CONDITIONS - NO UNUSUAL CONDITIONS,, ,C,DARK-STREET LIGHTS,,,,,,,A,NO PEDESTRIANS INVOLVED,,D,,,,TOYON AV,FOOTH,,,A,N,88.0,CITY LIGHT POLE #8P124,F,,A,8/9/2024 8:50:55 AM,2/10/2025 4:54:20 PM,,,2,,,,,,,
4015542,16-277-0298,2,False,4313,10/3/2016 8:50:00 AM,850,V 2,1368,4313,San Jose,43,True,True,C,REAR END,,Monday,,,,,False,False,True,,C,OTHER MOTOR VEHICLE,,3,0,CLOUDY,, NO UNUSUAL CONDITIONS - NO UNUSUAL CONDITIONS,, ,A,DAYLIGHT,,,,,,,A,NO PEDESTRIANS INVOLVED,,A,22350,,1.0,E TAYLOR ST,CENTR,,,A,W,90.0,N 5TH ST,F,,A,8/9/2024 8:50:55 AM,2/10/2025 4:54:20 PM,,,2,,,,,,,
4015541,16-281-0254,2,False,4313,10/7/2016 9:44:00 AM,944,R1,1368,4313,San Jose,43,True,True,C,REAR END,,Friday,,,,,False,False,False,,C,OTHER MOTOR VEHICLE,,2,0,CLEAR,, NO UNUSUAL CONDITIONS - NO UNUSUAL CONDITIONS,, ,A,DAYLIGHT,,,,,,,A,NO PEDESTRIANS INVOLVED,,A,22350,,1.0,N 1ST ST,,,,A,,,HEADQUARTERS DR,,,A,8/9/2024 8:50:55 AM,2/10/2025 4:54:20 PM,,,2,,,,,,,
4015540,16-275-0425,2,False,4313,10/1/2016 11:45:00 AM,1145,L6,1368,4313,San Jose,43,True,True,,,,Saturday,,,,,False,False,True,,C,OTHER MOTOR VEHICLE,,2,0,CLEAR,, NO UNUSUAL CONDITIONS - NO UNUSUAL CONDITIONS,, ,A,DAYLIGHT,,,,,,,A,NO PEDESTRIANS INVOLVED,,A,22350,,1.0,YERBA BUENA RD,DL,,,A,,,MCLAUGHLIN AV,,,A,8/9/2024 8:50:55 AM,2/10/2025 4:54:20 PM,,,2,,,,,,,
4015538,16-276-0716,2,False,4313,10/2/2016 7:28:00 PM,1928,L2,1368,4313,San Jose,43,True,True,A,HEAD-ON,,Sunday,,,,,False,False,True,,C,OTHER MOTOR VEHICLE,,1,0,CLEAR,, NO UNUSUAL CONDITIONS - NO UNUSUAL CONDITIONS,, ,C,DARK-STREET LIGHTS,,,,,,,A,NO PEDESTRIANS INVOLVED,,A,21650,,1.0,MCLAUGHLIN,WESTE,,,A,S,66.0,LIGHTPOLE 110232,F,,A,8/9/2024 8:50:55 AM,2/10/2025 4:54:20 PM,,,2,,,,,,,
4015536,16-276-0498,2,False,4313,10/2/2016 2:49:00 PM,1449,X2,1368,4313,San Jose,43,True,True,C,REAR END,,Sunday,,,,,False,False,False,,C,OTHER MOTOR VEHICLE,,1,0,CLOUDY,, NO UNUSUAL CONDITIONS - NO UNUSUAL CONDITIONS,, ,A,DAYLIGHT,,,,,,,A,NO PEDESTRIANS INVOLVED,,A,21703,,1.0,SEVEN TREES BL,SOUTH,,,A,N,57.0,LIGHTPOST #16P123,F,,A,8/9/2024 8:50:55 AM,2/10/2025 4:54:20 PM,,,2,,,,,,,
4015534,16-277-0216,2,False,4313,10/3/2016 6:42:00 AM,642,W4,1368,4313,San Jose,43,True,True,G,VEHICLE/PEDESTRAIN,,Monday,,,,,False,False,False,,B,PEDESTRIAN,,1,0,CLOUDY,, NO UNUSUAL CONDITIONS - NO UNUSUAL CONDITIONS,, ,B,DUSK-DAWN,,,,,,,B,CROSSING IN CROSS WALK AT INTERSECTION,,A,21950A,,1.0,ALUM ROCK AV,FOOTH,,,A,,,N WHITE RD,,,A,8/9/2024 8:50:54 AM,2/10/2025 4:54:20 PM,,,2,,,,,,,
4015533,16-276-0724,2,False,4313,10/2/2016 7:45:00 PM,1945,L6,1368,4313,San Jose,43,True,True,C,REAR END,,Sunday,,,,,False,True,False,,G,BICYCLE,,1,0,CLEAR,, NO UNUSUAL CONDITIONS - NO UNUSUAL CONDITIONS,, ,A,DAYLIGHT,,,,,,,A,NO PEDESTRIANS INVOLVED,,A,21453A,,1.0,YERBA BUENA,WESTE,,,A,,,RT 101,,,,8/9/2024 8:50:54 AM,2/10/2025 4:54:20 PM,,,2,,,,,,,
4015493,16-202-0271,2,False,4313,7/20/2016 9:15:00 AM,915,W2,1368,4313,San Jose,43,True,True,D,BROADSIDE,,Wednesday,,,F,,False,False,True,,C,OTHER MOTOR VEHICLE,,2,0,CLEAR,, NO UNUSUAL CONDITIONS - NO UNUSUAL CONDITIONS,, ,A,DAYLIGHT,,,,,,,A,NO PEDESTRIANS INVOLVED,,A,21801A,,1.0,PENITENCIA CREEK RD,FOOTH,,,A,,,SUMMERDALE DR,,,D,8/9/2024 8:50:51 AM,2/10/2025 4:54:19 PM,,,2,,,,,,,
4015487,16-281-0179,2,False,4313,10/7/2016 8:11:00 AM,811,E1,1368,4313,San Jose,43,True,True,D,BROADSIDE,,Friday,,,,,False,False,False,,G,BICYCLE,,1,0,CLEAR,, NO UNUSUAL CONDITIONS - NO UNUSUAL CONDITIONS,, ,A,DAYLIGHT,,,,,,,D,CROSSING - NOT IN CROSSWALK,,D,,,,AVZERAIS AV,,,,A,,,TRAFFIC LIGHT POLE  #12L960,,,A,8/9/2024 8:50:51 AM,2/10/2025 4:54:19 PM,,,2,,,,,,,